{
"type": "FeatureCollection",
"name": "condados_reales_reto",
"crs": { "type": "name", "properties": { "name": "urn:ogc:def:crs:EPSG::4269" } },
"features": [
{ "type": "Feature", "properties": { "fipsCode": 39057, "stateAbbr": "OH", "NAME": "Greene", "NAMELSAD": "Greene County" }, "geometry": { "type": "Polygon", "coordinates": [ [ [ -84.114174, 39.57823 ], [ -84.092938, 39.838345 ], [ -84.055053, 39.836211 ], [ -84.053713, 39.850714 ], [ -83.939959, 39.843814 ], [ -83.941289, 39.828838 ], [ -83.827413, 39.82265 ], [ -83.829499, 39.797782 ], [ -83.739475, 39.788957 ], [ -83.740851, 39.78151 ], [ -83.647165, 39.77305 ], [ -83.670196, 39.550254 ], [ -84.114174, 39.57823 ] ] ] } },
{ "type": "Feature", "properties": { "fipsCode": 18137, "stateAbbr": "IN", "NAME": "Ripley", "NAMELSAD": "Ripley County" }, "geometry": { "type": "Polygon", "coordinates": [ [ [ -85.0651, 39.310069 ], [ -85.135832, 38.929578 ], [ -85.202849, 38.928523 ], [ -85.202671, 38.913812 ], [ -85.444897, 38.912998 ], [ -85.440054, 39.195617 ], [ -85.217883, 39.308474 ], [ -85.0651, 39.310069 ] ] ] } },
{ "type": "Feature", "properties": { "fipsCode": 18067, "stateAbbr": "IN", "NAME": "Howard", "NAMELSAD": "Howard County" }, "geometry": { "type": "Polygon", "coordinates": [ [ [ -85.862117, 40.406889 ], [ -86.242812, 40.402914 ], [ -86.242992, 40.373661 ], [ -86.280755, 40.373734 ], [ -86.280829, 40.388339 ], [ -86.309325, 40.388372 ], [ -86.309249, 40.431712 ], [ -86.375762, 40.431851 ], [ -86.374417, 40.561361 ], [ -85.863641, 40.565525 ], [ -85.862117, 40.406889 ] ] ] } },
{ "type": "Feature", "properties": { "fipsCode": 18125, "stateAbbr": "IN", "NAME": "Pike", "NAMELSAD": "Pike County" }, "geometry": { "type": "Polygon", "coordinates": [ [ [ -87.314637, 38.521406 ], [ -87.302302, 38.510426 ], [ -87.288884, 38.51156 ], [ -87.255884, 38.526585 ], [ -87.247608, 38.543562 ], [ -87.237629, 38.545549 ], [ -87.220945, 38.538829 ], [ -87.20347, 38.552238 ], [ -87.175497, 38.543954 ], [ -87.171509, 38.532771 ], [ -87.154714, 38.527381 ], [ -87.156193, 38.518928 ], [ -87.151473, 38.51587 ], [ -87.135367, 38.519153 ], [ -87.13911, 38.526272 ], [ -87.135492, 38.531922 ], [ -87.12322, 38.525102 ], [ -87.118277, 38.535225 ], [ -87.107653, 38.537705 ], [ -87.092495, 38.522645 ], [ -87.081835, 38.520675 ], [ -87.086704, 38.512846 ], [ -87.072369, 38.5147 ], [ -87.073067, 38.232596 ], [ -87.298388, 38.231671 ], [ -87.298264, 38.246022 ], [ -87.316893, 38.246077 ], [ -87.315739, 38.380787 ], [ -87.319153, 38.383066 ], [ -87.320384, 38.377327 ], [ -87.324316, 38.377866 ], [ -87.324072, 38.38366 ], [ -87.327703, 38.377785 ], [ -87.330889, 38.381739 ], [ -87.339687, 38.3788 ], [ -87.34033, 38.38725 ], [ -87.349944, 38.381906 ], [ -87.347675, 38.385946 ], [ -87.357244, 38.387894 ], [ -87.357647, 38.382413 ], [ -87.370031, 38.376907 ], [ -87.372551, 38.38167 ], [ -87.376528, 38.377137 ], [ -87.379841, 38.38347 ], [ -87.385348, 38.3754 ], [ -87.387893, 38.383028 ], [ -87.393472, 38.381915 ], [ -87.393396, 38.376302 ], [ -87.397527, 38.380564 ], [ -87.39817, 38.374647 ], [ -87.407583, 38.375501 ], [ -87.407327, 38.43632 ], [ -87.444549, 38.436125 ], [ -87.444503, 38.465489 ], [ -87.462486, 38.46561 ], [ -87.462892, 38.533519 ], [ -87.435986, 38.52837 ], [ -87.431842, 38.538348 ], [ -87.425463, 38.540684 ], [ -87.420283, 38.528891 ], [ -87.411279, 38.526545 ], [ -87.406214, 38.54044 ], [ -87.385605, 38.538419 ], [ -87.380111, 38.533882 ], [ -87.381389, 38.517863 ], [ -87.369667, 38.512153 ], [ -87.361416, 38.523061 ], [ -87.36993, 38.539228 ], [ -87.358641, 38.54416 ], [ -87.314637, 38.521406 ] ] ] } },
{ "type": "Feature", "properties": { "fipsCode": 39045, "stateAbbr": "OH", "NAME": "Fairfield", "NAMELSAD": "Fairfield County" }, "geometry": { "type": "Polygon", "coordinates": [ [ [ -82.490329, 39.661704 ], [ -82.496123, 39.602849 ], [ -82.617546, 39.608605 ], [ -82.620088, 39.563987 ], [ -82.730272, 39.569066 ], [ -82.731518, 39.554445 ], [ -82.842953, 39.56148 ], [ -82.821496, 39.824271 ], [ -82.802476, 39.822953 ], [ -82.794383, 39.910785 ], [ -82.813096, 39.911663 ], [ -82.810797, 39.941162 ], [ -82.473423, 39.925065 ], [ -82.462813, 39.93038 ], [ -82.472402, 39.837223 ], [ -82.396594, 39.833057 ], [ -82.404246, 39.744605 ], [ -82.366051, 39.74252 ], [ -82.374127, 39.658777 ], [ -82.374531, 39.654959 ], [ -82.490329, 39.661704 ] ] ] } },
{ "type": "Feature", "properties": { "fipsCode": 18153, "stateAbbr": "IN", "NAME": "Sullivan", "NAMELSAD": "Sullivan County" }, "geometry": { "type": "Polygon", "coordinates": [ [ [ -87.240379, 39.259064 ], [ -87.241067, 38.901591 ], [ -87.522939, 38.90239 ], [ -87.516811, 38.904544 ], [ -87.527295, 38.907215 ], [ -87.527715, 38.919232 ], [ -87.518826, 38.923205 ], [ -87.516658, 38.93348 ], [ -87.521765, 38.941117 ], [ -87.512187, 38.954417 ], [ -87.529496, 38.971925 ], [ -87.578319, 38.988786 ], [ -87.560427, 38.992425 ], [ -87.579117, 39.001607 ], [ -87.569696, 39.019413 ], [ -87.580373, 39.040707 ], [ -87.57229, 39.050587 ], [ -87.572588, 39.057286 ], [ -87.596373, 39.079639 ], [ -87.620258, 39.086572 ], [ -87.615684, 39.103316 ], [ -87.652796, 39.106839 ], [ -87.652083, 39.115543 ], [ -87.640761, 39.114372 ], [ -87.635019, 39.122124 ], [ -87.658694, 39.137311 ], [ -87.652782, 39.149435 ], [ -87.642175, 39.157097 ], [ -87.627713, 39.154906 ], [ -87.641806, 39.16374 ], [ -87.637934, 39.168428 ], [ -87.619618, 39.170975 ], [ -87.619603, 39.186032 ], [ -87.606293, 39.18513 ], [ -87.575601, 39.213837 ], [ -87.579319, 39.243552 ], [ -87.572088, 39.247825 ], [ -87.57238, 39.253669 ], [ -87.582387, 39.254764 ], [ -87.592394, 39.247146 ], [ -87.604141, 39.259458 ], [ -87.240379, 39.259064 ] ] ] } },
{ "type": "Feature", "properties": { "fipsCode": 18181, "stateAbbr": "IN", "NAME": "White", "NAMELSAD": "White County" }, "geometry": { "type": "Polygon", "coordinates": [ [ [ -86.581739, 40.735765 ], [ -86.747764, 40.73754 ], [ -86.757283, 40.727002 ], [ -86.756286, 40.721606 ], [ -86.747273, 40.717142 ], [ -86.758687, 40.710203 ], [ -86.761936, 40.700094 ], [ -86.748705, 40.688404 ], [ -86.762176, 40.67952 ], [ -86.742266, 40.679593 ], [ -86.758301, 40.664282 ], [ -86.77423, 40.664026 ], [ -86.771293, 40.562082 ], [ -87.095357, 40.562895 ], [ -87.099793, 40.837607 ], [ -86.986438, 40.837921 ], [ -86.987438, 40.912177 ], [ -86.581532, 40.910925 ], [ -86.581739, 40.735765 ] ] ] } },
{ "type": "Feature", "properties": { "fipsCode": 18113, "stateAbbr": "IN", "NAME": "Noble", "NAMELSAD": "Noble County" }, "geometry": { "type": "Polygon", "coordinates": [ [ [ -85.654747, 41.523347 ], [ -85.194066, 41.526416 ], [ -85.192094, 41.264209 ], [ -85.53718, 41.266157 ], [ -85.536288, 41.295241 ], [ -85.651928, 41.294776 ], [ -85.654747, 41.523347 ] ] ] } },
{ "type": "Feature", "properties": { "fipsCode": 54003, "stateAbbr": "WV", "NAME": "Berkeley", "NAMELSAD": "Berkeley County" }, "geometry": { "type": "Polygon", "coordinates": [ [ [ -77.930868, 39.38117 ], [ -77.946808, 39.380586 ], [ -77.943892, 39.372681 ], [ -77.967107, 39.366974 ], [ -77.961945, 39.359587 ], [ -77.968507, 39.357435 ], [ -77.966648, 39.345868 ], [ -77.981633, 39.349318 ], [ -77.976879, 39.340087 ], [ -77.988159, 39.331893 ], [ -77.987919, 39.325632 ], [ -77.995996, 39.326043 ], [ -77.98803, 39.320323 ], [ -78.005896, 39.306817 ], [ -78.020328, 39.288053 ], [ -78.027234, 39.288419 ], [ -78.02619, 39.280204 ], [ -78.035261, 39.278679 ], [ -78.026024, 39.272585 ], [ -78.033191, 39.264612 ], [ -78.228872, 39.391528 ], [ -78.200023, 39.441182 ], [ -78.173926, 39.521355 ], [ -78.138937, 39.593796 ], [ -78.116025, 39.593894 ], [ -78.093106, 39.582616 ], [ -78.085251, 39.597321 ], [ -78.058959, 39.598381 ], [ -78.043579, 39.61288 ], [ -78.036958, 39.613806 ], [ -78.03418, 39.620792 ], [ -78.02211, 39.619657 ], [ -78.011116, 39.6039 ], [ -78.003548, 39.600658 ], [ -77.977158, 39.599663 ], [ -77.967158, 39.607109 ], [ -77.95504, 39.608078 ], [ -77.950569, 39.603836 ], [ -77.950522, 39.588376 ], [ -77.944307, 39.584485 ], [ -77.938419, 39.587893 ], [ -77.935825, 39.598492 ], [ -77.936131, 39.609881 ], [ -77.944789, 39.615566 ], [ -77.941085, 39.619035 ], [ -77.93276, 39.617609 ], [ -77.92272, 39.604711 ], [ -77.891973, 39.597756 ], [ -77.881151, 39.600979 ], [ -77.884916, 39.615833 ], [ -77.837771, 39.605895 ], [ -77.829685, 39.591083 ], [ -77.836087, 39.566662 ], [ -77.878548, 39.563408 ], [ -77.888771, 39.555586 ], [ -77.865275, 39.538412 ], [ -77.866138, 39.518399 ], [ -77.861176, 39.514293 ], [ -77.841945, 39.518428 ], [ -77.836961, 39.532112 ], [ -77.824966, 39.528736 ], [ -77.826154, 39.516255 ], [ -77.847846, 39.50182 ], [ -77.825101, 39.49324 ], [ -77.84714, 39.446557 ], [ -77.930868, 39.38117 ] ] ] } },
{ "type": "Feature", "properties": { "fipsCode": 42111, "stateAbbr": "PA", "NAME": "Somerset", "NAMELSAD": "Somerset County" }, "geometry": { "type": "Polygon", "coordinates": [ [ [ -78.808387, 39.722911 ], [ -79.392459, 39.721578 ], [ -79.389459, 39.727078 ], [ -79.392659, 39.732678 ], [ -79.409959, 39.734978 ], [ -79.407959, 39.741977 ], [ -79.394058, 39.743277 ], [ -79.398558, 39.758277 ], [ -79.378658, 39.768877 ], [ -79.394958, 39.783377 ], [ -79.383058, 39.782477 ], [ -79.380058, 39.790077 ], [ -79.358557, 39.781377 ], [ -79.351257, 39.786577 ], [ -79.367057, 39.793277 ], [ -79.368849, 39.801458 ], [ -79.363957, 39.806777 ], [ -79.369107, 39.824671 ], [ -79.382068, 39.827082 ], [ -79.381956, 39.836861 ], [ -79.417558, 39.853776 ], [ -79.398718, 39.900628 ], [ -79.387624, 39.915696 ], [ -79.391562, 39.919504 ], [ -79.35412, 39.958064 ], [ -79.342585, 39.982056 ], [ -79.338466, 39.982014 ], [ -79.293884, 40.040446 ], [ -79.278214, 40.050336 ], [ -79.278766, 40.055537 ], [ -79.267166, 40.06601 ], [ -79.264625, 40.078472 ], [ -79.247425, 40.093484 ], [ -79.226672, 40.09825 ], [ -79.220864, 40.112737 ], [ -79.213791, 40.117991 ], [ -79.20295, 40.114926 ], [ -79.19713, 40.118704 ], [ -79.192161, 40.110267 ], [ -79.183619, 40.110686 ], [ -79.167626, 40.128783 ], [ -79.161263, 40.160869 ], [ -79.140025, 40.163899 ], [ -79.143306, 40.179889 ], [ -79.126744, 40.183281 ], [ -79.126157, 40.200391 ], [ -79.1146, 40.205039 ], [ -79.114076, 40.210628 ], [ -79.106981, 40.214306 ], [ -79.109072, 40.218324 ], [ -79.103182, 40.217909 ], [ -79.100286, 40.222344 ], [ -79.104638, 40.224481 ], [ -79.098342, 40.227345 ], [ -79.102446, 40.232165 ], [ -79.095914, 40.23263 ], [ -79.086343, 40.242391 ], [ -79.073659, 40.266579 ], [ -79.057682, 40.27752 ], [ -79.056053, 40.284861 ], [ -78.927109, 40.284733 ], [ -78.924794, 40.278488 ], [ -78.89623, 40.271588 ], [ -78.89718, 40.263534 ], [ -78.884669, 40.244575 ], [ -78.869029, 40.24904 ], [ -78.858807, 40.242526 ], [ -78.851167, 40.245988 ], [ -78.658305, 40.243235 ], [ -78.66141, 40.231104 ], [ -78.676956, 40.211207 ], [ -78.739847, 40.069571 ], [ -78.752016, 40.074917 ], [ -78.763206, 40.057005 ], [ -78.757241, 39.823484 ], [ -78.767041, 39.795384 ], [ -78.808387, 39.722911 ] ] ] } },
{ "type": "Feature", "properties": { "fipsCode": 39101, "stateAbbr": "OH", "NAME": "Marion", "NAMELSAD": "Marion County" }, "geometry": { "type": "Polygon", "coordinates": [ [ [ -83.304687, 40.702006 ], [ -82.858302, 40.705019 ], [ -82.859753, 40.646395 ], [ -82.957817, 40.645148 ], [ -82.958401, 40.490664 ], [ -83.016785, 40.484511 ], [ -83.020798, 40.433795 ], [ -83.248595, 40.443989 ], [ -83.248289, 40.507078 ], [ -83.41867, 40.505229 ], [ -83.415624, 40.515366 ], [ -83.419831, 40.687278 ], [ -83.304997, 40.687032 ], [ -83.304687, 40.702006 ] ] ] } },
{ "type": "Feature", "properties": { "fipsCode": 18167, "stateAbbr": "IN", "NAME": "Vigo", "NAMELSAD": "Vigo County" }, "geometry": { "type": "Polygon", "coordinates": [ [ [ -87.240379, 39.259064 ], [ -87.605543, 39.261122 ], [ -87.601393, 39.27439 ], [ -87.608543, 39.277187 ], [ -87.609767, 39.284714 ], [ -87.597946, 39.299479 ], [ -87.605348, 39.303217 ], [ -87.617786, 39.301257 ], [ -87.620589, 39.307046 ], [ -87.60592, 39.311076 ], [ -87.589084, 39.333831 ], [ -87.578331, 39.340343 ], [ -87.5544, 39.340488 ], [ -87.544013, 39.352907 ], [ -87.531646, 39.347888 ], [ -87.532194, 39.607306 ], [ -87.199012, 39.607137 ], [ -87.200107, 39.519858 ], [ -87.238964, 39.52062 ], [ -87.240379, 39.259064 ] ] ] } },
{ "type": "Feature", "properties": { "fipsCode": 18039, "stateAbbr": "IN", "NAME": "Elkhart", "NAMELSAD": "Elkhart County" }, "geometry": { "type": "Polygon", "coordinates": [ [ [ -86.062575, 41.760513 ], [ -85.65975, 41.759068 ], [ -85.653507, 41.436856 ], [ -86.05923, 41.435812 ], [ -86.062575, 41.760513 ] ] ] } },
{ "type": "Feature", "properties": { "fipsCode": 18135, "stateAbbr": "IN", "NAME": "Randolph", "NAMELSAD": "Randolph County" }, "geometry": { "type": "Polygon", "coordinates": [ [ [ -84.803672, 40.310093 ], [ -84.810825, 40.005077 ], [ -85.213496, 40.00438 ], [ -85.218758, 40.306706 ], [ -84.803672, 40.310093 ] ] ] } },
{ "type": "Feature", "properties": { "fipsCode": 39095, "stateAbbr": "OH", "NAME": "Lucas", "NAMELSAD": "Lucas County" }, "geometry": { "type": "Polygon", "coordinates": [ [ [ -83.164511, 41.623247 ], [ -83.569934, 41.61715 ], [ -83.612734, 41.570751 ], [ -83.625634, 41.570051 ], [ -83.636135, 41.560251 ], [ -83.644935, 41.560751 ], [ -83.665635, 41.549251 ], [ -83.680084, 41.546859 ], [ -83.699736, 41.533952 ], [ -83.709496, 41.522492 ], [ -83.712432, 41.492856 ], [ -83.736417, 41.482004 ], [ -83.747217, 41.466216 ], [ -83.776986, 41.46286 ], [ -83.781681, 41.449341 ], [ -83.815731, 41.432892 ], [ -83.84562, 41.425028 ], [ -83.85426, 41.414451 ], [ -83.883234, 41.414503 ], [ -83.882443, 41.617517 ], [ -83.877368, 41.617547 ], [ -83.880391, 41.720212 ], [ -83.415851, 41.733794 ], [ -83.11246, 41.95941 ], [ -83.069312, 41.864217 ], [ -82.995572, 41.828969 ], [ -83.164511, 41.623247 ] ] ] } },
{ "type": "Feature", "properties": { "fipsCode": 39029, "stateAbbr": "OH", "NAME": "Columbiana", "NAMELSAD": "Columbiana County" }, "geometry": { "type": "Polygon", "coordinates": [ [ [ -80.51915, 40.900326 ], [ -80.518991, 40.638801 ], [ -80.551126, 40.628847 ], [ -80.572614, 40.615205 ], [ -80.582328, 40.614904 ], [ -80.600266, 40.625389 ], [ -80.627827, 40.619679 ], [ -80.66354, 40.590768 ], [ -80.667957, 40.582496 ], [ -80.74732, 40.583327 ], [ -80.747112, 40.596991 ], [ -80.861994, 40.599404 ], [ -80.860822, 40.64257 ], [ -80.918125, 40.643464 ], [ -80.917172, 40.726934 ], [ -81.087289, 40.727816 ], [ -81.086679, 40.901609 ], [ -80.896032, 40.900995 ], [ -80.895813, 40.930187 ], [ -80.891285, 40.9302 ], [ -80.821635, 40.929775 ], [ -80.821923, 40.900935 ], [ -80.51915, 40.900326 ] ] ] } },
{ "type": "Feature", "properties": { "fipsCode": 18033, "stateAbbr": "IN", "NAME": "DeKalb", "NAMELSAD": "DeKalb County" }, "geometry": { "type": "Polygon", "coordinates": [ [ [ -84.804687, 41.530134 ], [ -84.803592, 41.270933 ], [ -85.192094, 41.264209 ], [ -85.194084, 41.526437 ], [ -84.804687, 41.530134 ] ] ] } },
{ "type": "Feature", "properties": { "fipsCode": 42017, "stateAbbr": "PA", "NAME": "Bucks", "NAMELSAD": "Bucks County" }, "geometry": { "type": "Polygon", "coordinates": [ [ [ -75.060694, 40.421333 ], [ -75.028633, 40.403971 ], [ -74.99586, 40.410384 ], [ -74.966552, 40.398154 ], [ -74.939711, 40.338006 ], [ -74.90831, 40.316907 ], [ -74.891609, 40.313007 ], [ -74.868208, 40.295206 ], [ -74.842308, 40.250508 ], [ -74.771437, 40.215176 ], [ -74.754305, 40.185209 ], [ -74.737205, 40.177609 ], [ -74.722325, 40.160727 ], [ -74.724369, 40.146412 ], [ -74.741184, 40.135165 ], [ -74.759721, 40.133804 ], [ -74.784168, 40.120477 ], [ -74.822531, 40.126844 ], [ -74.835868, 40.103466 ], [ -74.854609, 40.09327 ], [ -74.862756, 40.082945 ], [ -74.907318, 40.0708 ], [ -74.92982, 40.069793 ], [ -74.973981, 40.048595 ], [ -74.985186, 40.057106 ], [ -74.971299, 40.075841 ], [ -74.963266, 40.077241 ], [ -74.958382, 40.083957 ], [ -74.955777, 40.095103 ], [ -74.961787, 40.097773 ], [ -74.96474, 40.11857 ], [ -74.982515, 40.119989 ], [ -74.99435, 40.126219 ], [ -74.993894, 40.131883 ], [ -74.997885, 40.127816 ], [ -75.483858, 40.418634 ], [ -75.409733, 40.487984 ], [ -75.266366, 40.57758 ], [ -75.196803, 40.60858 ], [ -75.189268, 40.589919 ], [ -75.195496, 40.578627 ], [ -75.184907, 40.568308 ], [ -75.162314, 40.564193 ], [ -75.140172, 40.57537 ], [ -75.116394, 40.573064 ], [ -75.099827, 40.567398 ], [ -75.068425, 40.54198 ], [ -75.062664, 40.480439 ], [ -75.070678, 40.456794 ], [ -75.060694, 40.421333 ] ] ] } },
{ "type": "Feature", "properties": { "fipsCode": 42081, "stateAbbr": "PA", "NAME": "Lycoming", "NAMELSAD": "Lycoming County" }, "geometry": { "type": "Polygon", "coordinates": [ [ [ -76.880963, 41.158044 ], [ -76.896114, 41.13907 ], [ -76.960229, 41.148801 ], [ -76.977939, 41.087883 ], [ -77.068236, 41.085231 ], [ -77.113839, 41.069032 ], [ -77.164278, 41.068708 ], [ -77.275589, 41.179105 ], [ -77.292256, 41.185304 ], [ -77.292404, 41.197147 ], [ -77.320891, 41.218932 ], [ -77.351356, 41.220176 ], [ -77.349627, 41.228873 ], [ -77.370088, 41.23268 ], [ -77.424945, 41.273103 ], [ -77.429878, 41.28263 ], [ -77.445158, 41.287762 ], [ -77.455601, 41.303997 ], [ -77.471294, 41.31331 ], [ -77.476272, 41.338525 ], [ -77.499931, 41.353953 ], [ -77.526663, 41.358563 ], [ -77.53791, 41.36528 ], [ -77.549758, 41.394915 ], [ -77.575209, 41.420498 ], [ -77.584671, 41.441301 ], [ -77.597282, 41.441056 ], [ -77.599278, 41.542271 ], [ -76.960315, 41.551379 ], [ -76.963046, 41.556268 ], [ -76.947162, 41.568148 ], [ -76.92657, 41.571091 ], [ -76.917321, 41.58274 ], [ -76.882886, 41.588375 ], [ -76.874714, 41.596919 ], [ -76.813731, 41.590034 ], [ -76.749497, 41.405572 ], [ -76.592532, 41.304332 ], [ -76.447597, 41.275629 ], [ -76.592607, 41.157765 ], [ -76.678776, 41.154172 ], [ -76.729997, 41.171881 ], [ -76.790807, 41.175732 ], [ -76.880963, 41.158044 ] ] ] } },
{ "type": "Feature", "properties": { "fipsCode": 39139, "stateAbbr": "OH", "NAME": "Richland", "NAMELSAD": "Richland County" }, "geometry": { "type": "Polygon", "coordinates": [ [ [ -82.374898, 40.550871 ], [ -82.623609, 40.549879 ], [ -82.62476, 40.637283 ], [ -82.644117, 40.63724 ], [ -82.644964, 40.660184 ], [ -82.644977, 40.666425 ], [ -82.626165, 40.666132 ], [ -82.627191, 40.709416 ], [ -82.727164, 40.711203 ], [ -82.724792, 40.995638 ], [ -82.4179, 40.992938 ], [ -82.415488, 40.828424 ], [ -82.420831, 40.823446 ], [ -82.416847, 40.814567 ], [ -82.407999, 40.814567 ], [ -82.407759, 40.808247 ], [ -82.388559, 40.808169 ], [ -82.389791, 40.796131 ], [ -82.378748, 40.786826 ], [ -82.378397, 40.727145 ], [ -82.339211, 40.726683 ], [ -82.336962, 40.555001 ], [ -82.374898, 40.550871 ] ] ] } },
{ "type": "Feature", "properties": { "fipsCode": 39021, "stateAbbr": "OH", "NAME": "Champaign", "NAMELSAD": "Champaign County" }, "geometry": { "type": "Polygon", "coordinates": [ [ [ -83.785354, 40.245213 ], [ -83.494498, 40.225467 ], [ -83.516069, 40.010818 ], [ -84.036069, 40.040182 ], [ -84.014763, 40.273459 ], [ -83.784196, 40.260046 ], [ -83.785354, 40.245213 ] ] ] } },
{ "type": "Feature", "properties": { "fipsCode": 39169, "stateAbbr": "OH", "NAME": "Wayne", "NAMELSAD": "Wayne County" }, "geometry": { "type": "Polygon", "coordinates": [ [ [ -81.648921, 40.667771 ], [ -82.126196, 40.668357 ], [ -82.12501, 40.886263 ], [ -82.129334, 40.991807 ], [ -81.647689, 40.988563 ], [ -81.648921, 40.667771 ] ] ] } },
{ "type": "Feature", "properties": { "fipsCode": 54057, "stateAbbr": "WV", "NAME": "Mineral", "NAMELSAD": "Mineral County" }, "geometry": { "type": "Polygon", "coordinates": [ [ [ -78.917012, 39.486171 ], [ -78.904289, 39.503607 ], [ -78.905513, 39.511545 ], [ -78.892391, 39.513279 ], [ -78.891886, 39.524778 ], [ -78.875149, 39.522665 ], [ -78.869357, 39.531793 ], [ -78.870687, 39.538767 ], [ -78.853481, 39.549267 ], [ -78.850283, 39.560742 ], [ -78.838278, 39.567249 ], [ -78.821933, 39.560621 ], [ -78.815846, 39.562881 ], [ -78.814853, 39.571287 ], [ -78.826205, 39.577335 ], [ -78.825722, 39.589177 ], [ -78.811871, 39.597994 ], [ -78.809028, 39.608182 ], [ -78.796462, 39.605902 ], [ -78.801644, 39.627677 ], [ -78.795282, 39.636766 ], [ -78.781195, 39.636846 ], [ -78.776003, 39.645262 ], [ -78.766407, 39.648432 ], [ -78.764753, 39.644707 ], [ -78.777977, 39.622319 ], [ -78.763437, 39.618827 ], [ -78.746767, 39.626722 ], [ -78.736796, 39.622187 ], [ -78.733134, 39.614715 ], [ -78.747031, 39.605612 ], [ -78.755169, 39.61037 ], [ -78.776805, 39.604132 ], [ -78.767061, 39.587511 ], [ -78.746332, 39.579778 ], [ -78.740241, 39.586406 ], [ -78.733534, 39.58653 ], [ -78.724589, 39.563919 ], [ -78.657073, 39.535141 ], [ -78.690438, 39.502791 ], [ -78.703567, 39.497536 ], [ -78.729843, 39.463205 ], [ -78.73681, 39.463934 ], [ -78.739267, 39.457231 ], [ -78.749742, 39.455295 ], [ -78.75762, 39.443606 ], [ -78.766595, 39.447469 ], [ -78.773458, 39.442865 ], [ -78.789594, 39.42456 ], [ -78.793842, 39.404639 ], [ -78.810684, 39.376623 ], [ -78.834167, 39.352278 ], [ -78.841251, 39.351632 ], [ -78.850906, 39.330866 ], [ -78.866854, 39.325892 ], [ -78.883723, 39.328364 ], [ -78.919005, 39.297 ], [ -78.926616, 39.278869 ], [ -78.946055, 39.264947 ], [ -78.956699, 39.262694 ], [ -78.979898, 39.237624 ], [ -79.134456, 39.312501 ], [ -79.271695, 39.327999 ], [ -79.26868, 39.336163 ], [ -79.25385, 39.337144 ], [ -79.256534, 39.357084 ], [ -79.234963, 39.358677 ], [ -79.230955, 39.364905 ], [ -79.21428, 39.363482 ], [ -79.197691, 39.388373 ], [ -79.185569, 39.385208 ], [ -79.176959, 39.389028 ], [ -79.179184, 39.396495 ], [ -79.162894, 39.387767 ], [ -79.166705, 39.400943 ], [ -79.159416, 39.409543 ], [ -79.159466, 39.417036 ], [ -79.151241, 39.416968 ], [ -79.149979, 39.406077 ], [ -79.143751, 39.405202 ], [ -79.141843, 39.417098 ], [ -79.127442, 39.418177 ], [ -79.129047, 39.429542 ], [ -79.124036, 39.433204 ], [ -79.110821, 39.431854 ], [ -79.11686, 39.438858 ], [ -79.102816, 39.450482 ], [ -79.101806, 39.457165 ], [ -79.10833, 39.457124 ], [ -79.107879, 39.461221 ], [ -79.094542, 39.464849 ], [ -79.10442, 39.470765 ], [ -79.102383, 39.476394 ], [ -79.083017, 39.471473 ], [ -79.069315, 39.473967 ], [ -79.066342, 39.479971 ], [ -79.056904, 39.470672 ], [ -79.052748, 39.481678 ], [ -79.047025, 39.483346 ], [ -79.037023, 39.476653 ], [ -79.030876, 39.465254 ], [ -79.018031, 39.467656 ], [ -78.964945, 39.438273 ], [ -78.955632, 39.441287 ], [ -78.960545, 39.451036 ], [ -78.954293, 39.454703 ], [ -78.959008, 39.462677 ], [ -78.940087, 39.471405 ], [ -78.942259, 39.480962 ], [ -78.934298, 39.486284 ], [ -78.917012, 39.486171 ] ] ] } },
{ "type": "Feature", "properties": { "fipsCode": 42059, "stateAbbr": "PA", "NAME": "Greene", "NAMELSAD": "Greene County" }, "geometry": { "type": "Polygon", "coordinates": [ [ [ -80.039778, 39.9741 ], [ -80.031937, 39.977691 ], [ -80.03239, 39.984141 ], [ -80.018017, 39.977489 ], [ -80.00788, 39.984412 ], [ -79.999128, 39.984415 ], [ -80.009983, 39.975578 ], [ -80.007584, 39.956666 ], [ -79.993711, 39.949386 ], [ -79.972654, 39.955306 ], [ -79.957246, 39.953274 ], [ -79.923325, 39.921547 ], [ -79.929406, 39.905675 ], [ -79.915358, 39.879612 ], [ -79.930276, 39.869276 ], [ -79.92465, 39.855056 ], [ -79.938577, 39.844876 ], [ -79.924376, 39.838176 ], [ -79.920643, 39.813415 ], [ -79.908577, 39.793477 ], [ -79.934411, 39.781277 ], [ -79.93078, 39.757877 ], [ -79.913079, 39.751677 ], [ -79.903379, 39.742978 ], [ -79.91628, 39.720777 ], [ -80.519342, 39.721403 ], [ -80.519031, 39.963612 ], [ -80.501356, 39.953812 ], [ -80.487995, 39.961443 ], [ -80.490082, 39.954499 ], [ -80.475277, 39.952065 ], [ -80.466605, 39.954736 ], [ -80.470289, 39.961373 ], [ -80.459145, 39.963072 ], [ -80.461532, 39.967151 ], [ -80.453551, 39.973352 ], [ -80.448711, 39.966504 ], [ -80.444187, 39.976036 ], [ -80.433595, 39.977404 ], [ -80.425379, 39.97188 ], [ -80.396475, 39.97789 ], [ -80.391202, 39.987955 ], [ -80.372275, 39.996572 ], [ -80.356317, 39.996836 ], [ -80.329808, 40.005457 ], [ -80.312568, 40.003293 ], [ -80.308854, 40.006463 ], [ -80.310213, 40.017654 ], [ -80.301396, 40.020559 ], [ -80.287421, 40.019206 ], [ -80.284842, 40.012137 ], [ -80.273318, 40.013328 ], [ -80.273355, 40.002376 ], [ -80.241505, 40.009499 ], [ -80.19047, 40.001764 ], [ -80.175921, 40.008138 ], [ -80.12951, 39.988406 ], [ -80.086114, 39.990313 ], [ -80.059781, 40.009518 ], [ -80.058385, 40.003618 ], [ -80.04912, 40.00669 ], [ -80.038962, 39.996628 ], [ -80.050841, 39.988781 ], [ -80.044686, 39.984824 ], [ -80.048677, 39.978893 ], [ -80.039778, 39.9741 ] ] ] } },
{ "type": "Feature", "properties": { "fipsCode": 39159, "stateAbbr": "OH", "NAME": "Union", "NAMELSAD": "Union County" }, "geometry": { "type": "Polygon", "coordinates": [ [ [ -83.17233, 40.244257 ], [ -83.170208, 40.106927 ], [ -83.503714, 40.111468 ], [ -83.494498, 40.225467 ], [ -83.551338, 40.22937 ], [ -83.520227, 40.504077 ], [ -83.248289, 40.507078 ], [ -83.248428, 40.244466 ], [ -83.17233, 40.244257 ] ] ] } },
{ "type": "Feature", "properties": { "fipsCode": 39035, "stateAbbr": "OH", "NAME": "Cuyahoga", "NAMELSAD": "Cuyahoga County" }, "geometry": { "type": "Polygon", "coordinates": [ [ [ -81.487842, 41.570051 ], [ -81.391005, 41.569716 ], [ -81.391518, 41.445222 ], [ -81.374992, 41.445286 ], [ -81.374772, 41.424427 ], [ -81.391764, 41.424269 ], [ -81.391694, 41.348272 ], [ -81.598052, 41.351157 ], [ -81.592948, 41.349386 ], [ -81.595236, 41.343919 ], [ -81.587813, 41.342154 ], [ -81.591662, 41.328726 ], [ -81.583425, 41.315356 ], [ -81.585381, 41.308536 ], [ -81.573036, 41.302919 ], [ -81.57573, 41.300909 ], [ -81.562167, 41.279876 ], [ -81.565139, 41.277758 ], [ -81.878053, 41.275044 ], [ -81.87696, 41.350685 ], [ -81.971262, 41.351268 ], [ -81.967681, 41.510947 ], [ -81.97058, 41.877845 ], [ -81.709202, 42.000037 ], [ -81.686447, 42.000037 ], [ -81.495181, 42.096402 ], [ -81.487842, 41.570051 ] ] ] } },
{ "type": "Feature", "properties": { "fipsCode": 18035, "stateAbbr": "IN", "NAME": "Delaware", "NAMELSAD": "Delaware County" }, "geometry": { "type": "Polygon", "coordinates": [ [ [ -85.576197, 40.077143 ], [ -85.578589, 40.379524 ], [ -85.220027, 40.379182 ], [ -85.214386, 40.076889 ], [ -85.576197, 40.077143 ] ] ] } },
{ "type": "Feature", "properties": { "fipsCode": 18063, "stateAbbr": "IN", "NAME": "Hendricks", "NAMELSAD": "Hendricks County" }, "geometry": { "type": "Polygon", "coordinates": [ [ [ -86.326293, 39.924029 ], [ -86.326341, 39.632177 ], [ -86.465931, 39.630032 ], [ -86.465605, 39.600769 ], [ -86.65665, 39.601395 ], [ -86.64316, 39.617734 ], [ -86.644985, 39.627509 ], [ -86.64164, 39.630064 ], [ -86.687406, 39.630437 ], [ -86.686843, 39.864842 ], [ -86.695127, 39.864845 ], [ -86.69531, 39.92273 ], [ -86.326293, 39.924029 ] ] ] } },
{ "type": "Feature", "properties": { "fipsCode": 54041, "stateAbbr": "WV", "NAME": "Lewis", "NAMELSAD": "Lewis County" }, "geometry": { "type": "Polygon", "coordinates": [ [ [ -80.716815, 39.00843 ], [ -80.728326, 39.095679 ], [ -80.699995, 39.090859 ], [ -80.687616, 39.109699 ], [ -80.681193, 39.11204 ], [ -80.681748, 39.121198 ], [ -80.664446, 39.129732 ], [ -80.662896, 39.137847 ], [ -80.656934, 39.141119 ], [ -80.644259, 39.136921 ], [ -80.62962, 39.139239 ], [ -80.617108, 39.154105 ], [ -80.604844, 39.155535 ], [ -80.596126, 39.167069 ], [ -80.586996, 39.168812 ], [ -80.549122, 39.158958 ], [ -80.546249, 39.151369 ], [ -80.536195, 39.147503 ], [ -80.473301, 39.147075 ], [ -80.458469, 39.139265 ], [ -80.300209, 39.103857 ], [ -80.305057, 39.061467 ], [ -80.317982, 39.013441 ], [ -80.334484, 38.996586 ], [ -80.317486, 38.958647 ], [ -80.348353, 38.939901 ], [ -80.338442, 38.934906 ], [ -80.349815, 38.92053 ], [ -80.348055, 38.915673 ], [ -80.362476, 38.906772 ], [ -80.360794, 38.901287 ], [ -80.367768, 38.894552 ], [ -80.367778, 38.886613 ], [ -80.383605, 38.885486 ], [ -80.386989, 38.874808 ], [ -80.409541, 38.768327 ], [ -80.394585, 38.726042 ], [ -80.401949, 38.729899 ], [ -80.406946, 38.722756 ], [ -80.413677, 38.724473 ], [ -80.412301, 38.728411 ], [ -80.427424, 38.731133 ], [ -80.436084, 38.725554 ], [ -80.452615, 38.733226 ], [ -80.457332, 38.739169 ], [ -80.45084, 38.750101 ], [ -80.453155, 38.761014 ], [ -80.449417, 38.769383 ], [ -80.442091, 38.77185 ], [ -80.446148, 38.777514 ], [ -80.458482, 38.776053 ], [ -80.463698, 38.783764 ], [ -80.458394, 38.78774 ], [ -80.463112, 38.795882 ], [ -80.474532, 38.794274 ], [ -80.485528, 38.800304 ], [ -80.473568, 38.832763 ], [ -80.479816, 38.833177 ], [ -80.49039, 38.845061 ], [ -80.500718, 38.844661 ], [ -80.507216, 38.854027 ], [ -80.52383, 38.862816 ], [ -80.543858, 38.853799 ], [ -80.557957, 38.867609 ], [ -80.580391, 38.858319 ], [ -80.5864, 38.861409 ], [ -80.593289, 38.870418 ], [ -80.590991, 38.883679 ], [ -80.599162, 38.891777 ], [ -80.597087, 38.896062 ], [ -80.716815, 39.00843 ] ] ] } },
{ "type": "Feature", "properties": { "fipsCode": 54081, "stateAbbr": "WV", "NAME": "Raleigh", "NAMELSAD": "Raleigh County" }, "geometry": { "type": "Polygon", "coordinates": [ [ [ -81.571484, 37.927808 ], [ -81.558833, 37.936207 ], [ -81.561634, 37.944307 ], [ -81.554934, 37.946107 ], [ -81.555834, 37.954307 ], [ -81.544434, 37.961107 ], [ -81.541434, 37.969507 ], [ -81.526233, 37.971307 ], [ -81.507233, 37.988407 ], [ -81.488732, 37.981007 ], [ -81.482832, 37.986707 ], [ -81.459632, 37.989707 ], [ -81.455832, 37.985807 ], [ -81.459632, 37.979608 ], [ -81.443131, 37.974208 ], [ -81.437931, 37.967908 ], [ -81.430931, 37.971908 ], [ -81.418131, 37.967608 ], [ -81.411431, 37.974308 ], [ -81.38633, 37.967209 ], [ -81.347, 37.976672 ], [ -81.342868, 37.969847 ], [ -81.328492, 37.966678 ], [ -81.322223, 37.952316 ], [ -81.295681, 37.942947 ], [ -81.301356, 37.927177 ], [ -81.294172, 37.906678 ], [ -81.300441, 37.893514 ], [ -81.295127, 37.889311 ], [ -81.072833, 37.873682 ], [ -81.073156, 37.860401 ], [ -81.098563, 37.860034 ], [ -81.10044, 37.855029 ], [ -81.090095, 37.849582 ], [ -81.051138, 37.858302 ], [ -81.048982, 37.850698 ], [ -81.05908, 37.840777 ], [ -81.054774, 37.83403 ], [ -81.024646, 37.829298 ], [ -80.966956, 37.832143 ], [ -80.935559, 37.815908 ], [ -80.925372, 37.808377 ], [ -80.921435, 37.793408 ], [ -80.894634, 37.774583 ], [ -80.894312, 37.766775 ], [ -80.900872, 37.757803 ], [ -80.91798, 37.751939 ], [ -80.923617, 37.743581 ], [ -80.896906, 37.727709 ], [ -80.88997, 37.701512 ], [ -80.877935, 37.692109 ], [ -80.877729, 37.685603 ], [ -80.894583, 37.672429 ], [ -80.900207, 37.675661 ], [ -80.89776, 37.689976 ], [ -80.908662, 37.700433 ], [ -80.929, 37.705342 ], [ -80.9314, 37.710906 ], [ -80.945245, 37.715272 ], [ -80.961916, 37.711978 ], [ -80.976744, 37.714874 ], [ -80.980334, 37.706394 ], [ -80.974207, 37.696064 ], [ -80.984234, 37.694073 ], [ -80.989076, 37.685616 ], [ -81.005219, 37.679084 ], [ -81.007539, 37.673172 ], [ -81.021701, 37.669609 ], [ -81.029436, 37.66207 ], [ -81.027558, 37.65856 ], [ -81.068683, 37.640517 ], [ -81.065309, 37.635909 ], [ -81.074298, 37.631835 ], [ -81.069171, 37.628798 ], [ -81.064157, 37.611265 ], [ -81.077137, 37.599663 ], [ -81.087438, 37.597972 ], [ -81.09372, 37.588731 ], [ -81.108917, 37.593917 ], [ -81.119417, 37.588417 ], [ -81.135718, 37.597916 ], [ -81.198869, 37.575533 ], [ -81.19876, 37.559351 ], [ -81.20452, 37.552716 ], [ -81.200049, 37.539439 ], [ -81.21039, 37.530618 ], [ -81.20702, 37.524716 ], [ -81.213872, 37.50837 ], [ -81.21892, 37.508819 ], [ -81.245422, 37.530315 ], [ -81.253101, 37.532976 ], [ -81.264201, 37.527616 ], [ -81.275149, 37.53414 ], [ -81.277446, 37.541946 ], [ -81.301592, 37.545442 ], [ -81.312203, 37.55336 ], [ -81.316541, 37.56009 ], [ -81.310323, 37.576614 ], [ -81.313623, 37.587314 ], [ -81.320924, 37.591414 ], [ -81.427852, 37.750112 ], [ -81.445427, 37.761412 ], [ -81.457627, 37.784011 ], [ -81.464652, 37.78597 ], [ -81.478528, 37.780611 ], [ -81.489228, 37.783811 ], [ -81.492928, 37.791511 ], [ -81.514228, 37.791211 ], [ -81.521129, 37.80011 ], [ -81.516829, 37.81861 ], [ -81.542031, 37.828909 ], [ -81.552331, 37.824709 ], [ -81.561632, 37.842209 ], [ -81.562732, 37.865308 ], [ -81.567632, 37.867508 ], [ -81.558132, 37.877208 ], [ -81.563426, 37.886345 ], [ -81.553832, 37.894309 ], [ -81.564233, 37.902708 ], [ -81.561933, 37.919407 ], [ -81.571484, 37.927808 ] ] ] } },
{ "type": "Feature", "properties": { "fipsCode": 42117, "stateAbbr": "PA", "NAME": "Tioga", "NAMELSAD": "Tioga County" }, "geometry": { "type": "Polygon", "coordinates": [ [ [ -76.960315, 41.551379 ], [ -77.599278, 41.542271 ], [ -77.610027, 41.999368 ], [ -76.927059, 42.001575 ], [ -76.874714, 41.596919 ], [ -76.882886, 41.588375 ], [ -76.917321, 41.58274 ], [ -76.92657, 41.571091 ], [ -76.947162, 41.568148 ], [ -76.963046, 41.556268 ], [ -76.960315, 41.551379 ] ] ] } },
{ "type": "Feature", "properties": { "fipsCode": 42123, "stateAbbr": "PA", "NAME": "Warren", "NAMELSAD": "Warren County" }, "geometry": { "type": "Polygon", "coordinates": [ [ [ -79.610837, 41.998757 ], [ -78.918896, 41.998119 ], [ -78.915642, 41.840896 ], [ -78.921544, 41.840882 ], [ -78.921408, 41.830919 ], [ -78.948612, 41.830481 ], [ -78.956138, 41.623334 ], [ -79.152961, 41.626779 ], [ -79.613147, 41.623863 ], [ -79.610837, 41.998757 ] ] ] } },
{ "type": "Feature", "properties": { "fipsCode": 39011, "stateAbbr": "OH", "NAME": "Auglaize", "NAMELSAD": "Auglaize County" }, "geometry": { "type": "Polygon", "coordinates": [ [ [ -83.880194, 40.64469 ], [ -83.880039, 40.538694 ], [ -83.993867, 40.535174 ], [ -83.993781, 40.483004 ], [ -84.339137, 40.481076 ], [ -84.338668, 40.378784 ], [ -84.434018, 40.378246 ], [ -84.434387, 40.354534 ], [ -84.455418, 40.358589 ], [ -84.45618, 40.684862 ], [ -84.222799, 40.685957 ], [ -84.222749, 40.656948 ], [ -84.107908, 40.657938 ], [ -84.107787, 40.643069 ], [ -83.880194, 40.64469 ] ] ] } },
{ "type": "Feature", "properties": { "fipsCode": 42093, "stateAbbr": "PA", "NAME": "Montour", "NAMELSAD": "Montour County" }, "geometry": { "type": "Polygon", "coordinates": [ [ [ -76.565233, 40.999812 ], [ -76.514792, 40.958531 ], [ -76.512421, 40.946102 ], [ -76.529395, 40.940143 ], [ -76.520138, 40.926634 ], [ -76.528213, 40.919121 ], [ -76.524689, 40.915221 ], [ -76.528034, 40.882515 ], [ -76.550789, 40.882577 ], [ -76.557378, 40.888894 ], [ -76.568111, 40.915454 ], [ -76.556977, 40.938609 ], [ -76.601436, 40.942186 ], [ -76.633595, 40.964107 ], [ -76.652451, 40.961643 ], [ -76.661348, 40.967996 ], [ -76.792878, 40.946583 ], [ -76.791506, 40.955549 ], [ -76.785383, 40.959054 ], [ -76.774752, 41.012201 ], [ -76.761963, 41.025932 ], [ -76.764505, 41.029611 ], [ -76.757351, 41.049022 ], [ -76.735058, 41.091058 ], [ -76.732672, 41.17204 ], [ -76.678776, 41.154172 ], [ -76.640767, 41.155718 ], [ -76.62065, 41.085271 ], [ -76.615356, 41.079542 ], [ -76.618971, 41.063759 ], [ -76.569915, 41.053761 ], [ -76.562263, 41.034214 ], [ -76.565233, 40.999812 ] ] ] } },
{ "type": "Feature", "properties": { "fipsCode": 39089, "stateAbbr": "OH", "NAME": "Licking", "NAMELSAD": "Licking County" }, "geometry": { "type": "Polygon", "coordinates": [ [ [ -82.477273, 40.24581 ], [ -82.182823, 40.238624 ], [ -82.198728, 39.950196 ], [ -82.231695, 39.951075 ], [ -82.233974, 39.91326 ], [ -82.418666, 39.922447 ], [ -82.418179, 39.927936 ], [ -82.462813, 39.93038 ], [ -82.473423, 39.925065 ], [ -82.782495, 39.939662 ], [ -82.779459, 39.976293 ], [ -82.773825, 39.976125 ], [ -82.772683, 39.987001 ], [ -82.750747, 40.276996 ], [ -82.476114, 40.264703 ], [ -82.477273, 40.24581 ] ] ] } },
{ "type": "Feature", "properties": { "fipsCode": 42133, "stateAbbr": "PA", "NAME": "York", "NAMELSAD": "York County" }, "geometry": { "type": "Polygon", "coordinates": [ [ [ -76.239805, 39.721335 ], [ -76.999318, 39.720106 ], [ -76.999679, 39.83128 ], [ -76.990663, 39.834348 ], [ -76.978543, 39.847727 ], [ -76.954932, 39.85685 ], [ -76.96362, 39.874017 ], [ -76.973983, 39.874365 ], [ -76.983959, 39.893574 ], [ -76.981602, 39.905309 ], [ -76.966983, 39.916183 ], [ -76.964937, 39.922039 ], [ -76.970243, 39.921362 ], [ -76.972603, 39.934138 ], [ -76.966202, 39.935192 ], [ -77.018648, 40.013947 ], [ -77.068485, 40.028872 ], [ -77.092103, 40.053713 ], [ -77.137425, 40.069945 ], [ -77.030997, 40.146902 ], [ -76.991645, 40.155271 ], [ -76.976912, 40.15234 ], [ -76.971226, 40.157179 ], [ -76.980675, 40.160556 ], [ -76.978024, 40.164777 ], [ -76.949917, 40.165784 ], [ -76.929107, 40.161274 ], [ -76.905875, 40.165723 ], [ -76.928458, 40.185107 ], [ -76.925791, 40.188571 ], [ -76.914181, 40.182773 ], [ -76.908555, 40.190729 ], [ -76.918353, 40.198239 ], [ -76.931717, 40.198744 ], [ -76.918373, 40.210297 ], [ -76.911321, 40.204819 ], [ -76.905952, 40.217109 ], [ -76.899978, 40.212188 ], [ -76.903883, 40.224202 ], [ -76.896961, 40.224666 ], [ -76.888215, 40.213664 ], [ -76.879784, 40.217825 ], [ -76.866719, 40.216098 ], [ -76.859023, 40.226328 ], [ -76.839468, 40.221615 ], [ -76.824696, 40.202319 ], [ -76.800585, 40.200111 ], [ -76.752331, 40.175515 ], [ -76.743537, 40.13085 ], [ -76.697187, 40.102492 ], [ -76.663825, 40.063227 ], [ -76.573141, 40.045821 ], [ -76.533963, 40.050983 ], [ -76.529813, 40.031102 ], [ -76.500611, 40.000624 ], [ -76.495352, 39.976128 ], [ -76.477726, 39.949844 ], [ -76.39045, 39.911751 ], [ -76.379642, 39.888201 ], [ -76.377663, 39.866664 ], [ -76.35211, 39.849032 ], [ -76.350503, 39.837667 ], [ -76.333396, 39.817747 ], [ -76.315702, 39.810037 ], [ -76.277404, 39.77769 ], [ -76.23869, 39.725093 ], [ -76.239805, 39.721335 ] ] ] } },
{ "type": "Feature", "properties": { "fipsCode": 39073, "stateAbbr": "OH", "NAME": "Hocking", "NAMELSAD": "Hocking County" }, "geometry": { "type": "Polygon", "coordinates": [ [ [ -82.289663, 39.384195 ], [ -82.514479, 39.395767 ], [ -82.51758, 39.369468 ], [ -82.634386, 39.375966 ], [ -82.635686, 39.361566 ], [ -82.748591, 39.368165 ], [ -82.730272, 39.569066 ], [ -82.620088, 39.563987 ], [ -82.617546, 39.608605 ], [ -82.496123, 39.602849 ], [ -82.490329, 39.661704 ], [ -82.374531, 39.654959 ], [ -82.37989, 39.596738 ], [ -82.261954, 39.590592 ], [ -82.263566, 39.562137 ], [ -82.159161, 39.556574 ], [ -82.167379, 39.466307 ], [ -82.28041, 39.472906 ], [ -82.289663, 39.384195 ] ] ] } },
{ "type": "Feature", "properties": { "fipsCode": 18177, "stateAbbr": "IN", "NAME": "Wayne", "NAMELSAD": "Wayne County" }, "geometry": { "type": "Polygon", "coordinates": [ [ [ -85.201473, 40.004521 ], [ -84.810825, 40.005077 ], [ -84.814373, 39.72662 ], [ -85.034408, 39.729263 ], [ -85.034559, 39.714764 ], [ -85.185089, 39.715515 ], [ -85.183472, 39.788397 ], [ -85.221118, 39.788449 ], [ -85.220728, 39.873576 ], [ -85.200945, 39.873799 ], [ -85.201473, 40.004521 ] ] ] } },
{ "type": "Feature", "properties": { "fipsCode": 18055, "stateAbbr": "IN", "NAME": "Greene", "NAMELSAD": "Greene County" }, "geometry": { "type": "Polygon", "coordinates": [ [ [ -86.959608, 38.903217 ], [ -87.241027, 38.907874 ], [ -87.240737, 39.171773 ], [ -86.683002, 39.165746 ], [ -86.682853, 38.904697 ], [ -86.959608, 38.903217 ] ] ] } },
{ "type": "Feature", "properties": { "fipsCode": 18139, "stateAbbr": "IN", "NAME": "Rush", "NAMELSAD": "Rush County" }, "geometry": { "type": "Polygon", "coordinates": [ [ [ -85.297575, 39.453275 ], [ -85.629327, 39.45275 ], [ -85.633491, 39.786177 ], [ -85.301584, 39.787579 ], [ -85.297575, 39.453275 ] ] ] } },
{ "type": "Feature", "properties": { "fipsCode": 42085, "stateAbbr": "PA", "NAME": "Mercer", "NAMELSAD": "Mercer County" }, "geometry": { "type": "Polygon", "coordinates": [ [ [ -80.431147, 41.486958 ], [ -80.125369, 41.480396 ], [ -80.125596, 41.486278 ], [ -79.999779, 41.490049 ], [ -79.999779, 41.171861 ], [ -80.047064, 41.12064 ], [ -80.096861, 41.069804 ], [ -80.147303, 41.113917 ], [ -80.257945, 41.11723 ], [ -80.257933, 41.128165 ], [ -80.519037, 41.125093 ], [ -80.519216, 41.489111 ], [ -80.445001, 41.487118 ], [ -80.444896, 41.492269 ], [ -80.432089, 41.492089 ], [ -80.431147, 41.486958 ] ] ] } },
{ "type": "Feature", "properties": { "fipsCode": 54077, "stateAbbr": "WV", "NAME": "Preston", "NAMELSAD": "Preston County" }, "geometry": { "type": "Polygon", "coordinates": [ [ [ -79.763774, 39.720776 ], [ -79.476662, 39.721078 ], [ -79.487175, 39.194906 ], [ -79.507576, 39.216206 ], [ -79.687283, 39.271398 ], [ -79.809729, 39.230526 ], [ -79.809287, 39.235788 ], [ -79.817202, 39.239889 ], [ -79.850281, 39.246532 ], [ -79.852585, 39.270697 ], [ -79.859251, 39.273885 ], [ -79.862043, 39.285494 ], [ -79.87216, 39.294671 ], [ -79.887117, 39.298028 ], [ -79.888662, 39.302852 ], [ -79.895536, 39.299584 ], [ -79.894688, 39.435588 ], [ -79.89974, 39.481945 ], [ -79.789277, 39.623781 ], [ -79.78537, 39.657287 ], [ -79.763773, 39.696867 ], [ -79.763774, 39.720776 ] ] ] } },
{ "type": "Feature", "properties": { "fipsCode": 42011, "stateAbbr": "PA", "NAME": "Berks", "NAMELSAD": "Berks County" }, "geometry": { "type": "Polygon", "coordinates": [ [ [ -75.529813, 40.447092 ], [ -75.695949, 40.242365 ], [ -75.873375, 40.137107 ], [ -76.149509, 40.314454 ], [ -76.205528, 40.360661 ], [ -76.231916, 40.366292 ], [ -76.440181, 40.495952 ], [ -76.415912, 40.496022 ], [ -76.338228, 40.515536 ], [ -76.256008, 40.517067 ], [ -76.218074, 40.529017 ], [ -76.171624, 40.534947 ], [ -76.132034, 40.554414 ], [ -76.07944, 40.566098 ], [ -76.065339, 40.579678 ], [ -76.053014, 40.574169 ], [ -76.045004, 40.583793 ], [ -76.017294, 40.57424 ], [ -76.012226, 40.577713 ], [ -75.993212, 40.639712 ], [ -75.891473, 40.67727 ], [ -75.529813, 40.447092 ] ] ] } },
{ "type": "Feature", "properties": { "fipsCode": 42041, "stateAbbr": "PA", "NAME": "Cumberland", "NAMELSAD": "Cumberland County" }, "geometry": { "type": "Polygon", "coordinates": [ [ [ -76.991645, 40.155271 ], [ -77.031962, 40.146393 ], [ -77.155585, 40.056708 ], [ -77.18563, 40.029501 ], [ -77.403606, 39.994478 ], [ -77.471085, 39.944077 ], [ -77.454109, 39.972432 ], [ -77.495403, 40.005145 ], [ -77.509208, 40.024934 ], [ -77.50782, 40.028968 ], [ -77.519367, 40.03934 ], [ -77.517171, 40.044446 ], [ -77.532505, 40.048739 ], [ -77.532265, 40.067169 ], [ -77.541948, 40.069843 ], [ -77.540285, 40.076765 ], [ -77.5457, 40.078171 ], [ -77.540885, 40.079875 ], [ -77.546925, 40.086312 ], [ -77.542955, 40.089597 ], [ -77.553883, 40.095883 ], [ -77.560511, 40.094356 ], [ -77.557914, 40.103097 ], [ -77.562871, 40.119286 ], [ -77.581745, 40.134106 ], [ -77.592838, 40.135245 ], [ -77.593256, 40.142293 ], [ -77.608753, 40.153301 ], [ -77.613642, 40.170161 ], [ -77.627552, 40.188665 ], [ -77.614665, 40.198549 ], [ -77.605448, 40.185362 ], [ -77.599704, 40.188064 ], [ -77.559393, 40.217965 ], [ -77.529386, 40.222735 ], [ -77.419492, 40.290834 ], [ -77.366018, 40.313569 ], [ -77.357635, 40.312476 ], [ -77.361236, 40.305193 ], [ -77.402893, 40.280128 ], [ -77.419795, 40.26407 ], [ -77.421472, 40.255791 ], [ -77.385114, 40.262712 ], [ -77.326637, 40.292601 ], [ -77.322916, 40.291229 ], [ -77.33121, 40.276418 ], [ -77.312235, 40.26774 ], [ -77.239163, 40.284102 ], [ -76.980554, 40.309277 ], [ -76.914183, 40.328758 ], [ -76.9118, 40.322634 ], [ -76.924152, 40.289166 ], [ -76.90452, 40.26051 ], [ -76.858633, 40.226209 ], [ -76.860901, 40.219281 ], [ -76.8892, 40.213739 ], [ -76.896961, 40.224666 ], [ -76.902886, 40.224603 ], [ -76.899978, 40.212188 ], [ -76.905952, 40.217109 ], [ -76.911321, 40.204819 ], [ -76.918373, 40.210297 ], [ -76.931511, 40.199385 ], [ -76.918353, 40.198239 ], [ -76.908555, 40.190729 ], [ -76.914181, 40.182773 ], [ -76.925791, 40.188571 ], [ -76.928458, 40.185107 ], [ -76.905875, 40.165723 ], [ -76.929107, 40.161274 ], [ -76.949917, 40.165784 ], [ -76.978024, 40.164777 ], [ -76.980675, 40.160556 ], [ -76.971226, 40.157179 ], [ -76.975259, 40.152991 ], [ -76.991645, 40.155271 ] ] ] } },
{ "type": "Feature", "properties": { "fipsCode": 42055, "stateAbbr": "PA", "NAME": "Franklin", "NAMELSAD": "Franklin County" }, "geometry": { "type": "Polygon", "coordinates": [ [ [ -77.532505, 40.048739 ], [ -77.517171, 40.044446 ], [ -77.519367, 40.03934 ], [ -77.50782, 40.028968 ], [ -77.509208, 40.024934 ], [ -77.495403, 40.005145 ], [ -77.454109, 39.972432 ], [ -77.471085, 39.944077 ], [ -77.459134, 39.719984 ], [ -78.099403, 39.722099 ], [ -78.069297, 39.748298 ], [ -78.036499, 39.791999 ], [ -78.014701, 39.811698 ], [ -77.982612, 39.857852 ], [ -77.956479, 39.914906 ], [ -77.955511, 39.928861 ], [ -77.937789, 39.948944 ], [ -77.918602, 40.004646 ], [ -77.883793, 40.048308 ], [ -77.859356, 40.065207 ], [ -77.796386, 40.166814 ], [ -77.768325, 40.204129 ], [ -77.724197, 40.250124 ], [ -77.67181, 40.289885 ], [ -77.656416, 40.270393 ], [ -77.670921, 40.258622 ], [ -77.667711, 40.252001 ], [ -77.65276, 40.25753 ], [ -77.64509, 40.255143 ], [ -77.64999, 40.247957 ], [ -77.645402, 40.238928 ], [ -77.650156, 40.227538 ], [ -77.642831, 40.21814 ], [ -77.616167, 40.232616 ], [ -77.602717, 40.2282 ], [ -77.605022, 40.205513 ], [ -77.627552, 40.188665 ], [ -77.613642, 40.170161 ], [ -77.608753, 40.153301 ], [ -77.593256, 40.142293 ], [ -77.592838, 40.135245 ], [ -77.581745, 40.134106 ], [ -77.562871, 40.119286 ], [ -77.557914, 40.103097 ], [ -77.560511, 40.094356 ], [ -77.553883, 40.095883 ], [ -77.542955, 40.089597 ], [ -77.546925, 40.086312 ], [ -77.540885, 40.079875 ], [ -77.545654, 40.078003 ], [ -77.540285, 40.076765 ], [ -77.541948, 40.069843 ], [ -77.532265, 40.067169 ], [ -77.532505, 40.048739 ] ] ] } },
{ "type": "Feature", "properties": { "fipsCode": 42079, "stateAbbr": "PA", "NAME": "Luzerne", "NAMELSAD": "Luzerne County" }, "geometry": { "type": "Polygon", "coordinates": [ [ [ -75.770275, 41.050094 ], [ -75.757734, 41.031625 ], [ -75.740106, 41.029802 ], [ -75.738643, 41.017049 ], [ -75.732183, 41.008124 ], [ -75.801201, 40.983424 ], [ -75.819237, 40.982578 ], [ -75.848539, 40.972185 ], [ -75.848024, 40.966357 ], [ -76.028006, 40.902313 ], [ -76.207827, 40.94974 ], [ -76.231359, 41.050725 ], [ -76.228144, 41.051947 ], [ -76.228975, 41.138466 ], [ -76.27739, 41.131795 ], [ -76.319236, 41.208092 ], [ -76.310848, 41.308949 ], [ -76.282799, 41.377244 ], [ -76.00507, 41.384551 ], [ -75.834512, 41.426965 ], [ -75.832519, 41.399374 ], [ -75.823159, 41.389358 ], [ -75.800278, 41.383055 ], [ -75.742114, 41.348344 ], [ -75.688606, 41.339446 ], [ -75.687841, 41.317836 ], [ -75.694959, 41.317577 ], [ -75.69412, 41.30411 ], [ -75.690824, 41.304335 ], [ -75.689661, 41.287785 ], [ -75.679344, 41.28796 ], [ -75.679304, 41.264301 ], [ -75.652273, 41.257383 ], [ -75.649233, 41.187173 ], [ -75.636789, 41.171392 ], [ -75.616024, 41.172622 ], [ -75.611717, 41.164187 ], [ -75.60084, 41.159991 ], [ -75.603298, 41.151875 ], [ -75.615577, 41.150705 ], [ -75.615306, 41.143858 ], [ -75.628213, 41.137214 ], [ -75.625148, 41.130906 ], [ -75.63455, 41.123019 ], [ -75.648634, 41.125427 ], [ -75.656745, 41.116028 ], [ -75.656947, 41.124112 ], [ -75.666422, 41.133619 ], [ -75.691912, 41.13121 ], [ -75.709589, 41.122107 ], [ -75.708272, 41.115864 ], [ -75.716747, 41.11813 ], [ -75.733131, 41.102885 ], [ -75.753561, 41.103365 ], [ -75.755144, 41.0944 ], [ -75.767491, 41.092659 ], [ -75.765641, 41.084468 ], [ -75.772003, 41.076666 ], [ -75.770275, 41.050094 ] ] ] } },
{ "type": "Feature", "properties": { "fipsCode": 39019, "stateAbbr": "OH", "NAME": "Carroll", "NAMELSAD": "Carroll County" }, "geometry": { "type": "Polygon", "coordinates": [ [ [ -81.198737, 40.729147 ], [ -80.917172, 40.726934 ], [ -80.918125, 40.643464 ], [ -80.860822, 40.64257 ], [ -80.863567, 40.555411 ], [ -80.92092, 40.556315 ], [ -80.924566, 40.467975 ], [ -80.940153, 40.468349 ], [ -80.941911, 40.4247 ], [ -81.269951, 40.433486 ], [ -81.264744, 40.565042 ], [ -81.321659, 40.566648 ], [ -81.317748, 40.651937 ], [ -81.24125, 40.650534 ], [ -81.237227, 40.723542 ], [ -81.19909, 40.722208 ], [ -81.198737, 40.729147 ] ] ] } },
{ "type": "Feature", "properties": { "fipsCode": 42087, "stateAbbr": "PA", "NAME": "Mifflin", "NAMELSAD": "Mifflin County" }, "geometry": { "type": "Polygon", "coordinates": [ [ [ -77.681334, 40.729758 ], [ -77.652574, 40.744921 ], [ -77.593355, 40.761247 ], [ -77.429604, 40.827541 ], [ -77.36418, 40.846937 ], [ -77.357113, 40.844484 ], [ -77.354097, 40.701667 ], [ -77.287941, 40.693595 ], [ -77.383796, 40.661751 ], [ -77.492545, 40.613149 ], [ -77.49776, 40.609484 ], [ -77.497506, 40.58174 ], [ -77.612509, 40.514187 ], [ -77.612459, 40.490919 ], [ -77.720636, 40.409618 ], [ -77.76172, 40.368733 ], [ -77.810393, 40.368591 ], [ -77.818636, 40.360542 ], [ -77.838343, 40.36903 ], [ -77.855693, 40.364885 ], [ -77.872558, 40.381196 ], [ -77.870289, 40.392261 ], [ -77.887717, 40.391358 ], [ -77.889116, 40.398965 ], [ -77.913844, 40.398679 ], [ -77.90805, 40.414018 ], [ -77.896549, 40.417547 ], [ -77.835874, 40.484232 ], [ -77.815996, 40.499729 ], [ -77.841827, 40.550035 ], [ -77.8216, 40.578931 ], [ -77.77248, 40.625932 ], [ -77.75162, 40.6323 ], [ -77.720737, 40.657968 ], [ -77.68708, 40.67675 ], [ -77.682275, 40.685122 ], [ -77.703787, 40.679936 ], [ -77.708356, 40.690488 ], [ -77.700474, 40.694852 ], [ -77.700935, 40.70519 ], [ -77.676611, 40.716452 ], [ -77.681334, 40.729758 ] ] ] } },
{ "type": "Feature", "properties": { "fipsCode": 39027, "stateAbbr": "OH", "NAME": "Clinton", "NAMELSAD": "Clinton County" }, "geometry": { "type": "Polygon", "coordinates": [ [ [ -83.976987, 39.569402 ], [ -83.576286, 39.544547 ], [ -83.590878, 39.378736 ], [ -83.784793, 39.262888 ], [ -83.795651, 39.240927 ], [ -83.80247, 39.237526 ], [ -83.801488, 39.23113 ], [ -83.810567, 39.223761 ], [ -83.835869, 39.223304 ], [ -83.834404, 39.245715 ], [ -84.007454, 39.255112 ], [ -83.976987, 39.569402 ] ] ] } },
{ "type": "Feature", "properties": { "fipsCode": 39093, "stateAbbr": "OH", "NAME": "Lorain", "NAMELSAD": "Lorain County" }, "geometry": { "type": "Polygon", "coordinates": [ [ [ -82.072465, 41.19985 ], [ -82.074266, 41.136456 ], [ -82.169875, 41.137097 ], [ -82.171492, 41.063537 ], [ -82.336496, 41.065761 ], [ -82.348183, 41.431943 ], [ -82.348122, 41.700057 ], [ -81.97058, 41.877845 ], [ -81.967681, 41.510947 ], [ -81.971262, 41.351268 ], [ -81.87696, 41.350685 ], [ -81.878053, 41.275044 ], [ -81.972485, 41.274829 ], [ -81.973895, 41.199831 ], [ -82.072465, 41.19985 ] ] ] } },
{ "type": "Feature", "properties": { "fipsCode": 54069, "stateAbbr": "WV", "NAME": "Ohio", "NAMELSAD": "Ohio County" }, "geometry": { "type": "Polygon", "coordinates": [ [ [ -80.733803, 40.033409 ], [ -80.731276, 40.048855 ], [ -80.738495, 40.077766 ], [ -80.709059, 40.10117 ], [ -80.710166, 40.138315 ], [ -80.706033, 40.152378 ], [ -80.681811, 40.185563 ], [ -80.682854, 40.182054 ], [ -80.663734, 40.185897 ], [ -80.664054, 40.178863 ], [ -80.595467, 40.177221 ], [ -80.519104, 40.159672 ], [ -80.51912, 40.01641 ], [ -80.733803, 40.033409 ] ] ] } },
{ "type": "Feature", "properties": { "fipsCode": 54065, "stateAbbr": "WV", "NAME": "Morgan", "NAMELSAD": "Morgan County" }, "geometry": { "type": "Polygon", "coordinates": [ [ [ -78.138937, 39.593796 ], [ -78.173926, 39.521355 ], [ -78.200023, 39.441182 ], [ -78.228766, 39.391233 ], [ -78.347087, 39.466012 ], [ -78.398579, 39.483677 ], [ -78.468581, 39.516619 ], [ -78.461172, 39.523912 ], [ -78.462367, 39.536362 ], [ -78.448522, 39.540366 ], [ -78.460534, 39.546189 ], [ -78.461117, 39.550833 ], [ -78.45036, 39.54983 ], [ -78.437858, 39.538516 ], [ -78.434625, 39.542189 ], [ -78.437717, 39.553366 ], [ -78.424529, 39.54518 ], [ -78.417019, 39.54856 ], [ -78.42632, 39.559222 ], [ -78.454279, 39.574082 ], [ -78.456772, 39.587608 ], [ -78.443498, 39.591331 ], [ -78.407383, 39.578607 ], [ -78.394844, 39.585152 ], [ -78.425486, 39.607672 ], [ -78.433547, 39.618207 ], [ -78.430139, 39.623416 ], [ -78.420507, 39.624073 ], [ -78.375611, 39.608307 ], [ -78.372042, 39.611869 ], [ -78.383355, 39.622913 ], [ -78.382363, 39.627793 ], [ -78.373781, 39.630373 ], [ -78.355506, 39.626111 ], [ -78.353457, 39.630569 ], [ -78.359254, 39.637208 ], [ -78.355323, 39.640663 ], [ -78.266088, 39.619055 ], [ -78.254067, 39.640184 ], [ -78.223825, 39.660539 ], [ -78.232568, 39.673583 ], [ -78.202204, 39.676856 ], [ -78.181871, 39.695316 ], [ -78.098252, 39.678912 ], [ -78.075812, 39.667781 ], [ -78.022152, 39.619821 ], [ -78.035188, 39.620534 ], [ -78.036958, 39.613806 ], [ -78.043579, 39.61288 ], [ -78.059115, 39.598316 ], [ -78.085251, 39.597321 ], [ -78.094908, 39.582171 ], [ -78.116025, 39.593894 ], [ -78.138937, 39.593796 ] ] ] } },
{ "type": "Feature", "properties": { "fipsCode": 18183, "stateAbbr": "IN", "NAME": "Whitley", "NAMELSAD": "Whitley County" }, "geometry": { "type": "Polygon", "coordinates": [ [ [ -85.335643, 41.00525 ], [ -85.683198, 41.001909 ], [ -85.686574, 41.178376 ], [ -85.652715, 41.178489 ], [ -85.651928, 41.294776 ], [ -85.536288, 41.295241 ], [ -85.53718, 41.266157 ], [ -85.307781, 41.264158 ], [ -85.309791, 41.178889 ], [ -85.338276, 41.179065 ], [ -85.335643, 41.00525 ] ] ] } },
{ "type": "Feature", "properties": { "fipsCode": 42121, "stateAbbr": "PA", "NAME": "Venango", "NAMELSAD": "Venango County" }, "geometry": { "type": "Polygon", "coordinates": [ [ [ -79.694984, 41.172865 ], [ -79.999779, 41.171861 ], [ -79.998696, 41.501032 ], [ -79.981779, 41.500156 ], [ -79.981536, 41.512887 ], [ -79.958146, 41.513535 ], [ -79.959188, 41.52544 ], [ -79.942227, 41.525348 ], [ -79.943296, 41.537837 ], [ -79.92334, 41.537596 ], [ -79.925369, 41.550208 ], [ -79.909471, 41.550149 ], [ -79.908606, 41.562174 ], [ -79.892757, 41.562168 ], [ -79.892732, 41.574138 ], [ -79.870031, 41.574255 ], [ -79.873015, 41.581268 ], [ -79.850054, 41.587056 ], [ -79.849609, 41.597764 ], [ -79.829722, 41.601953 ], [ -79.829111, 41.62207 ], [ -79.613173, 41.616868 ], [ -79.613147, 41.623863 ], [ -79.51207, 41.624559 ], [ -79.512276, 41.46524 ], [ -79.522024, 41.465219 ], [ -79.521599, 41.440554 ], [ -79.478163, 41.440134 ], [ -79.47814, 41.335708 ], [ -79.54143, 41.335951 ], [ -79.541474, 41.321008 ], [ -79.604161, 41.321478 ], [ -79.60461, 41.277072 ], [ -79.627561, 41.277183 ], [ -79.632875, 41.253599 ], [ -79.650394, 41.253709 ], [ -79.649628, 41.217912 ], [ -79.668892, 41.199075 ], [ -79.666323, 41.197136 ], [ -79.670614, 41.193166 ], [ -79.665368, 41.189024 ], [ -79.670125, 41.183116 ], [ -79.697242, 41.184614 ], [ -79.700581, 41.175059 ], [ -79.694984, 41.172865 ] ] ] } },
{ "type": "Feature", "properties": { "fipsCode": 39153, "stateAbbr": "OH", "NAME": "Summit", "NAMELSAD": "Summit County" }, "geometry": { "type": "Polygon", "coordinates": [ [ [ -81.391694, 41.348272 ], [ -81.393249, 40.988531 ], [ -81.416334, 40.988456 ], [ -81.420363, 40.906502 ], [ -81.647735, 40.914016 ], [ -81.647689, 40.988563 ], [ -81.688491, 40.98859 ], [ -81.68495, 41.277146 ], [ -81.562591, 41.278753 ], [ -81.57573, 41.300909 ], [ -81.573036, 41.302919 ], [ -81.585381, 41.308536 ], [ -81.583425, 41.315356 ], [ -81.591662, 41.328726 ], [ -81.587813, 41.342154 ], [ -81.595236, 41.343919 ], [ -81.592948, 41.349386 ], [ -81.598052, 41.351157 ], [ -81.391694, 41.348272 ] ] ] } },
{ "type": "Feature", "properties": { "fipsCode": 18175, "stateAbbr": "IN", "NAME": "Washington", "NAMELSAD": "Washington County" }, "geometry": { "type": "Polygon", "coordinates": [ [ [ -86.310065, 38.732184 ], [ -86.302225, 38.735815 ], [ -86.302087, 38.73076 ], [ -86.299827, 38.729642 ], [ -86.298486, 38.734907 ], [ -86.290664, 38.735755 ], [ -86.283959, 38.766041 ], [ -86.26405, 38.764948 ], [ -86.257117, 38.772006 ], [ -86.254103, 38.770118 ], [ -86.257129, 38.763498 ], [ -86.249015, 38.768023 ], [ -86.240821, 38.765912 ], [ -86.224068, 38.779147 ], [ -86.218736, 38.771134 ], [ -86.213161, 38.77938 ], [ -86.197651, 38.773769 ], [ -86.205528, 38.779903 ], [ -86.202356, 38.78264 ], [ -86.189881, 38.776626 ], [ -86.183221, 38.783413 ], [ -86.173608, 38.773381 ], [ -86.163576, 38.774832 ], [ -86.134944, 38.762425 ], [ -86.102356, 38.765755 ], [ -86.098169, 38.780465 ], [ -86.092538, 38.783462 ], [ -86.074253, 38.774422 ], [ -86.062376, 38.778334 ], [ -86.042203, 38.761709 ], [ -86.031843, 38.761321 ], [ -86.026788, 38.755735 ], [ -86.02114, 38.76752 ], [ -86.015529, 38.765367 ], [ -86.016703, 38.757974 ], [ -86.010944, 38.756713 ], [ -85.984252, 38.768115 ], [ -85.98559, 38.758249 ], [ -85.979801, 38.758664 ], [ -85.976641, 38.752393 ], [ -85.967874, 38.75512 ], [ -85.960862, 38.764185 ], [ -85.950424, 38.760845 ], [ -85.948377, 38.753636 ], [ -85.936569, 38.762837 ], [ -85.936072, 38.755399 ], [ -85.927185, 38.755971 ], [ -85.928004, 38.750661 ], [ -85.916663, 38.74566 ], [ -85.918592, 38.754185 ], [ -85.911753, 38.747307 ], [ -85.911167, 38.757204 ], [ -85.908919, 38.751161 ], [ -85.900587, 38.753814 ], [ -85.89616, 38.750056 ], [ -85.900442, 38.742199 ], [ -85.89177, 38.736242 ], [ -85.894199, 38.730204 ], [ -85.888334, 38.734443 ], [ -85.885643, 38.575412 ], [ -85.848575, 38.576266 ], [ -85.847588, 38.54714 ], [ -85.866341, 38.547095 ], [ -85.866268, 38.518425 ], [ -85.884708, 38.518152 ], [ -85.884776, 38.503469 ], [ -85.957102, 38.501949 ], [ -85.956195, 38.488956 ], [ -85.993317, 38.48854 ], [ -85.99462, 38.418345 ], [ -86.308674, 38.422875 ], [ -86.310065, 38.732184 ] ] ] } },
{ "type": "Feature", "properties": { "fipsCode": 18045, "stateAbbr": "IN", "NAME": "Fountain", "NAMELSAD": "Fountain County" }, "geometry": { "type": "Polygon", "coordinates": [ [ [ -87.090008, 39.952995 ], [ -87.420221, 39.952452 ], [ -87.42268, 39.956654 ], [ -87.439389, 39.959061 ], [ -87.427393, 39.981944 ], [ -87.433385, 39.994188 ], [ -87.4354, 40.023509 ], [ -87.424224, 40.039872 ], [ -87.431499, 40.047748 ], [ -87.417438, 40.058684 ], [ -87.404859, 40.135709 ], [ -87.408526, 40.142956 ], [ -87.433471, 40.153504 ], [ -87.438755, 40.165694 ], [ -87.4199, 40.192258 ], [ -87.358403, 40.210531 ], [ -87.337865, 40.223866 ], [ -87.314476, 40.248311 ], [ -87.295296, 40.256324 ], [ -87.281279, 40.278528 ], [ -87.249683, 40.299146 ], [ -87.245787, 40.308846 ], [ -87.173323, 40.333963 ], [ -87.134599, 40.339266 ], [ -87.092232, 40.366583 ], [ -87.090008, 39.952995 ] ] ] } },
{ "type": "Feature", "properties": { "fipsCode": 39127, "stateAbbr": "OH", "NAME": "Perry", "NAMELSAD": "Perry County" }, "geometry": { "type": "Polygon", "coordinates": [ [ [ -82.472354, 39.838842 ], [ -82.462813, 39.93038 ], [ -82.418179, 39.927936 ], [ -82.418666, 39.922447 ], [ -82.162372, 39.909374 ], [ -82.170047, 39.82075 ], [ -82.072934, 39.816227 ], [ -82.080224, 39.727673 ], [ -82.024219, 39.724686 ], [ -82.039605, 39.550217 ], [ -82.263566, 39.562137 ], [ -82.261954, 39.590592 ], [ -82.37989, 39.596738 ], [ -82.366051, 39.74252 ], [ -82.404246, 39.744605 ], [ -82.396594, 39.833057 ], [ -82.472354, 39.838842 ] ] ] } },
{ "type": "Feature", "properties": { "fipsCode": 39141, "stateAbbr": "OH", "NAME": "Ross", "NAMELSAD": "Ross County" }, "geometry": { "type": "Polygon", "coordinates": [ [ [ -82.998204, 39.480061 ], [ -82.740729, 39.46835 ], [ -82.766692, 39.167768 ], [ -83.353531, 39.197585 ], [ -83.343479, 39.233216 ], [ -83.347847, 39.232847 ], [ -83.344984, 39.250604 ], [ -83.352988, 39.251483 ], [ -83.361009, 39.240957 ], [ -83.365739, 39.241706 ], [ -83.381125, 39.249618 ], [ -83.37855, 39.259457 ], [ -83.393794, 39.268048 ], [ -83.393167, 39.274858 ], [ -83.381297, 39.278361 ], [ -83.376629, 39.290944 ], [ -83.383087, 39.296901 ], [ -83.38699, 39.322018 ], [ -83.375073, 39.347827 ], [ -83.380028, 39.357561 ], [ -83.373402, 39.368579 ], [ -83.374577, 39.37484 ], [ -83.266737, 39.516249 ], [ -82.98356, 39.506477 ], [ -82.978741, 39.500854 ], [ -82.980396, 39.490261 ], [ -82.992901, 39.489861 ], [ -82.998204, 39.480061 ] ] ] } },
{ "type": "Feature", "properties": { "fipsCode": 39167, "stateAbbr": "OH", "NAME": "Washington", "NAMELSAD": "Washington County" }, "geometry": { "type": "Polygon", "coordinates": [ [ [ -81.344927, 39.346794 ], [ -81.382457, 39.342665 ], [ -81.391249, 39.348814 ], [ -81.406689, 39.38809 ], [ -81.415826, 39.39713 ], [ -81.435642, 39.408474 ], [ -81.456143, 39.409274 ], [ -81.557547, 39.338774 ], [ -81.565247, 39.276175 ], [ -81.570247, 39.267675 ], [ -81.608408, 39.276043 ], [ -81.677595, 39.274171 ], [ -81.69638, 39.257035 ], [ -81.691067, 39.230139 ], [ -81.693659, 39.224907 ], [ -81.725622, 39.215905 ], [ -81.721808, 39.269597 ], [ -81.818361, 39.272581 ], [ -81.816614, 39.302058 ], [ -81.835447, 39.302807 ], [ -81.834635, 39.317563 ], [ -81.853668, 39.318165 ], [ -81.844863, 39.450216 ], [ -81.825757, 39.449172 ], [ -81.823158, 39.494072 ], [ -81.760959, 39.488583 ], [ -81.760955, 39.482773 ], [ -81.708527, 39.480775 ], [ -81.705075, 39.53099 ], [ -81.722217, 39.53155 ], [ -81.723511, 39.547608 ], [ -81.713837, 39.584593 ], [ -81.688687, 39.59051 ], [ -81.473471, 39.583318 ], [ -81.47316, 39.645976 ], [ -81.451935, 39.645449 ], [ -81.452712, 39.631165 ], [ -81.413665, 39.630502 ], [ -81.41385, 39.615874 ], [ -81.395036, 39.615681 ], [ -81.394934, 39.601547 ], [ -81.35629, 39.600865 ], [ -81.356445, 39.593512 ], [ -81.28353, 39.591838 ], [ -81.283079, 39.605663 ], [ -81.26431, 39.605331 ], [ -81.265347, 39.57681 ], [ -81.036783, 39.572249 ], [ -81.038712, 39.539886 ], [ -81.091936, 39.496573 ], [ -81.132534, 39.446275 ], [ -81.182307, 39.433533 ], [ -81.208231, 39.407147 ], [ -81.217315, 39.38759 ], [ -81.244359, 39.39041 ], [ -81.270292, 39.386047 ], [ -81.344927, 39.346794 ] ] ] } },
{ "type": "Feature", "properties": { "fipsCode": 18029, "stateAbbr": "IN", "NAME": "Dearborn", "NAMELSAD": "Dearborn County" }, "geometry": { "type": "Polygon", "coordinates": [ [ [ -84.912999, 39.018854 ], [ -84.936533, 39.005095 ], [ -84.943731, 39.007734 ], [ -84.944072, 39.000188 ], [ -84.953289, 38.999204 ], [ -84.953866, 38.994892 ], [ -84.964247, 38.997772 ], [ -84.970084, 38.992386 ], [ -84.983658, 38.997949 ], [ -84.99777, 38.996735 ], [ -85.003564, 38.975221 ], [ -85.019536, 38.982529 ], [ -85.024668, 38.974498 ], [ -85.041523, 38.975396 ], [ -85.051198, 38.966908 ], [ -85.046072, 38.956679 ], [ -85.058203, 38.958099 ], [ -85.060109, 38.947986 ], [ -85.066614, 38.950023 ], [ -85.064563, 38.954942 ], [ -85.068079, 38.957139 ], [ -85.072034, 38.948123 ], [ -85.082642, 38.952241 ], [ -85.096344, 38.935446 ], [ -85.103679, 38.940521 ], [ -85.118762, 38.937196 ], [ -85.120877, 38.944425 ], [ -85.114088, 38.956144 ], [ -85.132508, 38.948055 ], [ -85.065574, 39.307232 ], [ -84.81945, 39.305153 ], [ -84.820155, 39.105419 ], [ -84.893595, 39.062061 ], [ -84.896299, 39.052441 ], [ -84.87765, 39.031189 ], [ -84.897075, 39.013757 ], [ -84.912999, 39.018854 ] ] ] } },
{ "type": "Feature", "properties": { "fipsCode": 18071, "stateAbbr": "IN", "NAME": "Jackson", "NAMELSAD": "Jackson County" }, "geometry": { "type": "Polygon", "coordinates": [ [ [ -86.318133, 39.04881 ], [ -86.080272, 39.05027 ], [ -86.079844, 39.035903 ], [ -85.860573, 39.04091 ], [ -85.862447, 39.048919 ], [ -85.847279, 39.05523 ], [ -85.841638, 39.06325 ], [ -85.828264, 39.063587 ], [ -85.816973, 39.070888 ], [ -85.798804, 39.068536 ], [ -85.795233, 38.812373 ], [ -85.80725, 38.789377 ], [ -85.804554, 38.779906 ], [ -85.819429, 38.776503 ], [ -85.829813, 38.764231 ], [ -85.832348, 38.751819 ], [ -85.843037, 38.745291 ], [ -85.841624, 38.740475 ], [ -85.847519, 38.734909 ], [ -85.870879, 38.729537 ], [ -85.869559, 38.726171 ], [ -85.879647, 38.729397 ], [ -85.880674, 38.725049 ], [ -85.887674, 38.731772 ], [ -85.885986, 38.735013 ], [ -85.894199, 38.730204 ], [ -85.891886, 38.736543 ], [ -85.900442, 38.742199 ], [ -85.896263, 38.75049 ], [ -85.900587, 38.753814 ], [ -85.908919, 38.751161 ], [ -85.909677, 38.757112 ], [ -85.911139, 38.747353 ], [ -85.918592, 38.754185 ], [ -85.916663, 38.74566 ], [ -85.928004, 38.750661 ], [ -85.927185, 38.755971 ], [ -85.936072, 38.755399 ], [ -85.936861, 38.762905 ], [ -85.948377, 38.753636 ], [ -85.950424, 38.760845 ], [ -85.96171, 38.764047 ], [ -85.967874, 38.75512 ], [ -85.976641, 38.752393 ], [ -85.979801, 38.758664 ], [ -85.98559, 38.758249 ], [ -85.984252, 38.768115 ], [ -86.010944, 38.756713 ], [ -86.016703, 38.757974 ], [ -86.015529, 38.765367 ], [ -86.02114, 38.76752 ], [ -86.026788, 38.755735 ], [ -86.031843, 38.761321 ], [ -86.042203, 38.761709 ], [ -86.062376, 38.778334 ], [ -86.074253, 38.774422 ], [ -86.091705, 38.783399 ], [ -86.098169, 38.780465 ], [ -86.103262, 38.765527 ], [ -86.134944, 38.762425 ], [ -86.163576, 38.774832 ], [ -86.173608, 38.773381 ], [ -86.184102, 38.783588 ], [ -86.189881, 38.776626 ], [ -86.205499, 38.781814 ], [ -86.197651, 38.773769 ], [ -86.213161, 38.77938 ], [ -86.218736, 38.771134 ], [ -86.224068, 38.779147 ], [ -86.240821, 38.765912 ], [ -86.249015, 38.768023 ], [ -86.257129, 38.763498 ], [ -86.254103, 38.770118 ], [ -86.257117, 38.772006 ], [ -86.26405, 38.764948 ], [ -86.275281, 38.763795 ], [ -86.280389, 38.991028 ], [ -86.317474, 38.99087 ], [ -86.318133, 39.04881 ] ] ] } },
{ "type": "Feature", "properties": { "fipsCode": 39149, "stateAbbr": "OH", "NAME": "Shelby", "NAMELSAD": "Shelby County" }, "geometry": { "type": "Polygon", "coordinates": [ [ [ -84.339137, 40.481076 ], [ -84.002372, 40.483115 ], [ -84.0037, 40.312927 ], [ -84.010223, 40.317434 ], [ -84.022919, 40.183945 ], [ -84.218856, 40.195453 ], [ -84.218658, 40.200004 ], [ -84.432575, 40.197037 ], [ -84.434018, 40.378246 ], [ -84.338668, 40.378784 ], [ -84.339137, 40.481076 ] ] ] } },
{ "type": "Feature", "properties": { "fipsCode": 39151, "stateAbbr": "OH", "NAME": "Stark", "NAMELSAD": "Stark County" }, "geometry": { "type": "Polygon", "coordinates": [ [ [ -81.086312, 40.988031 ], [ -81.087289, 40.727816 ], [ -81.198737, 40.729147 ], [ -81.19909, 40.722208 ], [ -81.237227, 40.723542 ], [ -81.24125, 40.650534 ], [ -81.446925, 40.65364 ], [ -81.435216, 40.660658 ], [ -81.45905, 40.666953 ], [ -81.469104, 40.654941 ], [ -81.64911, 40.634525 ], [ -81.647735, 40.914016 ], [ -81.420363, 40.906502 ], [ -81.416334, 40.988456 ], [ -81.086312, 40.988031 ] ] ] } },
{ "type": "Feature", "properties": { "fipsCode": 54037, "stateAbbr": "WV", "NAME": "Jefferson", "NAMELSAD": "Jefferson County" }, "geometry": { "type": "Polygon", "coordinates": [ [ [ -77.754376, 39.333461 ], [ -77.719519, 39.321314 ], [ -77.73841, 39.308191 ], [ -77.75838, 39.265086 ], [ -77.770102, 39.256369 ], [ -77.770937, 39.249446 ], [ -77.767227, 39.249009 ], [ -77.771365, 39.236493 ], [ -77.792663, 39.211388 ], [ -77.806049, 39.171737 ], [ -77.82137, 39.152351 ], [ -77.822101, 39.140105 ], [ -77.828299, 39.132426 ], [ -78.033191, 39.264612 ], [ -78.026024, 39.272585 ], [ -78.035261, 39.278679 ], [ -78.02619, 39.280204 ], [ -78.027234, 39.288419 ], [ -78.020328, 39.288053 ], [ -78.005896, 39.306817 ], [ -77.98803, 39.320323 ], [ -77.995996, 39.326043 ], [ -77.987919, 39.325632 ], [ -77.988159, 39.331893 ], [ -77.976879, 39.340087 ], [ -77.981633, 39.349318 ], [ -77.966648, 39.345868 ], [ -77.968507, 39.357435 ], [ -77.961945, 39.359587 ], [ -77.967107, 39.366974 ], [ -77.943892, 39.372681 ], [ -77.946808, 39.380586 ], [ -77.931808, 39.379597 ], [ -77.84714, 39.446557 ], [ -77.824796, 39.493633 ], [ -77.796997, 39.489487 ], [ -77.778709, 39.499359 ], [ -77.765505, 39.494673 ], [ -77.797196, 39.480139 ], [ -77.795384, 39.471247 ], [ -77.777605, 39.462253 ], [ -77.798006, 39.460769 ], [ -77.798269, 39.456131 ], [ -77.785265, 39.445403 ], [ -77.803233, 39.43732 ], [ -77.787748, 39.429151 ], [ -77.757852, 39.426424 ], [ -77.738407, 39.398976 ], [ -77.736609, 39.387148 ], [ -77.752977, 39.381679 ], [ -77.743278, 39.362083 ], [ -77.747596, 39.351327 ], [ -77.760755, 39.34275 ], [ -77.754376, 39.333461 ] ] ] } },
{ "type": "Feature", "properties": { "fipsCode": 42029, "stateAbbr": "PA", "NAME": "Chester", "NAMELSAD": "Chester County" }, "geometry": { "type": "MultiPolygon", "coordinates": [ [ [ [ -75.593099, 39.837723 ], [ -75.586903, 39.844343 ], [ -75.579926, 39.838862 ], [ -75.586277, 39.838386 ], [ -75.593099, 39.837723 ] ] ], [ [ [ -75.562539, 39.901638 ], [ -75.573381, 39.896397 ], [ -75.571162, 39.888136 ], [ -75.586249, 39.884814 ], [ -75.584761, 39.880978 ], [ -75.597914, 39.874464 ], [ -75.592563, 39.867871 ], [ -75.60154, 39.855885 ], [ -75.591997, 39.852535 ], [ -75.597837, 39.840944 ], [ -75.59488, 39.837525 ], [ -75.65486, 39.8243 ], [ -75.706239, 39.799658 ], [ -75.74738, 39.76437 ], [ -75.773786, 39.7222 ], [ -76.136317, 39.723243 ], [ -76.128262, 39.727657 ], [ -76.118981, 39.723591 ], [ -76.119218, 39.736556 ], [ -76.108565, 39.734836 ], [ -76.111186, 39.728347 ], [ -76.105835, 39.724088 ], [ -76.095818, 39.729873 ], [ -76.092531, 39.733998 ], [ -76.101953, 39.739532 ], [ -76.100336, 39.745722 ], [ -76.094035, 39.742733 ], [ -76.086775, 39.745789 ], [ -76.081852, 39.761351 ], [ -76.066685, 39.759969 ], [ -76.062459, 39.764845 ], [ -76.064564, 39.771189 ], [ -76.04138, 39.796628 ], [ -76.049764, 39.802688 ], [ -76.039023, 39.801222 ], [ -76.035216, 39.811835 ], [ -76.02962, 39.81273 ], [ -76.037636, 39.826917 ], [ -76.027034, 39.824153 ], [ -76.022826, 39.8308 ], [ -76.016543, 39.831262 ], [ -76.022223, 39.850761 ], [ -76.007576, 39.852349 ], [ -76.002432, 39.874353 ], [ -75.991486, 39.868694 ], [ -75.98684, 39.873578 ], [ -75.992379, 39.882228 ], [ -75.986729, 39.892879 ], [ -75.995011, 39.898502 ], [ -75.997413, 39.928065 ], [ -75.981701, 39.929464 ], [ -75.980966, 39.933479 ], [ -75.994629, 39.952429 ], [ -75.93587, 40.037466 ], [ -75.936135, 40.078585 ], [ -75.942997, 40.109266 ], [ -75.873173, 40.137181 ], [ -75.69682, 40.24186 ], [ -75.688115, 40.236186 ], [ -75.669599, 40.244905 ], [ -75.651074, 40.242077 ], [ -75.619998, 40.2303 ], [ -75.612373, 40.222997 ], [ -75.603173, 40.227006 ], [ -75.606923, 40.236132 ], [ -75.597031, 40.236844 ], [ -75.587757, 40.214449 ], [ -75.573338, 40.195303 ], [ -75.56274, 40.197539 ], [ -75.563995, 40.209345 ], [ -75.557438, 40.207601 ], [ -75.540986, 40.175951 ], [ -75.528941, 40.168396 ], [ -75.525945, 40.148611 ], [ -75.520434, 40.14725 ], [ -75.513214, 40.158296 ], [ -75.503804, 40.159726 ], [ -75.500975, 40.154479 ], [ -75.510829, 40.140932 ], [ -75.506076, 40.132994 ], [ -75.492577, 40.126141 ], [ -75.47245, 40.129298 ], [ -75.461599, 40.124825 ], [ -75.471603, 40.111853 ], [ -75.461729, 40.103035 ], [ -75.462926, 40.097253 ], [ -75.456809, 40.094678 ], [ -75.456335, 40.087754 ], [ -75.420124, 40.097201 ], [ -75.392632, 40.060974 ], [ -75.366687, 40.072355 ], [ -75.361042, 40.065515 ], [ -75.414991, 40.041787 ], [ -75.404338, 40.027364 ], [ -75.453771, 39.993589 ], [ -75.437692, 39.993894 ], [ -75.435816, 39.985059 ], [ -75.523816, 39.944124 ], [ -75.518963, 39.934302 ], [ -75.530475, 39.932049 ], [ -75.523505, 39.923142 ], [ -75.530238, 39.922123 ], [ -75.536109, 39.929926 ], [ -75.542734, 39.927181 ], [ -75.542494, 39.918417 ], [ -75.550454, 39.914931 ], [ -75.546416, 39.909731 ], [ -75.561308, 39.907429 ], [ -75.562539, 39.901638 ] ] ] ] } },
{ "type": "Feature", "properties": { "fipsCode": 54055, "stateAbbr": "WV", "NAME": "Mercer", "NAMELSAD": "Mercer County" }, "geometry": { "type": "Polygon", "coordinates": [ [ [ -80.979589, 37.302279 ], [ -81.104147, 37.280605 ], [ -81.161137, 37.264752 ], [ -81.225104, 37.234874 ], [ -81.320105, 37.299323 ], [ -81.362156, 37.337687 ], [ -81.311201, 37.424509 ], [ -81.292919, 37.413178 ], [ -81.282783, 37.419376 ], [ -81.287808, 37.433633 ], [ -81.305621, 37.450071 ], [ -81.307387, 37.459486 ], [ -81.29681, 37.462085 ], [ -81.294849, 37.469434 ], [ -81.278052, 37.472453 ], [ -81.258535, 37.498832 ], [ -81.227624, 37.510026 ], [ -81.213923, 37.508291 ], [ -81.20702, 37.524716 ], [ -81.21039, 37.530618 ], [ -81.200035, 37.539494 ], [ -81.20452, 37.552716 ], [ -81.19876, 37.559351 ], [ -81.198869, 37.575533 ], [ -81.135718, 37.597916 ], [ -81.119417, 37.588417 ], [ -81.108917, 37.593917 ], [ -81.096223, 37.589479 ], [ -80.859457, 37.429491 ], [ -80.865274, 37.420113 ], [ -80.863003, 37.411514 ], [ -80.883247, 37.383933 ], [ -80.849451, 37.346909 ], [ -80.868986, 37.338573 ], [ -80.89916, 37.315678 ], [ -80.944173, 37.296575 ], [ -80.977008, 37.291807 ], [ -80.982173, 37.296023 ], [ -80.979589, 37.302279 ] ] ] } },
{ "type": "Feature", "properties": { "fipsCode": 39083, "stateAbbr": "OH", "NAME": "Knox", "NAMELSAD": "Knox County" }, "geometry": { "type": "Polygon", "coordinates": [ [ [ -82.17854, 40.573102 ], [ -82.195911, 40.239071 ], [ -82.477273, 40.24581 ], [ -82.476114, 40.264703 ], [ -82.750747, 40.276996 ], [ -82.744931, 40.349603 ], [ -82.646503, 40.345076 ], [ -82.633181, 40.523066 ], [ -82.642837, 40.522111 ], [ -82.642796, 40.550011 ], [ -82.374898, 40.550871 ], [ -82.17854, 40.573102 ] ] ] } },
{ "type": "Feature", "properties": { "fipsCode": 39145, "stateAbbr": "OH", "NAME": "Scioto", "NAMELSAD": "Scioto County" }, "geometry": { "type": "Polygon", "coordinates": [ [ [ -83.011575, 38.729881 ], [ -83.030775, 38.725664 ], [ -83.052491, 38.696341 ], [ -83.062489, 38.689488 ], [ -83.111949, 38.671997 ], [ -83.134754, 38.632013 ], [ -83.1522, 38.619421 ], [ -83.204364, 38.616775 ], [ -83.242788, 38.628741 ], [ -83.268245, 38.618529 ], [ -83.270817, 39.015791 ], [ -83.237811, 39.009856 ], [ -83.234242, 38.998894 ], [ -83.214834, 38.991667 ], [ -83.217234, 38.971758 ], [ -83.21073, 38.969856 ], [ -83.214796, 38.962829 ], [ -83.212107, 38.960148 ], [ -82.970393, 38.955378 ], [ -82.753391, 38.945373 ], [ -82.76069, 38.854875 ], [ -82.650039, 38.849073 ], [ -82.662886, 38.747977 ], [ -82.695387, 38.749977 ], [ -82.706383, 38.677485 ], [ -82.763895, 38.679974 ], [ -82.766188, 38.644678 ], [ -82.740383, 38.597167 ], [ -82.815934, 38.570818 ], [ -82.841893, 38.588333 ], [ -82.85239, 38.607074 ], [ -82.860137, 38.662152 ], [ -82.877493, 38.689465 ], [ -82.869873, 38.727774 ], [ -82.87954, 38.751298 ], [ -82.894682, 38.756532 ], [ -82.920919, 38.750917 ], [ -82.977371, 38.726192 ], [ -83.011575, 38.729881 ] ] ] } },
{ "type": "Feature", "properties": { "fipsCode": 39163, "stateAbbr": "OH", "NAME": "Vinton", "NAMELSAD": "Vinton County" }, "geometry": { "type": "Polygon", "coordinates": [ [ [ -82.298476, 39.294996 ], [ -82.260243, 39.292915 ], [ -82.263767, 39.253786 ], [ -82.268583, 39.20376 ], [ -82.306669, 39.205494 ], [ -82.322874, 39.027674 ], [ -82.435309, 39.035079 ], [ -82.424677, 39.137972 ], [ -82.540282, 39.144471 ], [ -82.537068, 39.180983 ], [ -82.651486, 39.189567 ], [ -82.650087, 39.202269 ], [ -82.762892, 39.207967 ], [ -82.748591, 39.368165 ], [ -82.635686, 39.361566 ], [ -82.634386, 39.375966 ], [ -82.51758, 39.369468 ], [ -82.514479, 39.395767 ], [ -82.289663, 39.384195 ], [ -82.298476, 39.294996 ] ] ] } },
{ "type": "Feature", "properties": { "fipsCode": 18141, "stateAbbr": "IN", "NAME": "St. Joseph", "NAMELSAD": "St. Joseph County" }, "geometry": { "type": "Polygon", "coordinates": [ [ [ -86.062575, 41.760513 ], [ -86.059451, 41.479154 ], [ -86.467108, 41.476459 ], [ -86.466603, 41.432968 ], [ -86.524711, 41.432886 ], [ -86.52494, 41.519675 ], [ -86.500286, 41.52101 ], [ -86.498158, 41.561083 ], [ -86.486433, 41.570545 ], [ -86.486263, 41.588901 ], [ -86.487567, 41.649325 ], [ -86.526682, 41.65044 ], [ -86.524217, 41.759659 ], [ -86.062575, 41.760513 ] ] ] } },
{ "type": "Feature", "properties": { "fipsCode": 42015, "stateAbbr": "PA", "NAME": "Bradford", "NAMELSAD": "Bradford County" }, "geometry": { "type": "Polygon", "coordinates": [ [ [ -76.927059, 42.001575 ], [ -76.145519, 41.998842 ], [ -76.115172, 41.651825 ], [ -76.197998, 41.647823 ], [ -76.220073, 41.541278 ], [ -76.874668, 41.596667 ], [ -76.927059, 42.001575 ] ] ] } },
{ "type": "Feature", "properties": { "fipsCode": 54029, "stateAbbr": "WV", "NAME": "Hancock", "NAMELSAD": "Hancock County" }, "geometry": { "type": "Polygon", "coordinates": [ [ [ -80.517991, 40.399644 ], [ -80.629684, 40.394978 ], [ -80.612325, 40.402762 ], [ -80.612195, 40.434838 ], [ -80.595953, 40.463354 ], [ -80.595405, 40.475316 ], [ -80.618003, 40.502049 ], [ -80.627507, 40.535793 ], [ -80.664372, 40.570016 ], [ -80.667813, 40.583536 ], [ -80.627171, 40.619936 ], [ -80.598764, 40.625263 ], [ -80.576704, 40.614223 ], [ -80.551126, 40.628847 ], [ -80.518991, 40.638801 ], [ -80.517991, 40.399644 ] ] ] } },
{ "type": "Feature", "properties": { "fipsCode": 42061, "stateAbbr": "PA", "NAME": "Huntingdon", "NAMELSAD": "Huntingdon County" }, "geometry": { "type": "Polygon", "coordinates": [ [ [ -78.198238, 40.64773 ], [ -78.22197, 40.674539 ], [ -78.215479, 40.685102 ], [ -78.201323, 40.698385 ], [ -78.195243, 40.697294 ], [ -78.170042, 40.712596 ], [ -78.15659, 40.71297 ], [ -78.155867, 40.717745 ], [ -78.116208, 40.739378 ], [ -77.94425, 40.691557 ], [ -77.824903, 40.743534 ], [ -77.768549, 40.719466 ], [ -77.718677, 40.727372 ], [ -77.710548, 40.714564 ], [ -77.681334, 40.729758 ], [ -77.676611, 40.716452 ], [ -77.700935, 40.70519 ], [ -77.700474, 40.694852 ], [ -77.708356, 40.690488 ], [ -77.703787, 40.679936 ], [ -77.682708, 40.682717 ], [ -77.75162, 40.6323 ], [ -77.77248, 40.625932 ], [ -77.8216, 40.578931 ], [ -77.841827, 40.550035 ], [ -77.815996, 40.499729 ], [ -77.835874, 40.484232 ], [ -77.896549, 40.417547 ], [ -77.912416, 40.408176 ], [ -77.913844, 40.398679 ], [ -77.889116, 40.398965 ], [ -77.887717, 40.391358 ], [ -77.870289, 40.392261 ], [ -77.872558, 40.381196 ], [ -77.855693, 40.364885 ], [ -77.838343, 40.36903 ], [ -77.818636, 40.360542 ], [ -77.810393, 40.368591 ], [ -77.76172, 40.368733 ], [ -77.75212, 40.378545 ], [ -77.70296, 40.26387 ], [ -77.724197, 40.250124 ], [ -77.768325, 40.204129 ], [ -77.862272, 40.062238 ], [ -77.92556, 40.103977 ], [ -78.078491, 40.13327 ], [ -78.236302, 40.224559 ], [ -78.257305, 40.297883 ], [ -78.235694, 40.333849 ], [ -78.214216, 40.356277 ], [ -78.156881, 40.436382 ], [ -78.129498, 40.485721 ], [ -78.133911, 40.498321 ], [ -78.150883, 40.486834 ], [ -78.1539, 40.492165 ], [ -78.147328, 40.533251 ], [ -78.128638, 40.567953 ], [ -78.135701, 40.569651 ], [ -78.149706, 40.541585 ], [ -78.166247, 40.531401 ], [ -78.176818, 40.534471 ], [ -78.197083, 40.558444 ], [ -78.17828, 40.583786 ], [ -78.179295, 40.592725 ], [ -78.184212, 40.595295 ], [ -78.166371, 40.617948 ], [ -78.17305, 40.62803 ], [ -78.17905, 40.626956 ], [ -78.197167, 40.63898 ], [ -78.198238, 40.64773 ] ] ] } },
{ "type": "Feature", "properties": { "fipsCode": 42039, "stateAbbr": "PA", "NAME": "Crawford", "NAMELSAD": "Crawford County" }, "geometry": { "type": "Polygon", "coordinates": [ [ [ -80.519354, 41.849563 ], [ -79.612071, 41.850328 ], [ -79.613173, 41.616868 ], [ -79.829111, 41.62207 ], [ -79.829722, 41.601953 ], [ -79.849609, 41.597764 ], [ -79.850054, 41.587056 ], [ -79.873015, 41.581268 ], [ -79.870031, 41.574255 ], [ -79.892732, 41.574138 ], [ -79.892757, 41.562168 ], [ -79.908606, 41.562174 ], [ -79.909471, 41.550149 ], [ -79.925369, 41.550208 ], [ -79.92334, 41.537596 ], [ -79.943296, 41.537837 ], [ -79.942227, 41.525348 ], [ -79.959188, 41.52544 ], [ -79.958146, 41.513535 ], [ -79.981536, 41.512887 ], [ -79.981779, 41.500156 ], [ -79.998696, 41.501032 ], [ -79.99873, 41.490092 ], [ -80.125596, 41.486278 ], [ -80.125369, 41.480396 ], [ -80.431147, 41.486958 ], [ -80.432089, 41.492089 ], [ -80.444896, 41.492269 ], [ -80.445001, 41.487118 ], [ -80.519216, 41.489111 ], [ -80.519354, 41.849563 ] ] ] } },
{ "type": "Feature", "properties": { "fipsCode": 54039, "stateAbbr": "WV", "NAME": "Kanawha", "NAMELSAD": "Kanawha County" }, "geometry": { "type": "Polygon", "coordinates": [ [ [ -81.755797, 38.581162 ], [ -81.750547, 38.591014 ], [ -81.738968, 38.599326 ], [ -81.728775, 38.596219 ], [ -81.696348, 38.626427 ], [ -81.643664, 38.566993 ], [ -81.635171, 38.563826 ], [ -81.632836, 38.55437 ], [ -81.578202, 38.577068 ], [ -81.522166, 38.612746 ], [ -81.507547, 38.582713 ], [ -81.471654, 38.546336 ], [ -81.465372, 38.549898 ], [ -81.349335, 38.541301 ], [ -81.30349, 38.534799 ], [ -81.274252, 38.52183 ], [ -81.220561, 38.531839 ], [ -81.194113, 38.527634 ], [ -81.283872, 38.472029 ], [ -81.254446, 38.375101 ], [ -81.231421, 38.263768 ], [ -81.314961, 38.180529 ], [ -81.329264, 38.182374 ], [ -81.326752, 38.174452 ], [ -81.380829, 37.969109 ], [ -81.39763, 37.967308 ], [ -81.412631, 37.974308 ], [ -81.418131, 37.967608 ], [ -81.430931, 37.971908 ], [ -81.437931, 37.967908 ], [ -81.443131, 37.974208 ], [ -81.458932, 37.978908 ], [ -81.453732, 37.993207 ], [ -81.465625, 38.005211 ], [ -81.463449, 38.013931 ], [ -81.468457, 38.015915 ], [ -81.460409, 38.030075 ], [ -81.476186, 38.047482 ], [ -81.477002, 38.058922 ], [ -81.48769, 38.060858 ], [ -81.491451, 38.067897 ], [ -81.505275, 38.060697 ], [ -81.516507, 38.063721 ], [ -81.517947, 38.069433 ], [ -81.539628, 38.078952 ], [ -81.534845, 38.095912 ], [ -81.520988, 38.10084 ], [ -81.516061, 38.112872 ], [ -81.533805, 38.121384 ], [ -81.545998, 38.119303 ], [ -81.546222, 38.124647 ], [ -81.539022, 38.130375 ], [ -81.545182, 38.137911 ], [ -81.555742, 38.141543 ], [ -81.569471, 38.137287 ], [ -81.574255, 38.144918 ], [ -81.581343, 38.14367 ], [ -81.589664, 38.157622 ], [ -81.599328, 38.161798 ], [ -81.595872, 38.167622 ], [ -81.606736, 38.170101 ], [ -81.602048, 38.176197 ], [ -81.624841, 38.178757 ], [ -81.633364, 38.171615 ], [ -81.634572, 38.177534 ], [ -81.641644, 38.176093 ], [ -81.639303, 38.180278 ], [ -81.648537, 38.185036 ], [ -81.644784, 38.194986 ], [ -81.652547, 38.203096 ], [ -81.643091, 38.210682 ], [ -81.643668, 38.220675 ], [ -81.659771, 38.223487 ], [ -81.687031, 38.218138 ], [ -81.696299, 38.227687 ], [ -81.705826, 38.227102 ], [ -81.708111, 38.223077 ], [ -81.725728, 38.221311 ], [ -81.727228, 38.213747 ], [ -81.720984, 38.214632 ], [ -81.72443, 38.205596 ], [ -81.73137, 38.205003 ], [ -81.737005, 38.198173 ], [ -81.753275, 38.20287 ], [ -81.755145, 38.218176 ], [ -81.765095, 38.227809 ], [ -81.783886, 38.230604 ], [ -81.789605, 38.209736 ], [ -81.810914, 38.208191 ], [ -81.814296, 38.199303 ], [ -81.812774, 38.189945 ], [ -81.801839, 38.178388 ], [ -81.818674, 38.184768 ], [ -81.836476, 38.219848 ], [ -81.833149, 38.222872 ], [ -81.818626, 38.217282 ], [ -81.820353, 38.229075 ], [ -81.809171, 38.220089 ], [ -81.801708, 38.221496 ], [ -81.810089, 38.227914 ], [ -81.807747, 38.233787 ], [ -81.812855, 38.241134 ], [ -81.820837, 38.242696 ], [ -81.802776, 38.250003 ], [ -81.810543, 38.257013 ], [ -81.801813, 38.262404 ], [ -81.808188, 38.269399 ], [ -81.806505, 38.293711 ], [ -81.812825, 38.311407 ], [ -81.830634, 38.322526 ], [ -81.845706, 38.313246 ], [ -81.885772, 38.31475 ], [ -81.915197, 38.325597 ], [ -81.900222, 38.398572 ], [ -81.834909, 38.429436 ], [ -81.822839, 38.429697 ], [ -81.819276, 38.435308 ], [ -81.8147, 38.43286 ], [ -81.723066, 38.467772 ], [ -81.721994, 38.474684 ], [ -81.727162, 38.476828 ], [ -81.733947, 38.49542 ], [ -81.731731, 38.503622 ], [ -81.742419, 38.508707 ], [ -81.742321, 38.5179 ], [ -81.754103, 38.524045 ], [ -81.750763, 38.526529 ], [ -81.755373, 38.533909 ], [ -81.747164, 38.553563 ], [ -81.751314, 38.579518 ], [ -81.755797, 38.581162 ] ] ] } },
{ "type": "Feature", "properties": { "fipsCode": 39037, "stateAbbr": "OH", "NAME": "Darke", "NAMELSAD": "Darke County" }, "geometry": { "type": "Polygon", "coordinates": [ [ [ -84.432282, 40.18084 ], [ -84.425902, 39.919622 ], [ -84.81241, 39.916915 ], [ -84.803894, 40.352758 ], [ -84.434631, 40.354259 ], [ -84.432575, 40.197037 ], [ -84.436332, 40.180801 ], [ -84.432282, 40.18084 ] ] ] } },
{ "type": "Feature", "properties": { "fipsCode": 39077, "stateAbbr": "OH", "NAME": "Huron", "NAMELSAD": "Huron County" }, "geometry": { "type": "Polygon", "coordinates": [ [ [ -82.841475, 41.290023 ], [ -82.342314, 41.283554 ], [ -82.336496, 41.065761 ], [ -82.436916, 41.065379 ], [ -82.432852, 40.992944 ], [ -82.829512, 40.996624 ], [ -82.841475, 41.290023 ] ] ] } },
{ "type": "Feature", "properties": { "fipsCode": 39173, "stateAbbr": "OH", "NAME": "Wood", "NAMELSAD": "Wood County" }, "geometry": { "type": "Polygon", "coordinates": [ [ [ -83.709636, 41.521852 ], [ -83.680084, 41.546859 ], [ -83.665635, 41.549251 ], [ -83.644935, 41.560751 ], [ -83.636135, 41.560251 ], [ -83.625634, 41.570051 ], [ -83.612734, 41.570751 ], [ -83.569934, 41.61715 ], [ -83.415941, 41.61911 ], [ -83.421054, 41.16678 ], [ -83.881149, 41.167824 ], [ -83.883234, 41.414503 ], [ -83.85426, 41.414451 ], [ -83.84562, 41.425028 ], [ -83.815731, 41.432892 ], [ -83.781681, 41.449341 ], [ -83.776986, 41.46286 ], [ -83.747217, 41.466216 ], [ -83.736417, 41.482004 ], [ -83.712432, 41.492856 ], [ -83.709636, 41.521852 ] ] ] } },
{ "type": "Feature", "properties": { "fipsCode": 42003, "stateAbbr": "PA", "NAME": "Allegheny", "NAMELSAD": "Allegheny County" }, "geometry": { "type": "Polygon", "coordinates": [ [ [ -79.764638, 40.390317 ], [ -79.788648, 40.297738 ], [ -79.775151, 40.286356 ], [ -79.795796, 40.281079 ], [ -79.787496, 40.262503 ], [ -79.80745, 40.236048 ], [ -79.782588, 40.227626 ], [ -79.871696, 40.197301 ], [ -79.910783, 40.196977 ], [ -79.929289, 40.207081 ], [ -79.95794, 40.214259 ], [ -79.971281, 40.228172 ], [ -79.962593, 40.238768 ], [ -79.930754, 40.242973 ], [ -79.914461, 40.252443 ], [ -80.184603, 40.333139 ], [ -80.360902, 40.477668 ], [ -80.21909, 40.581957 ], [ -80.212269, 40.582141 ], [ -80.194867, 40.596776 ], [ -80.184323, 40.59692 ], [ -80.188712, 40.599753 ], [ -80.180401, 40.609349 ], [ -80.165784, 40.60603 ], [ -80.14511, 40.613447 ], [ -80.148497, 40.673769 ], [ -79.692878, 40.669611 ], [ -79.695822, 40.661505 ], [ -79.688975, 40.645435 ], [ -79.694353, 40.635127 ], [ -79.721339, 40.608157 ], [ -79.761999, 40.594336 ], [ -79.773689, 40.580839 ], [ -79.774131, 40.568376 ], [ -79.76509, 40.549238 ], [ -79.735595, 40.548972 ], [ -79.701624, 40.525449 ], [ -79.703393, 40.451461 ], [ -79.706939, 40.422319 ], [ -79.717489, 40.413671 ], [ -79.727002, 40.414397 ], [ -79.722231, 40.408743 ], [ -79.730111, 40.408722 ], [ -79.732523, 40.399599 ], [ -79.744634, 40.396163 ], [ -79.751097, 40.388444 ], [ -79.760548, 40.392859 ], [ -79.764638, 40.390317 ] ] ] } },
{ "type": "Feature", "properties": { "fipsCode": 39097, "stateAbbr": "OH", "NAME": "Madison", "NAMELSAD": "Madison County" }, "geometry": { "type": "Polygon", "coordinates": [ [ [ -83.206273, 40.107733 ], [ -83.212196, 40.048069 ], [ -83.25535, 40.048247 ], [ -83.25168, 40.008376 ], [ -83.260877, 40.002807 ], [ -83.246112, 39.987323 ], [ -83.250411, 39.970711 ], [ -83.246938, 39.971139 ], [ -83.240014, 39.959766 ], [ -83.241699, 39.952552 ], [ -83.225643, 39.932262 ], [ -83.252031, 39.917363 ], [ -83.243659, 39.81355 ], [ -83.252435, 39.695438 ], [ -83.65333, 39.716876 ], [ -83.647169, 39.773029 ], [ -83.589909, 39.768812 ], [ -83.512625, 40.010023 ], [ -83.516155, 40.010188 ], [ -83.503714, 40.111468 ], [ -83.206273, 40.107733 ] ] ] } },
{ "type": "Feature", "properties": { "fipsCode": 39065, "stateAbbr": "OH", "NAME": "Hardin", "NAMELSAD": "Hardin County" }, "geometry": { "type": "Polygon", "coordinates": [ [ [ -83.880063, 40.819919 ], [ -83.496296, 40.81794 ], [ -83.495798, 40.701515 ], [ -83.440169, 40.702201 ], [ -83.440278, 40.687611 ], [ -83.419836, 40.686823 ], [ -83.415624, 40.515366 ], [ -83.41867, 40.505229 ], [ -83.520387, 40.504061 ], [ -83.519727, 40.509623 ], [ -83.880001, 40.531893 ], [ -83.880063, 40.819919 ] ] ] } },
{ "type": "Feature", "properties": { "fipsCode": 54093, "stateAbbr": "WV", "NAME": "Tucker", "NAMELSAD": "Tucker County" }, "geometry": { "type": "Polygon", "coordinates": [ [ [ -79.447573, 39.184207 ], [ -79.442172, 39.191707 ], [ -79.428772, 39.186707 ], [ -79.423371, 39.191107 ], [ -79.40087, 39.190307 ], [ -79.381569, 39.204206 ], [ -79.365068, 39.199406 ], [ -79.357368, 39.208106 ], [ -79.348466, 39.207005 ], [ -79.345066, 39.213806 ], [ -79.334565, 39.214806 ], [ -79.323466, 39.208006 ], [ -79.317663, 39.212404 ], [ -79.309461, 39.211003 ], [ -79.289264, 39.189706 ], [ -79.308566, 39.182005 ], [ -79.312968, 39.177406 ], [ -79.311965, 39.169807 ], [ -79.322166, 39.164107 ], [ -79.331766, 39.147807 ], [ -79.326566, 39.132807 ], [ -79.335966, 39.127207 ], [ -79.331305, 39.118839 ], [ -79.345609, 39.109154 ], [ -79.348202, 39.093742 ], [ -79.355468, 39.086508 ], [ -79.334094, 39.082656 ], [ -79.327419, 39.073828 ], [ -79.314705, 39.07025 ], [ -79.306567, 39.077034 ], [ -79.298164, 39.07321 ], [ -79.30385, 39.046963 ], [ -79.317855, 39.037247 ], [ -79.310244, 39.030293 ], [ -79.312276, 39.019163 ], [ -79.320418, 39.012153 ], [ -79.31979, 39.001802 ], [ -79.328779, 38.995697 ], [ -79.330466, 38.98261 ], [ -79.342667, 38.968109 ], [ -79.379268, 38.96581 ], [ -79.408663, 38.973835 ], [ -79.473185, 38.978044 ], [ -79.495583, 38.977371 ], [ -79.503815, 38.969929 ], [ -79.508765, 38.975173 ], [ -79.785685, 39.037404 ], [ -79.776989, 39.046505 ], [ -79.779189, 39.055805 ], [ -79.773989, 39.063105 ], [ -79.779589, 39.084404 ], [ -79.799389, 39.108003 ], [ -79.81599, 39.112503 ], [ -79.821191, 39.118303 ], [ -79.825092, 39.115803 ], [ -79.830892, 39.119403 ], [ -79.829192, 39.125803 ], [ -79.838093, 39.131002 ], [ -79.832993, 39.154202 ], [ -79.827491, 39.160402 ], [ -79.828593, 39.178002 ], [ -79.822193, 39.186502 ], [ -79.826793, 39.194801 ], [ -79.814188, 39.209401 ], [ -79.816691, 39.2186 ], [ -79.808991, 39.2236 ], [ -79.810089, 39.2303 ], [ -79.687283, 39.271398 ], [ -79.507576, 39.216206 ], [ -79.484575, 39.189607 ], [ -79.467774, 39.178907 ], [ -79.447573, 39.184207 ] ] ] } },
{ "type": "Feature", "properties": { "fipsCode": 18157, "stateAbbr": "IN", "NAME": "Tippecanoe", "NAMELSAD": "Tippecanoe County" }, "geometry": { "type": "Polygon", "coordinates": [ [ [ -86.697605, 40.561881 ], [ -86.695637, 40.214367 ], [ -87.092527, 40.214654 ], [ -87.095357, 40.562895 ], [ -86.697605, 40.561881 ] ] ] } },
{ "type": "Feature", "properties": { "fipsCode": 42109, "stateAbbr": "PA", "NAME": "Snyder", "NAMELSAD": "Snyder County" }, "geometry": { "type": "Polygon", "coordinates": [ [ [ -76.812812, 40.847106 ], [ -76.848738, 40.810632 ], [ -76.856094, 40.791211 ], [ -76.859252, 40.777043 ], [ -76.855361, 40.728558 ], [ -76.863396, 40.70765 ], [ -76.879554, 40.687445 ], [ -76.910189, 40.669255 ], [ -76.927625, 40.645707 ], [ -76.939883, 40.638142 ], [ -76.945221, 40.650333 ], [ -76.965461, 40.647212 ], [ -76.967495, 40.641255 ], [ -76.986631, 40.644025 ], [ -76.997289, 40.635711 ], [ -77.006054, 40.642615 ], [ -77.010445, 40.661609 ], [ -77.029501, 40.655562 ], [ -77.034409, 40.659928 ], [ -77.037844, 40.679544 ], [ -77.045769, 40.675637 ], [ -77.06072, 40.679932 ], [ -77.093607, 40.676121 ], [ -77.100211, 40.687952 ], [ -77.109597, 40.691578 ], [ -77.150751, 40.67708 ], [ -77.354097, 40.701667 ], [ -77.356628, 40.807334 ], [ -77.321639, 40.817102 ], [ -77.074058, 40.868333 ], [ -77.052027, 40.869387 ], [ -77.019873, 40.857929 ], [ -77.004828, 40.872129 ], [ -76.94155, 40.888071 ], [ -76.912335, 40.88454 ], [ -76.890804, 40.888719 ], [ -76.87736, 40.884399 ], [ -76.834517, 40.889621 ], [ -76.808241, 40.878609 ], [ -76.799277, 40.878565 ], [ -76.800242, 40.881994 ], [ -76.798714, 40.878366 ], [ -76.799516, 40.875707 ], [ -76.812812, 40.847106 ] ] ] } },
{ "type": "Feature", "properties": { "fipsCode": 18091, "stateAbbr": "IN", "NAME": "LaPorte", "NAMELSAD": "LaPorte County" }, "geometry": { "type": "Polygon", "coordinates": [ [ [ -86.642542, 41.432639 ], [ -86.670798, 41.413873 ], [ -86.700374, 41.402337 ], [ -86.739889, 41.321853 ], [ -86.783401, 41.28551 ], [ -86.814083, 41.273602 ], [ -86.870155, 41.264622 ], [ -86.920428, 41.245092 ], [ -86.930079, 41.236798 ], [ -86.933334, 41.761035 ], [ -86.524217, 41.759659 ], [ -86.526682, 41.65044 ], [ -86.487567, 41.649325 ], [ -86.486263, 41.588901 ], [ -86.486433, 41.570545 ], [ -86.498158, 41.561083 ], [ -86.500286, 41.52101 ], [ -86.52494, 41.519675 ], [ -86.524711, 41.432886 ], [ -86.642542, 41.432639 ] ] ] } },
{ "type": "Feature", "properties": { "fipsCode": 18057, "stateAbbr": "IN", "NAME": "Hamilton", "NAMELSAD": "Hamilton County" }, "geometry": { "type": "Polygon", "coordinates": [ [ [ -85.862395, 39.928943 ], [ -86.240736, 39.926062 ], [ -86.242743, 40.215834 ], [ -85.861903, 40.218936 ], [ -85.862395, 39.928943 ] ] ] } },
{ "type": "Feature", "properties": { "fipsCode": 39069, "stateAbbr": "OH", "NAME": "Henry", "NAMELSAD": "Henry County" }, "geometry": { "type": "Polygon", "coordinates": [ [ [ -83.881149, 41.167824 ], [ -84.228222, 41.165862 ], [ -84.228454, 41.42781 ], [ -84.341664, 41.427568 ], [ -84.341902, 41.485519 ], [ -83.882943, 41.487543 ], [ -83.881149, 41.167824 ] ] ] } },
{ "type": "Feature", "properties": { "fipsCode": 18129, "stateAbbr": "IN", "NAME": "Posey", "NAMELSAD": "Posey County" }, "geometry": { "type": "Polygon", "coordinates": [ [ [ -87.815729, 37.875592 ], [ -87.839668, 37.88078 ], [ -87.875025, 37.922864 ], [ -87.893637, 37.928049 ], [ -87.904467, 37.925179 ], [ -87.938163, 37.89106 ], [ -87.940977, 37.879473 ], [ -87.935562, 37.867106 ], [ -87.910362, 37.843748 ], [ -87.904203, 37.813162 ], [ -87.907848, 37.80684 ], [ -87.934129, 37.796414 ], [ -87.950115, 37.771909 ], [ -87.959495, 37.772957 ], [ -87.972851, 37.785371 ], [ -88.004715, 37.800104 ], [ -88.02802, 37.799197 ], [ -88.029818, 37.806274 ], [ -88.037623, 37.809864 ], [ -88.066878, 37.800559 ], [ -88.090569, 37.817629 ], [ -88.090884, 37.824468 ], [ -88.081932, 37.830682 ], [ -88.043831, 37.821525 ], [ -88.031533, 37.825092 ], [ -88.025921, 37.832694 ], [ -88.031419, 37.841203 ], [ -88.065036, 37.853172 ], [ -88.078529, 37.879118 ], [ -88.097892, 37.901517 ], [ -88.095662, 37.905808 ], [ -88.086237, 37.905713 ], [ -88.055373, 37.891238 ], [ -88.031277, 37.892966 ], [ -88.021117, 37.888057 ], [ -88.013451, 37.893951 ], [ -88.022513, 37.914756 ], [ -88.059209, 37.917189 ], [ -88.069468, 37.925704 ], [ -88.057127, 37.934151 ], [ -88.044989, 37.925099 ], [ -88.034065, 37.926159 ], [ -88.03034, 37.931045 ], [ -88.036793, 37.956793 ], [ -88.020868, 37.959351 ], [ -88.012929, 37.966544 ], [ -88.012574, 37.977062 ], [ -88.025831, 38.007245 ], [ -88.021031, 38.019345 ], [ -88.007931, 38.030845 ], [ -88.017631, 38.034745 ], [ -88.034132, 38.032045 ], [ -88.041532, 38.037345 ], [ -88.042132, 38.046345 ], [ -88.030032, 38.052145 ], [ -88.00133, 38.051545 ], [ -87.978735, 38.059815 ], [ -87.967226, 38.067105 ], [ -87.956664, 38.086202 ], [ -87.960677, 38.100191 ], [ -88.01139, 38.084691 ], [ -88.015114, 38.101411 ], [ -87.998224, 38.108557 ], [ -87.976058, 38.109562 ], [ -87.972998, 38.125046 ], [ -87.966393, 38.132506 ], [ -87.954858, 38.132622 ], [ -87.945472, 38.126616 ], [ -87.925811, 38.143633 ], [ -87.927899, 38.151646 ], [ -87.910924, 38.162557 ], [ -87.913088, 38.17153 ], [ -87.92172, 38.17381 ], [ -87.925963, 38.159342 ], [ -87.934637, 38.156748 ], [ -87.937162, 38.172189 ], [ -87.969865, 38.191786 ], [ -87.982763, 38.206705 ], [ -87.983732, 38.230354 ], [ -87.799169, 38.22858 ], [ -87.799677, 38.201944 ], [ -87.688208, 38.201001 ], [ -87.688918, 38.12471 ], [ -87.696775, 38.124843 ], [ -87.700786, 37.89742 ], [ -87.718752, 37.892541 ], [ -87.758128, 37.891883 ], [ -87.786696, 37.876587 ], [ -87.815729, 37.875592 ] ] ] } },
{ "type": "Feature", "properties": { "fipsCode": 54087, "stateAbbr": "WV", "NAME": "Roane", "NAMELSAD": "Roane County" }, "geometry": { "type": "Polygon", "coordinates": [ [ [ -81.212288, 38.779957 ], [ -81.195867, 38.767443 ], [ -81.19807, 38.763883 ], [ -81.188783, 38.752155 ], [ -81.171819, 38.739805 ], [ -81.168895, 38.730544 ], [ -81.175868, 38.723119 ], [ -81.171447, 38.720622 ], [ -81.172165, 38.707444 ], [ -81.166676, 38.69507 ], [ -81.174, 38.680903 ], [ -81.161932, 38.672764 ], [ -81.166211, 38.660766 ], [ -81.15831, 38.658379 ], [ -81.162486, 38.652209 ], [ -81.158582, 38.644037 ], [ -81.131599, 38.63826 ], [ -81.123694, 38.630929 ], [ -81.102097, 38.63898 ], [ -81.096637, 38.628606 ], [ -81.089697, 38.628448 ], [ -81.082896, 38.618902 ], [ -81.08371, 38.611982 ], [ -81.130775, 38.565948 ], [ -81.194113, 38.527634 ], [ -81.220561, 38.531839 ], [ -81.274252, 38.52183 ], [ -81.30349, 38.534799 ], [ -81.349335, 38.541301 ], [ -81.465372, 38.549898 ], [ -81.471654, 38.546336 ], [ -81.507547, 38.582713 ], [ -81.546631, 38.672387 ], [ -81.529173, 38.748304 ], [ -81.521434, 38.824014 ], [ -81.530162, 38.894788 ], [ -81.526778, 38.902039 ], [ -81.511456, 38.904255 ], [ -81.509637, 38.912313 ], [ -81.496244, 38.924828 ], [ -81.467363, 38.927503 ], [ -81.448148, 38.941645 ], [ -81.415086, 38.920725 ], [ -81.343911, 38.895633 ], [ -81.278412, 38.914867 ], [ -81.270355, 38.914193 ], [ -81.270799, 38.906068 ], [ -81.262885, 38.91103 ], [ -81.258329, 38.906952 ], [ -81.259982, 38.901435 ], [ -81.248917, 38.896819 ], [ -81.259598, 38.892068 ], [ -81.238268, 38.881409 ], [ -81.241174, 38.8782 ], [ -81.237185, 38.874094 ], [ -81.242399, 38.872901 ], [ -81.237815, 38.868602 ], [ -81.243272, 38.865122 ], [ -81.235487, 38.861525 ], [ -81.245541, 38.858613 ], [ -81.246251, 38.852514 ], [ -81.238755, 38.847302 ], [ -81.228134, 38.852288 ], [ -81.228378, 38.846562 ], [ -81.220791, 38.843604 ], [ -81.215047, 38.830895 ], [ -81.215205, 38.824461 ], [ -81.224594, 38.825531 ], [ -81.220828, 38.817677 ], [ -81.226983, 38.813792 ], [ -81.220781, 38.81097 ], [ -81.225871, 38.8041 ], [ -81.217715, 38.798568 ], [ -81.227629, 38.792823 ], [ -81.219066, 38.789506 ], [ -81.223116, 38.787113 ], [ -81.220323, 38.784847 ], [ -81.207874, 38.784888 ], [ -81.212288, 38.779957 ] ] ] } },
{ "type": "Feature", "properties": { "fipsCode": 42051, "stateAbbr": "PA", "NAME": "Fayette", "NAMELSAD": "Fayette County" }, "geometry": { "type": "Polygon", "coordinates": [ [ [ -79.378303, 39.936651 ], [ -79.417558, 39.853776 ], [ -79.381956, 39.836861 ], [ -79.382068, 39.827082 ], [ -79.369107, 39.824671 ], [ -79.363957, 39.806777 ], [ -79.368849, 39.801458 ], [ -79.367057, 39.793277 ], [ -79.351257, 39.786577 ], [ -79.358557, 39.781377 ], [ -79.380058, 39.790077 ], [ -79.383058, 39.782477 ], [ -79.394958, 39.783377 ], [ -79.378658, 39.768877 ], [ -79.398558, 39.758277 ], [ -79.394058, 39.743277 ], [ -79.407959, 39.741977 ], [ -79.409959, 39.734978 ], [ -79.392659, 39.732678 ], [ -79.389459, 39.727078 ], [ -79.392459, 39.721578 ], [ -79.916263, 39.720774 ], [ -79.903379, 39.742978 ], [ -79.913079, 39.751677 ], [ -79.93078, 39.757877 ], [ -79.934411, 39.781277 ], [ -79.908577, 39.793477 ], [ -79.920643, 39.813415 ], [ -79.924376, 39.838176 ], [ -79.938577, 39.844876 ], [ -79.92465, 39.855056 ], [ -79.930276, 39.869276 ], [ -79.915358, 39.879612 ], [ -79.929406, 39.905675 ], [ -79.923069, 39.920987 ], [ -79.957246, 39.953274 ], [ -79.998816, 39.95089 ], [ -80.009344, 39.958794 ], [ -80.010623, 39.972682 ], [ -80.005855, 39.980202 ], [ -79.991374, 39.985546 ], [ -79.995726, 40.005097 ], [ -79.988232, 40.011906 ], [ -79.96935, 40.013117 ], [ -79.95462, 39.995274 ], [ -79.946732, 39.99425 ], [ -79.934523, 39.999626 ], [ -79.924844, 40.016124 ], [ -79.909962, 40.022026 ], [ -79.889954, 40.022462 ], [ -79.879992, 40.028282 ], [ -79.877048, 40.036826 ], [ -79.891913, 40.048201 ], [ -79.879401, 40.064409 ], [ -79.898489, 40.071273 ], [ -79.901434, 40.076729 ], [ -79.891705, 40.080361 ], [ -79.862456, 40.075657 ], [ -79.845911, 40.081225 ], [ -79.838999, 40.090601 ], [ -79.850088, 40.11396 ], [ -79.877864, 40.126959 ], [ -79.875296, 40.12953 ], [ -79.816113, 40.128375 ], [ -79.816594, 40.132791 ], [ -79.805804, 40.127528 ], [ -79.746056, 40.128457 ], [ -79.734596, 40.120904 ], [ -79.72438, 40.123123 ], [ -79.718499, 40.116921 ], [ -79.722865, 40.113179 ], [ -79.708123, 40.107704 ], [ -79.685624, 40.113823 ], [ -79.683794, 40.10862 ], [ -79.667579, 40.104542 ], [ -79.668118, 40.09701 ], [ -79.658245, 40.097087 ], [ -79.654083, 40.089294 ], [ -79.641098, 40.088317 ], [ -79.642371, 40.083628 ], [ -79.626998, 40.088424 ], [ -79.621958, 40.094533 ], [ -79.603674, 40.090839 ], [ -79.602294, 40.082998 ], [ -79.593021, 40.082055 ], [ -79.593314, 40.09093 ], [ -79.584576, 40.097834 ], [ -79.585377, 40.102125 ], [ -79.560602, 40.105216 ], [ -79.556577, 40.112833 ], [ -79.542073, 40.11189 ], [ -79.535179, 40.128109 ], [ -79.527362, 40.122961 ], [ -79.504401, 40.140941 ], [ -79.473183, 40.145652 ], [ -79.461522, 40.144098 ], [ -79.447478, 40.133233 ], [ -79.44744, 40.12605 ], [ -79.43792, 40.11604 ], [ -79.40193, 40.10283 ], [ -79.393288, 40.090609 ], [ -79.355528, 40.074289 ], [ -79.34177, 40.04317 ], [ -79.293644, 40.040793 ], [ -79.338466, 39.982014 ], [ -79.342585, 39.982056 ], [ -79.35412, 39.958064 ], [ -79.372884, 39.936522 ], [ -79.378303, 39.936651 ] ] ] } },
{ "type": "Feature", "properties": { "fipsCode": 54023, "stateAbbr": "WV", "NAME": "Grant", "NAMELSAD": "Grant County" }, "geometry": { "type": "Polygon", "coordinates": [ [ [ -79.089528, 39.038334 ], [ -79.077755, 39.021809 ], [ -79.082655, 39.016109 ], [ -79.082633, 39.002067 ], [ -79.045953, 38.92871 ], [ -79.074455, 38.898611 ], [ -79.086054, 38.893911 ], [ -79.080755, 38.877011 ], [ -79.082955, 38.869311 ], [ -79.134296, 38.81334 ], [ -79.357666, 38.964509 ], [ -79.341567, 38.968809 ], [ -79.330466, 38.98261 ], [ -79.328967, 38.995303 ], [ -79.31979, 39.001802 ], [ -79.320418, 39.012153 ], [ -79.310977, 39.024724 ], [ -79.310746, 39.03146 ], [ -79.317855, 39.037247 ], [ -79.30385, 39.046963 ], [ -79.298164, 39.07321 ], [ -79.306567, 39.077034 ], [ -79.314705, 39.07025 ], [ -79.327419, 39.073828 ], [ -79.334094, 39.082656 ], [ -79.355468, 39.086508 ], [ -79.348202, 39.093742 ], [ -79.345609, 39.109154 ], [ -79.331305, 39.118839 ], [ -79.335966, 39.127207 ], [ -79.326566, 39.132807 ], [ -79.331766, 39.147807 ], [ -79.322166, 39.164107 ], [ -79.311965, 39.169807 ], [ -79.312968, 39.177406 ], [ -79.308166, 39.182305 ], [ -79.289464, 39.188606 ], [ -79.296663, 39.198406 ], [ -79.309461, 39.211003 ], [ -79.317663, 39.212404 ], [ -79.323466, 39.208006 ], [ -79.333165, 39.214806 ], [ -79.343666, 39.214206 ], [ -79.348466, 39.207005 ], [ -79.357368, 39.208106 ], [ -79.365068, 39.199406 ], [ -79.381569, 39.204206 ], [ -79.40087, 39.190307 ], [ -79.423371, 39.191107 ], [ -79.428772, 39.186707 ], [ -79.442172, 39.191707 ], [ -79.443472, 39.185407 ], [ -79.467474, 39.178807 ], [ -79.486175, 39.191607 ], [ -79.486875, 39.205896 ], [ -79.472949, 39.202138 ], [ -79.467387, 39.208765 ], [ -79.453304, 39.21047 ], [ -79.425713, 39.225314 ], [ -79.425221, 39.234477 ], [ -79.412217, 39.240193 ], [ -79.387338, 39.26782 ], [ -79.357525, 39.276305 ], [ -79.351308, 39.285071 ], [ -79.344915, 39.284969 ], [ -79.346011, 39.29396 ], [ -79.313944, 39.304706 ], [ -79.290395, 39.299452 ], [ -79.282477, 39.322812 ], [ -79.274565, 39.327576 ], [ -79.134456, 39.312501 ], [ -78.979898, 39.237624 ], [ -78.997108, 39.21285 ], [ -79.00155, 39.195204 ], [ -79.036077, 39.150002 ], [ -79.02877, 39.14176 ], [ -79.038854, 39.130385 ], [ -79.037052, 39.119306 ], [ -79.052953, 39.104507 ], [ -79.050953, 39.100507 ], [ -79.057353, 39.090907 ], [ -79.065954, 39.087107 ], [ -79.068354, 39.076107 ], [ -79.077854, 39.072208 ], [ -79.072854, 39.065208 ], [ -79.089528, 39.038334 ] ] ] } },
{ "type": "Feature", "properties": { "fipsCode": 54101, "stateAbbr": "WV", "NAME": "Webster", "NAMELSAD": "Webster County" }, "geometry": { "type": "Polygon", "coordinates": [ [ [ -80.678291, 38.503492 ], [ -80.508655, 38.645553 ], [ -80.457332, 38.739169 ], [ -80.445248, 38.726848 ], [ -80.436084, 38.725554 ], [ -80.426873, 38.73111 ], [ -80.412301, 38.728411 ], [ -80.413677, 38.724473 ], [ -80.406946, 38.722756 ], [ -80.400969, 38.730055 ], [ -80.394697, 38.725984 ], [ -80.368382, 38.73328 ], [ -80.353302, 38.730688 ], [ -80.344868, 38.720336 ], [ -80.331263, 38.71807 ], [ -80.332563, 38.703776 ], [ -80.320609, 38.694186 ], [ -80.318351, 38.684319 ], [ -80.305294, 38.684558 ], [ -80.280059, 38.694867 ], [ -80.183931, 38.525386 ], [ -80.245518, 38.388457 ], [ -80.330267, 38.335758 ], [ -80.352171, 38.345337 ], [ -80.360048, 38.225845 ], [ -80.609479, 38.358637 ], [ -80.612755, 38.366983 ], [ -80.62552, 38.354392 ], [ -80.633443, 38.375108 ], [ -80.661668, 38.41251 ], [ -80.640725, 38.424173 ], [ -80.678291, 38.503492 ] ] ] } },
{ "type": "Feature", "properties": { "fipsCode": 18043, "stateAbbr": "IN", "NAME": "Floyd", "NAMELSAD": "Floyd County" }, "geometry": { "type": "Polygon", "coordinates": [ [ [ -86.032557, 38.330825 ], [ -86.032769, 38.417929 ], [ -85.99462, 38.418345 ], [ -85.994629, 38.410865 ], [ -85.966886, 38.410876 ], [ -85.966719, 38.403659 ], [ -85.807726, 38.404313 ], [ -85.76103, 38.350349 ], [ -85.782964, 38.338939 ], [ -85.789889, 38.339931 ], [ -85.783291, 38.331865 ], [ -85.796986, 38.332881 ], [ -85.794432, 38.325096 ], [ -85.782947, 38.320832 ], [ -85.793661, 38.314645 ], [ -85.787668, 38.308383 ], [ -85.795961, 38.306571 ], [ -85.79051, 38.290043 ], [ -85.829065, 38.276554 ], [ -85.836588, 38.264072 ], [ -85.838921, 38.240331 ], [ -85.844048, 38.231564 ], [ -85.877543, 38.205666 ], [ -85.899613, 38.180416 ], [ -85.900099, 38.185471 ], [ -85.958023, 38.185939 ], [ -85.955199, 38.25774 ], [ -85.973837, 38.258075 ], [ -85.973706, 38.272763 ], [ -85.992411, 38.272789 ], [ -85.995324, 38.301844 ], [ -86.014216, 38.301812 ], [ -86.014313, 38.330645 ], [ -86.032557, 38.330825 ] ] ] } },
{ "type": "Feature", "properties": { "fipsCode": 54045, "stateAbbr": "WV", "NAME": "Logan", "NAMELSAD": "Logan County" }, "geometry": { "type": "Polygon", "coordinates": [ [ [ -81.91673, 37.680503 ], [ -81.930252, 37.682007 ], [ -81.944826, 37.671219 ], [ -81.955443, 37.675007 ], [ -81.966644, 37.664507 ], [ -81.979444, 37.668107 ], [ -81.985444, 37.658907 ], [ -81.991844, 37.658307 ], [ -81.987344, 37.650607 ], [ -81.993444, 37.640607 ], [ -82.000404, 37.645271 ], [ -82.00103, 37.662461 ], [ -82.022647, 37.668151 ], [ -82.024014, 37.682273 ], [ -82.031789, 37.685811 ], [ -82.041254, 37.701589 ], [ -82.055676, 37.701531 ], [ -82.056933, 37.705797 ], [ -82.082648, 37.701565 ], [ -82.080751, 37.705932 ], [ -82.085948, 37.707094 ], [ -82.083839, 37.71389 ], [ -82.088288, 37.717573 ], [ -82.08564, 37.72167 ], [ -82.091989, 37.722535 ], [ -82.085222, 37.729786 ], [ -82.094026, 37.73473 ], [ -82.091169, 37.742209 ], [ -82.105628, 37.750512 ], [ -82.11704, 37.747606 ], [ -82.109349, 37.7593 ], [ -82.110996, 37.766239 ], [ -82.100361, 37.766947 ], [ -82.104131, 37.771025 ], [ -82.09989, 37.786983 ], [ -82.107081, 37.788675 ], [ -82.102067, 37.797864 ], [ -82.122878, 37.80474 ], [ -82.124854, 37.810833 ], [ -82.133455, 37.810396 ], [ -82.133639, 37.826251 ], [ -82.146176, 37.837862 ], [ -82.134802, 37.846645 ], [ -82.112816, 37.853148 ], [ -82.112334, 37.859708 ], [ -82.119874, 37.858216 ], [ -82.128809, 37.87785 ], [ -82.118542, 37.881789 ], [ -82.120161, 37.892392 ], [ -82.127864, 37.90081 ], [ -82.144385, 37.900884 ], [ -82.159835, 37.90754 ], [ -82.163476, 37.923469 ], [ -82.173275, 37.929321 ], [ -82.172238, 37.936485 ], [ -82.185847, 37.942479 ], [ -82.181107, 37.950937 ], [ -82.197169, 37.962696 ], [ -82.190658, 37.974778 ], [ -82.044575, 38.014757 ], [ -82.027488, 38.014371 ], [ -82.012871, 38.022265 ], [ -81.998448, 38.020353 ], [ -81.988776, 38.024884 ], [ -81.972321, 38.018663 ], [ -81.966833, 38.023545 ], [ -81.94333, 38.021116 ], [ -81.933851, 38.025801 ], [ -81.979445, 37.991639 ], [ -81.977548, 37.9823 ], [ -81.949947, 37.971801 ], [ -81.936847, 37.977401 ], [ -81.912346, 37.975501 ], [ -81.902245, 37.968702 ], [ -81.902181, 37.960072 ], [ -81.910942, 37.955575 ], [ -81.902611, 37.953122 ], [ -81.903206, 37.949798 ], [ -81.873575, 37.952249 ], [ -81.814567, 37.94724 ], [ -81.801141, 37.936304 ], [ -81.781741, 37.934704 ], [ -81.77254, 37.912904 ], [ -81.760639, 37.911305 ], [ -81.764439, 37.905305 ], [ -81.759639, 37.903405 ], [ -81.757039, 37.892505 ], [ -81.759139, 37.885105 ], [ -81.782239, 37.867205 ], [ -81.771639, 37.861906 ], [ -81.774439, 37.853806 ], [ -81.767239, 37.855906 ], [ -81.762338, 37.849006 ], [ -81.745938, 37.844106 ], [ -81.750397, 37.838189 ], [ -81.742237, 37.827007 ], [ -81.730637, 37.824707 ], [ -81.731937, 37.816107 ], [ -81.723136, 37.809607 ], [ -81.713336, 37.810007 ], [ -81.699536, 37.823707 ], [ -81.690936, 37.821707 ], [ -81.679935, 37.830607 ], [ -81.667535, 37.829208 ], [ -81.658735, 37.834408 ], [ -81.654734, 37.828608 ], [ -81.648034, 37.830308 ], [ -81.650134, 37.825808 ], [ -81.644034, 37.823208 ], [ -81.646434, 37.817808 ], [ -81.635433, 37.811108 ], [ -81.632333, 37.803409 ], [ -81.617933, 37.799909 ], [ -81.607532, 37.788709 ], [ -81.623732, 37.782509 ], [ -81.627533, 37.785709 ], [ -81.638033, 37.777609 ], [ -81.657134, 37.779809 ], [ -81.665734, 37.775009 ], [ -81.669734, 37.778909 ], [ -81.675135, 37.772709 ], [ -81.693835, 37.774108 ], [ -81.707836, 37.763408 ], [ -81.740636, 37.759808 ], [ -81.743336, 37.764408 ], [ -81.754937, 37.755508 ], [ -81.761937, 37.756608 ], [ -81.764537, 37.751708 ], [ -81.701734, 37.701409 ], [ -81.716435, 37.700909 ], [ -81.733235, 37.693209 ], [ -81.736935, 37.682609 ], [ -81.746936, 37.679609 ], [ -81.755636, 37.685709 ], [ -81.765136, 37.677709 ], [ -81.777737, 37.678009 ], [ -81.780037, 37.672509 ], [ -81.793037, 37.670909 ], [ -81.814438, 37.655309 ], [ -81.833739, 37.671708 ], [ -81.850284, 37.66437 ], [ -81.86884, 37.680008 ], [ -81.87484, 37.670108 ], [ -81.902341, 37.661208 ], [ -81.91673, 37.680503 ] ] ] } },
{ "type": "Feature", "properties": { "fipsCode": 54073, "stateAbbr": "WV", "NAME": "Pleasants", "NAMELSAD": "Pleasants County" }, "geometry": { "type": "Polygon", "coordinates": [ [ [ -81.210833, 39.403563 ], [ -81.179934, 39.435121 ], [ -81.134434, 39.445075 ], [ -81.121533, 39.457775 ], [ -81.106913, 39.463571 ], [ -81.09565, 39.457181 ], [ -81.079107, 39.467523 ], [ -81.056671, 39.463404 ], [ -81.054218, 39.467969 ], [ -81.061269, 39.476432 ], [ -81.030541, 39.468009 ], [ -81.025429, 39.463689 ], [ -81.007836, 39.350923 ], [ -81.017432, 39.351577 ], [ -81.023532, 39.346477 ], [ -81.036732, 39.350377 ], [ -81.039732, 39.338877 ], [ -81.044232, 39.338277 ], [ -81.044432, 39.328777 ], [ -81.060432, 39.322677 ], [ -81.081046, 39.331186 ], [ -81.102517, 39.323277 ], [ -81.113119, 39.324056 ], [ -81.11874, 39.315391 ], [ -81.132334, 39.315077 ], [ -81.135834, 39.310477 ], [ -81.164722, 39.312049 ], [ -81.172206, 39.305478 ], [ -81.189135, 39.314076 ], [ -81.190328, 39.30508 ], [ -81.221036, 39.308175 ], [ -81.232335, 39.290075 ], [ -81.231735, 39.273276 ], [ -81.239477, 39.268328 ], [ -81.260261, 39.281364 ], [ -81.260275, 39.291251 ], [ -81.265645, 39.295456 ], [ -81.324074, 39.298447 ], [ -81.327932, 39.322094 ], [ -81.335111, 39.324125 ], [ -81.341014, 39.318966 ], [ -81.348643, 39.328791 ], [ -81.357552, 39.325179 ], [ -81.355598, 39.320922 ], [ -81.366413, 39.324065 ], [ -81.361591, 39.325457 ], [ -81.36723, 39.32852 ], [ -81.371478, 39.342503 ], [ -81.344927, 39.346794 ], [ -81.270292, 39.386047 ], [ -81.244359, 39.39041 ], [ -81.217315, 39.38759 ], [ -81.211654, 39.392977 ], [ -81.210833, 39.403563 ] ] ] } },
{ "type": "Feature", "properties": { "fipsCode": 54019, "stateAbbr": "WV", "NAME": "Fayette", "NAMELSAD": "Fayette County" }, "geometry": { "type": "Polygon", "coordinates": [ [ [ -81.295063, 37.941468 ], [ -81.322223, 37.952316 ], [ -81.328492, 37.966678 ], [ -81.342868, 37.969847 ], [ -81.347, 37.976672 ], [ -81.380843, 37.969045 ], [ -81.326752, 38.174452 ], [ -81.329264, 38.182374 ], [ -81.314961, 38.180529 ], [ -81.231491, 38.263426 ], [ -81.220646, 38.261903 ], [ -81.22074, 38.254369 ], [ -81.192438, 38.249543 ], [ -81.193698, 38.241493 ], [ -81.185606, 38.23716 ], [ -81.194604, 38.23304 ], [ -81.192784, 38.228978 ], [ -81.176385, 38.233697 ], [ -81.154376, 38.22629 ], [ -81.143449, 38.23625 ], [ -81.133569, 38.23548 ], [ -81.110842, 38.213464 ], [ -81.084499, 38.204337 ], [ -81.08357, 38.19936 ], [ -81.074726, 38.196105 ], [ -81.065437, 38.200191 ], [ -81.071419, 38.206008 ], [ -81.069607, 38.210917 ], [ -81.051245, 38.212575 ], [ -81.059663, 38.221797 ], [ -81.038336, 38.228493 ], [ -81.03911, 38.238903 ], [ -81.035622, 38.240274 ], [ -81.027254, 38.234103 ], [ -81.034753, 38.220101 ], [ -81.020727, 38.214817 ], [ -81.018265, 38.204526 ], [ -81.007283, 38.206337 ], [ -81.011639, 38.214036 ], [ -81.007829, 38.221383 ], [ -80.984063, 38.222644 ], [ -80.969065, 38.215321 ], [ -80.964931, 38.200953 ], [ -80.956806, 38.202551 ], [ -80.946428, 38.196008 ], [ -80.948493, 38.185447 ], [ -80.941476, 38.181837 ], [ -80.950658, 38.177621 ], [ -80.94612, 38.172433 ], [ -80.949766, 38.168014 ], [ -80.940749, 38.155054 ], [ -80.927913, 38.151224 ], [ -80.920007, 38.141607 ], [ -80.908499, 38.143324 ], [ -80.910348, 38.13235 ], [ -80.903183, 38.122815 ], [ -80.887541, 38.135916 ], [ -80.882755, 38.13402 ], [ -80.887765, 38.121575 ], [ -80.876469, 38.109981 ], [ -80.882187, 38.103457 ], [ -80.883449, 38.084064 ], [ -80.894183, 38.08041 ], [ -80.876086, 38.063775 ], [ -80.840258, 38.052916 ], [ -80.827297, 38.063229 ], [ -80.800125, 38.063467 ], [ -80.814288, 38.055387 ], [ -80.812476, 38.047063 ], [ -80.829931, 38.043132 ], [ -80.828253, 38.031684 ], [ -80.823337, 38.02731 ], [ -80.798432, 38.026292 ], [ -80.796672, 38.017504 ], [ -80.786019, 38.006229 ], [ -80.788886, 37.992358 ], [ -80.769866, 37.98527 ], [ -80.810866, 37.949141 ], [ -80.748867, 37.865099 ], [ -80.806377, 37.868873 ], [ -80.94511, 37.819131 ], [ -80.967363, 37.832197 ], [ -81.02788, 37.829648 ], [ -81.056898, 37.835383 ], [ -81.058792, 37.841852 ], [ -81.048689, 37.851643 ], [ -81.051138, 37.858302 ], [ -81.090095, 37.849582 ], [ -81.10044, 37.855029 ], [ -81.098563, 37.860034 ], [ -81.073156, 37.860401 ], [ -81.072833, 37.873682 ], [ -81.295127, 37.889311 ], [ -81.300441, 37.893514 ], [ -81.294172, 37.906678 ], [ -81.301356, 37.927177 ], [ -81.295063, 37.941468 ] ] ] } },
{ "type": "Feature", "properties": { "fipsCode": 18049, "stateAbbr": "IN", "NAME": "Fulton", "NAMELSAD": "Fulton County" }, "geometry": { "type": "Polygon", "coordinates": [ [ [ -86.467046, 41.171442 ], [ -86.077551, 41.172868 ], [ -86.075939, 41.084878 ], [ -86.018414, 41.086118 ], [ -86.018664, 41.041878 ], [ -85.945561, 41.042876 ], [ -85.945402, 40.999256 ], [ -86.168459, 40.996097 ], [ -86.169012, 40.909836 ], [ -86.468509, 40.909889 ], [ -86.467046, 41.171442 ] ] ] } },
{ "type": "Feature", "properties": { "fipsCode": 42035, "stateAbbr": "PA", "NAME": "Clinton", "NAMELSAD": "Clinton County" }, "geometry": { "type": "Polygon", "coordinates": [ [ [ -77.351356, 41.220176 ], [ -77.320891, 41.218932 ], [ -77.306364, 41.208077 ], [ -77.29058, 41.1951 ], [ -77.292256, 41.185304 ], [ -77.275589, 41.179105 ], [ -77.164278, 41.068708 ], [ -77.144111, 41.06884 ], [ -77.14416, 41.044338 ], [ -77.339925, 40.987167 ], [ -77.508596, 40.962938 ], [ -77.580194, 41.04727 ], [ -77.561736, 41.057642 ], [ -77.568667, 41.066148 ], [ -77.591293, 41.070723 ], [ -77.595262, 41.077711 ], [ -77.629838, 41.094599 ], [ -77.65897, 41.100955 ], [ -77.66331, 41.108845 ], [ -77.691, 41.106267 ], [ -77.706619, 41.113887 ], [ -77.716364, 41.105083 ], [ -77.728725, 41.111467 ], [ -77.746675, 41.106261 ], [ -77.777996, 41.146612 ], [ -77.789563, 41.142127 ], [ -77.790009, 41.177142 ], [ -77.897667, 41.176918 ], [ -77.898262, 41.252665 ], [ -77.912618, 41.241977 ], [ -77.921801, 41.227456 ], [ -77.937909, 41.224841 ], [ -77.93709, 41.210336 ], [ -77.959438, 41.217497 ], [ -77.971751, 41.205939 ], [ -77.970778, 41.174697 ], [ -77.983694, 41.170714 ], [ -77.98939, 41.161879 ], [ -78.000753, 41.16166 ], [ -78.0006, 41.148862 ], [ -78.005941, 41.143601 ], [ -78.011163, 41.144198 ], [ -78.015729, 41.1529 ], [ -78.038171, 41.153603 ], [ -78.061007, 41.174539 ], [ -78.093381, 41.216931 ], [ -77.988786, 41.367453 ], [ -77.989194, 41.474822 ], [ -77.598129, 41.478576 ], [ -77.597282, 41.441056 ], [ -77.584671, 41.441301 ], [ -77.575209, 41.420498 ], [ -77.549758, 41.394915 ], [ -77.537654, 41.365011 ], [ -77.526663, 41.358563 ], [ -77.499931, 41.353953 ], [ -77.476432, 41.338645 ], [ -77.471599, 41.313698 ], [ -77.455601, 41.303997 ], [ -77.445606, 41.288142 ], [ -77.429878, 41.28263 ], [ -77.424945, 41.273103 ], [ -77.370088, 41.23268 ], [ -77.349627, 41.228873 ], [ -77.351356, 41.220176 ] ] ] } },
{ "type": "Feature", "properties": { "fipsCode": 39103, "stateAbbr": "OH", "NAME": "Medina", "NAMELSAD": "Medina County" }, "geometry": { "type": "Polygon", "coordinates": [ [ [ -81.972485, 41.274829 ], [ -81.68495, 41.277146 ], [ -81.688491, 40.98859 ], [ -82.173359, 40.992046 ], [ -82.169875, 41.137097 ], [ -82.074266, 41.136456 ], [ -82.072465, 41.19985 ], [ -81.973895, 41.199831 ], [ -81.972485, 41.274829 ] ] ] } },
{ "type": "Feature", "properties": { "fipsCode": 42005, "stateAbbr": "PA", "NAME": "Armstrong", "NAMELSAD": "Armstrong County" }, "geometry": { "type": "Polygon", "coordinates": [ [ [ -79.570511, 40.58315 ], [ -79.55047, 40.603745 ], [ -79.566006, 40.607953 ], [ -79.577206, 40.601393 ], [ -79.582087, 40.603265 ], [ -79.589575, 40.616865 ], [ -79.583735, 40.636609 ], [ -79.600727, 40.625089 ], [ -79.607847, 40.625329 ], [ -79.611032, 40.642017 ], [ -79.636056, 40.654481 ], [ -79.640009, 40.666945 ], [ -79.668345, 40.680049 ], [ -79.69293, 40.669744 ], [ -79.689332, 41.169471 ], [ -79.679585, 41.15953 ], [ -79.686719, 41.145077 ], [ -79.678773, 41.133351 ], [ -79.679365, 41.091321 ], [ -79.655527, 41.068429 ], [ -79.666579, 41.057149 ], [ -79.666205, 41.049749 ], [ -79.619365, 41.033348 ], [ -79.60118, 41.036874 ], [ -79.599529, 41.029432 ], [ -79.609458, 41.007218 ], [ -79.590164, 41.004028 ], [ -79.581774, 40.997982 ], [ -79.584896, 40.991557 ], [ -79.604818, 40.994593 ], [ -79.623491, 40.98456 ], [ -79.622759, 40.976374 ], [ -79.601217, 40.969284 ], [ -79.590091, 40.969945 ], [ -79.570353, 40.98564 ], [ -79.552624, 40.97978 ], [ -79.540035, 40.984514 ], [ -79.522428, 40.974958 ], [ -79.515232, 40.977839 ], [ -79.517836, 40.983965 ], [ -79.514012, 40.986809 ], [ -79.507405, 40.984045 ], [ -79.505148, 40.976848 ], [ -79.493658, 40.977901 ], [ -79.494785, 40.986181 ], [ -79.487894, 40.995583 ], [ -79.456335, 40.990953 ], [ -79.460803, 40.982283 ], [ -79.451022, 40.98173 ], [ -79.441879, 40.987363 ], [ -79.428635, 40.985474 ], [ -79.421238, 41.002676 ], [ -79.412319, 41.008471 ], [ -79.409644, 41.006064 ], [ -79.414691, 40.999439 ], [ -79.404653, 40.997789 ], [ -79.40395, 40.98825 ], [ -79.394714, 40.99475 ], [ -79.378091, 40.994347 ], [ -79.386684, 40.987488 ], [ -79.374611, 40.984382 ], [ -79.382217, 40.975336 ], [ -79.381512, 40.969521 ], [ -79.376059, 40.968377 ], [ -79.369387, 40.975293 ], [ -79.371477, 40.988496 ], [ -79.363827, 41.00285 ], [ -79.346325, 40.997685 ], [ -79.339357, 41.002394 ], [ -79.333869, 40.999033 ], [ -79.317023, 41.002525 ], [ -79.302571, 41.013531 ], [ -79.283006, 41.009645 ], [ -79.260656, 41.029345 ], [ -79.242046, 41.035343 ], [ -79.230423, 41.045851 ], [ -79.210197, 41.049091 ], [ -79.215706, 40.94005 ], [ -79.215215, 40.775942 ], [ -79.450176, 40.530149 ], [ -79.460561, 40.534294 ], [ -79.476634, 40.52963 ], [ -79.476918, 40.535779 ], [ -79.481872, 40.536937 ], [ -79.486542, 40.527428 ], [ -79.497092, 40.525338 ], [ -79.511292, 40.542348 ], [ -79.526249, 40.542364 ], [ -79.559766, 40.562593 ], [ -79.570511, 40.58315 ] ] ] } },
{ "type": "Feature", "properties": { "fipsCode": 39053, "stateAbbr": "OH", "NAME": "Gallia", "NAMELSAD": "Gallia County" }, "geometry": { "type": "Polygon", "coordinates": [ [ [ -82.265003, 38.597383 ], [ -82.28727, 38.582783 ], [ -82.361674, 38.585182 ], [ -82.354468, 38.67607 ], [ -82.472478, 38.682279 ], [ -82.466878, 38.741478 ], [ -82.486579, 38.742978 ], [ -82.483579, 38.772278 ], [ -82.582683, 38.779077 ], [ -82.574383, 38.853475 ], [ -82.455179, 38.844577 ], [ -82.435309, 39.035079 ], [ -82.322874, 39.027674 ], [ -82.323894, 39.013154 ], [ -82.095465, 39.002778 ], [ -82.098965, 38.958378 ], [ -82.129366, 38.907879 ], [ -82.143267, 38.897879 ], [ -82.145367, 38.884179 ], [ -82.139224, 38.86502 ], [ -82.144867, 38.84048 ], [ -82.163598, 38.823424 ], [ -82.191172, 38.815137 ], [ -82.211438, 38.80122 ], [ -82.221566, 38.787187 ], [ -82.219644, 38.772283 ], [ -82.198882, 38.757725 ], [ -82.187968, 38.733082 ], [ -82.186868, 38.722282 ], [ -82.193098, 38.737718 ], [ -82.182467, 38.708782 ], [ -82.190867, 38.680383 ], [ -82.172467, 38.628784 ], [ -82.175267, 38.607084 ], [ -82.188767, 38.594984 ], [ -82.201004, 38.592052 ], [ -82.265003, 38.597383 ] ] ] } },
{ "type": "Feature", "properties": { "fipsCode": 54051, "stateAbbr": "WV", "NAME": "Marshall", "NAMELSAD": "Marshall County" }, "geometry": { "type": "Polygon", "coordinates": [ [ [ -80.742192, 40.006065 ], [ -80.733882, 40.033274 ], [ -80.51912, 40.01641 ], [ -80.519342, 39.721403 ], [ -80.833513, 39.720812 ], [ -80.84596, 39.738667 ], [ -80.865339, 39.753251 ], [ -80.870322, 39.763184 ], [ -80.866329, 39.771738 ], [ -80.825055, 39.800895 ], [ -80.824276, 39.847159 ], [ -80.790761, 39.86728 ], [ -80.79399, 39.882783 ], [ -80.80896, 39.903296 ], [ -80.807268, 39.915633 ], [ -80.794121, 39.919561 ], [ -80.763399, 39.908619 ], [ -80.756113, 39.913402 ], [ -80.764275, 39.949963 ], [ -80.757922, 39.959707 ], [ -80.740139, 39.970795 ], [ -80.742192, 40.006065 ] ] ] } },
{ "type": "Feature", "properties": { "fipsCode": 54035, "stateAbbr": "WV", "NAME": "Jackson", "NAMELSAD": "Jackson County" }, "geometry": { "type": "Polygon", "coordinates": [ [ [ -81.814154, 39.073479 ], [ -81.810654, 39.083278 ], [ -81.775555, 39.078377 ], [ -81.747254, 39.095379 ], [ -81.532248, 39.005818 ], [ -81.537153, 38.990164 ], [ -81.529565, 38.977464 ], [ -81.545324, 38.971528 ], [ -81.549994, 38.960216 ], [ -81.538774, 38.944678 ], [ -81.533761, 38.9459 ], [ -81.519358, 38.936098 ], [ -81.516185, 38.930795 ], [ -81.519776, 38.924807 ], [ -81.51438, 38.925116 ], [ -81.51293, 38.918788 ], [ -81.502628, 38.917922 ], [ -81.511456, 38.904255 ], [ -81.526778, 38.902039 ], [ -81.530162, 38.894788 ], [ -81.521434, 38.824014 ], [ -81.529173, 38.748304 ], [ -81.546631, 38.672387 ], [ -81.522166, 38.612746 ], [ -81.578202, 38.577068 ], [ -81.632836, 38.55437 ], [ -81.635171, 38.563826 ], [ -81.643664, 38.566993 ], [ -81.747683, 38.684134 ], [ -81.772843, 38.680843 ], [ -81.8135, 38.714761 ], [ -81.791265, 38.733104 ], [ -81.910606, 38.87597 ], [ -81.889233, 38.874279 ], [ -81.858921, 38.89019 ], [ -81.845312, 38.910088 ], [ -81.844486, 38.928746 ], [ -81.827354, 38.945898 ], [ -81.814235, 38.946168 ], [ -81.777713, 38.923856 ], [ -81.766225, 38.922947 ], [ -81.758505, 38.927942 ], [ -81.756975, 38.937154 ], [ -81.778845, 38.955892 ], [ -81.78182, 38.964935 ], [ -81.774062, 38.993682 ], [ -81.765153, 39.002579 ], [ -81.764253, 39.015279 ], [ -81.803355, 39.047678 ], [ -81.811779, 39.059878 ], [ -81.814154, 39.073479 ] ] ] } },
{ "type": "Feature", "properties": { "fipsCode": 39087, "stateAbbr": "OH", "NAME": "Lawrence", "NAMELSAD": "Lawrence County" }, "geometry": { "type": "Polygon", "coordinates": [ [ [ -82.472478, 38.682279 ], [ -82.354468, 38.67607 ], [ -82.361674, 38.585182 ], [ -82.28727, 38.582783 ], [ -82.293471, 38.575383 ], [ -82.304927, 38.49394 ], [ -82.318111, 38.457876 ], [ -82.330335, 38.4445 ], [ -82.381773, 38.434783 ], [ -82.404882, 38.439347 ], [ -82.52855, 38.405784 ], [ -82.571613, 38.405138 ], [ -82.593482, 38.418252 ], [ -82.610808, 38.471953 ], [ -82.653595, 38.493843 ], [ -82.698285, 38.54377 ], [ -82.726404, 38.558526 ], [ -82.78817, 38.559722 ], [ -82.815934, 38.570818 ], [ -82.740383, 38.597167 ], [ -82.766188, 38.644678 ], [ -82.763895, 38.679974 ], [ -82.706383, 38.677485 ], [ -82.695387, 38.749977 ], [ -82.662886, 38.747977 ], [ -82.650039, 38.849073 ], [ -82.575583, 38.844478 ], [ -82.582683, 38.779077 ], [ -82.483579, 38.772278 ], [ -82.486579, 38.742978 ], [ -82.466878, 38.741478 ], [ -82.472478, 38.682279 ] ] ] } },
{ "type": "Feature", "properties": { "fipsCode": 39001, "stateAbbr": "OH", "NAME": "Adams", "NAMELSAD": "Adams County" }, "geometry": { "type": "Polygon", "coordinates": [ [ [ -83.611592, 39.01889 ], [ -83.385712, 39.055202 ], [ -83.314589, 39.052195 ], [ -83.30811, 39.04026 ], [ -83.270817, 39.015791 ], [ -83.267564, 38.618411 ], [ -83.287589, 38.598537 ], [ -83.299037, 38.597374 ], [ -83.311304, 38.603117 ], [ -83.318392, 38.610782 ], [ -83.327566, 38.637675 ], [ -83.362775, 38.65722 ], [ -83.46771, 38.675348 ], [ -83.493636, 38.694518 ], [ -83.520883, 38.703062 ], [ -83.6263, 38.678457 ], [ -83.636491, 38.667346 ], [ -83.644651, 38.636889 ], [ -83.654873, 38.628569 ], [ -83.668893, 38.626562 ], [ -83.705312, 38.639835 ], [ -83.673018, 39.02043 ], [ -83.611592, 39.01889 ] ] ] } },
{ "type": "Feature", "properties": { "fipsCode": 54061, "stateAbbr": "WV", "NAME": "Monongalia", "NAMELSAD": "Monongalia County" }, "geometry": { "type": "Polygon", "coordinates": [ [ [ -79.789277, 39.623781 ], [ -79.89974, 39.481945 ], [ -79.894688, 39.435588 ], [ -79.967959, 39.462978 ], [ -79.996753, 39.487289 ], [ -80.011471, 39.487353 ], [ -80.017619, 39.494578 ], [ -80.015922, 39.502142 ], [ -80.041903, 39.509405 ], [ -80.047086, 39.514272 ], [ -80.038448, 39.51639 ], [ -80.04324, 39.523009 ], [ -80.111011, 39.571743 ], [ -80.110721, 39.576844 ], [ -80.130966, 39.583249 ], [ -80.135426, 39.589392 ], [ -80.133278, 39.594624 ], [ -80.142242, 39.596264 ], [ -80.146198, 39.606594 ], [ -80.153242, 39.606458 ], [ -80.153532, 39.610426 ], [ -80.322565, 39.610755 ], [ -80.330058, 39.614838 ], [ -80.347466, 39.611665 ], [ -80.360257, 39.620618 ], [ -80.3677, 39.633563 ], [ -80.389942, 39.633257 ], [ -80.39581, 39.637347 ], [ -80.389643, 39.644585 ], [ -80.401497, 39.655499 ], [ -80.402842, 39.667493 ], [ -80.395248, 39.680506 ], [ -80.405791, 39.69416 ], [ -80.405212, 39.715108 ], [ -80.419668, 39.712655 ], [ -80.42224, 39.719857 ], [ -79.763774, 39.720776 ], [ -79.763773, 39.696867 ], [ -79.78537, 39.657287 ], [ -79.789277, 39.623781 ] ] ] } },
{ "type": "Feature", "properties": { "fipsCode": 39033, "stateAbbr": "OH", "NAME": "Crawford", "NAMELSAD": "Crawford County" }, "geometry": { "type": "Polygon", "coordinates": [ [ [ -82.724792, 40.995638 ], [ -82.727164, 40.711203 ], [ -82.857651, 40.712469 ], [ -82.858302, 40.705019 ], [ -83.11136, 40.702915 ], [ -83.112737, 40.993447 ], [ -82.724792, 40.995638 ] ] ] } },
{ "type": "Feature", "properties": { "fipsCode": 39059, "stateAbbr": "OH", "NAME": "Guernsey", "NAMELSAD": "Guernsey County" }, "geometry": { "type": "Polygon", "coordinates": [ [ [ -81.347838, 39.949962 ], [ -81.386006, 39.950694 ], [ -81.386789, 39.92133 ], [ -81.46275, 39.9235 ], [ -81.464108, 39.89455 ], [ -81.57859, 39.897683 ], [ -81.580313, 39.839104 ], [ -81.694146, 39.842636 ], [ -81.691104, 39.930756 ], [ -81.728611, 39.931728 ], [ -81.716563, 40.148509 ], [ -81.716276, 40.152166 ], [ -81.670899, 40.150976 ], [ -81.66759, 40.222468 ], [ -81.338064, 40.214077 ], [ -81.339565, 40.171999 ], [ -81.225924, 40.170075 ], [ -81.234053, 39.95127 ], [ -81.347761, 39.953633 ], [ -81.347838, 39.949962 ] ] ] } },
{ "type": "Feature", "properties": { "fipsCode": 39161, "stateAbbr": "OH", "NAME": "Van Wert", "NAMELSAD": "Van Wert County" }, "geometry": { "type": "Polygon", "coordinates": [ [ [ -84.398407, 40.903265 ], [ -84.340969, 40.903596 ], [ -84.340101, 40.816143 ], [ -84.397374, 40.815941 ], [ -84.396778, 40.684926 ], [ -84.45618, 40.684862 ], [ -84.456172, 40.728306 ], [ -84.802273, 40.728146 ], [ -84.803251, 40.989394 ], [ -84.399486, 40.990315 ], [ -84.398407, 40.903265 ] ] ] } },
{ "type": "Feature", "properties": { "fipsCode": 18111, "stateAbbr": "IN", "NAME": "Newton", "NAMELSAD": "Newton County" }, "geometry": { "type": "Polygon", "coordinates": [ [ [ -87.526031, 40.736885 ], [ -87.526019, 41.166322 ], [ -87.446792, 41.174353 ], [ -87.414338, 41.16223 ], [ -87.393657, 41.16283 ], [ -87.380709, 41.172652 ], [ -87.330964, 41.183143 ], [ -87.275882, 41.218595 ], [ -87.276449, 40.911477 ], [ -87.26905, 40.911517 ], [ -87.267298, 40.736582 ], [ -87.526031, 40.736885 ] ] ] } },
{ "type": "Feature", "properties": { "fipsCode": 18075, "stateAbbr": "IN", "NAME": "Jay", "NAMELSAD": "Jay County" }, "geometry": { "type": "Polygon", "coordinates": [ [ [ -84.802477, 40.572213 ], [ -84.803672, 40.310093 ], [ -85.218758, 40.306706 ], [ -85.219901, 40.379034 ], [ -85.206831, 40.379182 ], [ -85.201146, 40.567242 ], [ -84.802477, 40.572213 ] ] ] } },
{ "type": "Feature", "properties": { "fipsCode": 18163, "stateAbbr": "IN", "NAME": "Vanderburgh", "NAMELSAD": "Vanderburgh County" }, "geometry": { "type": "Polygon", "coordinates": [ [ [ -87.610616, 37.944538 ], [ -87.622429, 37.936203 ], [ -87.617404, 37.93827 ], [ -87.627317, 37.920402 ], [ -87.619824, 37.906846 ], [ -87.586708, 37.884262 ], [ -87.583925, 37.872485 ], [ -87.590267, 37.85859 ], [ -87.617259, 37.831184 ], [ -87.644161, 37.826189 ], [ -87.672428, 37.828889 ], [ -87.680597, 37.840025 ], [ -87.681684, 37.856273 ], [ -87.666714, 37.880038 ], [ -87.665373, 37.893351 ], [ -87.682443, 37.903616 ], [ -87.700786, 37.89742 ], [ -87.696775, 38.124843 ], [ -87.688918, 38.12471 ], [ -87.688374, 38.168419 ], [ -87.467284, 38.165403 ], [ -87.473011, 38.035135 ], [ -87.449867, 38.03517 ], [ -87.451219, 37.940808 ], [ -87.50972, 37.906028 ], [ -87.560896, 37.932113 ], [ -87.573567, 37.951722 ], [ -87.577511, 37.951661 ], [ -87.575046, 37.965909 ], [ -87.584923, 37.974531 ], [ -87.601391, 37.971306 ], [ -87.610616, 37.944538 ] ] ] } },
{ "type": "Feature", "properties": { "fipsCode": 54107, "stateAbbr": "WV", "NAME": "Wood", "NAMELSAD": "Wood County" }, "geometry": { "type": "Polygon", "coordinates": [ [ [ -81.424906, 39.135679 ], [ -81.581447, 39.026179 ], [ -81.747254, 39.095379 ], [ -81.742353, 39.111277 ], [ -81.742765, 39.142669 ], [ -81.756384, 39.17944 ], [ -81.736874, 39.192628 ], [ -81.725622, 39.215905 ], [ -81.693659, 39.224907 ], [ -81.691067, 39.230139 ], [ -81.69638, 39.257035 ], [ -81.677595, 39.274171 ], [ -81.608408, 39.276043 ], [ -81.570247, 39.267675 ], [ -81.565247, 39.276175 ], [ -81.557547, 39.338774 ], [ -81.53447, 39.358234 ], [ -81.498789, 39.376122 ], [ -81.467735, 39.403779 ], [ -81.446543, 39.410374 ], [ -81.428706, 39.405413 ], [ -81.410881, 39.39281 ], [ -81.393794, 39.351706 ], [ -81.384081, 39.343241 ], [ -81.37126, 39.341924 ], [ -81.36723, 39.32852 ], [ -81.361591, 39.325457 ], [ -81.366427, 39.324208 ], [ -81.363751, 39.320568 ], [ -81.355598, 39.320922 ], [ -81.357701, 39.325008 ], [ -81.349088, 39.328796 ], [ -81.341014, 39.318966 ], [ -81.335359, 39.324065 ], [ -81.328038, 39.322144 ], [ -81.324013, 39.31625 ], [ -81.328319, 39.312036 ], [ -81.324159, 39.298496 ], [ -81.265645, 39.295456 ], [ -81.260275, 39.291251 ], [ -81.260261, 39.281364 ], [ -81.239477, 39.268328 ], [ -81.250268, 39.270763 ], [ -81.267996, 39.259979 ], [ -81.266556, 39.255291 ], [ -81.27745, 39.242623 ], [ -81.277277, 39.23374 ], [ -81.291325, 39.224076 ], [ -81.301558, 39.20254 ], [ -81.295428, 39.18657 ], [ -81.403148, 39.137276 ], [ -81.424906, 39.135679 ] ] ] } },
{ "type": "Feature", "properties": { "fipsCode": 39157, "stateAbbr": "OH", "NAME": "Tuscarawas", "NAMELSAD": "Tuscarawas County" }, "geometry": { "type": "Polygon", "coordinates": [ [ [ -81.66795, 40.632379 ], [ -81.469104, 40.654941 ], [ -81.458877, 40.666956 ], [ -81.435216, 40.660658 ], [ -81.446925, 40.65364 ], [ -81.317876, 40.651934 ], [ -81.321659, 40.566648 ], [ -81.264744, 40.565042 ], [ -81.275319, 40.303434 ], [ -81.334601, 40.304316 ], [ -81.338064, 40.214077 ], [ -81.622351, 40.221306 ], [ -81.616307, 40.368125 ], [ -81.712383, 40.370763 ], [ -81.709123, 40.444927 ], [ -81.669765, 40.443892 ], [ -81.662777, 40.627269 ], [ -81.668187, 40.627465 ], [ -81.66795, 40.632379 ] ] ] } },
{ "type": "Feature", "properties": { "fipsCode": 18085, "stateAbbr": "IN", "NAME": "Kosciusko", "NAMELSAD": "Kosciusko County" }, "geometry": { "type": "Polygon", "coordinates": [ [ [ -85.684181, 41.046716 ], [ -86.018664, 41.041878 ], [ -86.018414, 41.086118 ], [ -86.075939, 41.084878 ], [ -86.077551, 41.172868 ], [ -86.054047, 41.173147 ], [ -86.05923, 41.435812 ], [ -85.653507, 41.436856 ], [ -85.652715, 41.178489 ], [ -85.686574, 41.178376 ], [ -85.684181, 41.046716 ] ] ] } },
{ "type": "Feature", "properties": { "fipsCode": 39039, "stateAbbr": "OH", "NAME": "Defiance", "NAMELSAD": "Defiance County" }, "geometry": { "type": "Polygon", "coordinates": [ [ [ -84.228454, 41.42781 ], [ -84.228222, 41.165862 ], [ -84.341602, 41.165524 ], [ -84.341748, 41.209178 ], [ -84.457059, 41.209434 ], [ -84.457217, 41.253485 ], [ -84.803544, 41.252562 ], [ -84.804063, 41.426051 ], [ -84.228454, 41.42781 ] ] ] } },
{ "type": "Feature", "properties": { "fipsCode": 54025, "stateAbbr": "WV", "NAME": "Greenbrier", "NAMELSAD": "Greenbrier County" }, "geometry": { "type": "Polygon", "coordinates": [ [ [ -80.894157, 38.080986 ], [ -80.883449, 38.084064 ], [ -80.882187, 38.103457 ], [ -80.711961, 38.079129 ], [ -80.436514, 38.267334 ], [ -80.360048, 38.225845 ], [ -80.363295, 38.114331 ], [ -80.264653, 38.046616 ], [ -80.222169, 38.043754 ], [ -80.21035, 38.037074 ], [ -80.197761, 38.042947 ], [ -80.169051, 38.03611 ], [ -80.106891, 38.055845 ], [ -79.959844, 38.063697 ], [ -79.973895, 38.040004 ], [ -79.971601, 38.035232 ], [ -79.995488, 38.007125 ], [ -79.999383, 37.994908 ], [ -80.074514, 37.942221 ], [ -80.096563, 37.918112 ], [ -80.102931, 37.918911 ], [ -80.118967, 37.903614 ], [ -80.117747, 37.89772 ], [ -80.129768, 37.894159 ], [ -80.141522, 37.882436 ], [ -80.148951, 37.886892 ], [ -80.162202, 37.875122 ], [ -80.176741, 37.852757 ], [ -80.182755, 37.851365 ], [ -80.179391, 37.839751 ], [ -80.192966, 37.83475 ], [ -80.206482, 37.81597 ], [ -80.218611, 37.809783 ], [ -80.22769, 37.797892 ], [ -80.229489, 37.792331 ], [ -80.223485, 37.782444 ], [ -80.215892, 37.781989 ], [ -80.216605, 37.775961 ], [ -80.229792, 37.778511 ], [ -80.241991, 37.767748 ], [ -80.248389, 37.76825 ], [ -80.249435, 37.757275 ], [ -80.257411, 37.756084 ], [ -80.262765, 37.738336 ], [ -80.252227, 37.727261 ], [ -80.287107, 37.696404 ], [ -80.318308, 37.685839 ], [ -80.336316, 37.687568 ], [ -80.347948, 37.69396 ], [ -80.33984, 37.704304 ], [ -80.351693, 37.708759 ], [ -80.361694, 37.689637 ], [ -80.369489, 37.691687 ], [ -80.377537, 37.685834 ], [ -80.385295, 37.692771 ], [ -80.380764, 37.707325 ], [ -80.393354, 37.70219 ], [ -80.390992, 37.713688 ], [ -80.394562, 37.716918 ], [ -80.41533, 37.700327 ], [ -80.422166, 37.701942 ], [ -80.451727, 37.683873 ], [ -80.47414, 37.696928 ], [ -80.479852, 37.692462 ], [ -80.495893, 37.691155 ], [ -80.500901, 37.694983 ], [ -80.50856, 37.691494 ], [ -80.620195, 37.716707 ], [ -80.663348, 37.731696 ], [ -80.668228, 37.762966 ], [ -80.751409, 37.835849 ], [ -80.806256, 37.868878 ], [ -80.748867, 37.865099 ], [ -80.810866, 37.949141 ], [ -80.769866, 37.98527 ], [ -80.788886, 37.992358 ], [ -80.786019, 38.006229 ], [ -80.796672, 38.017504 ], [ -80.798432, 38.026292 ], [ -80.823337, 38.02731 ], [ -80.828253, 38.031684 ], [ -80.829931, 38.043132 ], [ -80.812476, 38.047063 ], [ -80.814288, 38.055387 ], [ -80.800125, 38.063467 ], [ -80.827297, 38.063229 ], [ -80.837371, 38.0531 ], [ -80.861805, 38.056821 ], [ -80.894157, 38.080986 ] ] ] } },
{ "type": "Feature", "properties": { "fipsCode": 54085, "stateAbbr": "WV", "NAME": "Ritchie", "NAMELSAD": "Ritchie County" }, "geometry": { "type": "Polygon", "coordinates": [ [ [ -81.113119, 39.324056 ], [ -81.081046, 39.331186 ], [ -81.060632, 39.322677 ], [ -81.044432, 39.328777 ], [ -81.044232, 39.338277 ], [ -81.039732, 39.338877 ], [ -81.034726, 39.351173 ], [ -81.023532, 39.346477 ], [ -81.009131, 39.351578 ], [ -81.002165, 39.340511 ], [ -80.986667, 39.347328 ], [ -80.957714, 39.340073 ], [ -80.941875, 39.362797 ], [ -80.942849, 39.378407 ], [ -80.93214, 39.389119 ], [ -80.918971, 39.384162 ], [ -80.910719, 39.375079 ], [ -80.904438, 39.378121 ], [ -80.903441, 39.373038 ], [ -80.897546, 39.373299 ], [ -80.88248, 39.358395 ], [ -80.88395, 39.332717 ], [ -80.892453, 39.325179 ], [ -80.891448, 39.314912 ], [ -80.883952, 39.307767 ], [ -80.889753, 39.300657 ], [ -80.888744, 39.294298 ], [ -80.91384, 39.272947 ], [ -80.808884, 39.104304 ], [ -80.810879, 39.099115 ], [ -80.8177, 39.096987 ], [ -80.818814, 39.091598 ], [ -80.828084, 39.092118 ], [ -80.835024, 39.082376 ], [ -80.854581, 39.08392 ], [ -80.851823, 39.079708 ], [ -80.862935, 39.071269 ], [ -80.876954, 39.073904 ], [ -80.877414, 39.06866 ], [ -80.885482, 39.06381 ], [ -80.897495, 39.062781 ], [ -80.898068, 39.055641 ], [ -80.911618, 39.04624 ], [ -80.960203, 39.038022 ], [ -80.967226, 39.029018 ], [ -80.982124, 39.026133 ], [ -80.982095, 39.020224 ], [ -80.99034, 39.020598 ], [ -80.998325, 39.011277 ], [ -81.007231, 39.008785 ], [ -81.039612, 39.01281 ], [ -81.059733, 39.007884 ], [ -81.076433, 39.010383 ], [ -81.081433, 39.016682 ], [ -81.092134, 39.014983 ], [ -81.094034, 39.022081 ], [ -81.102532, 39.02148 ], [ -81.112234, 39.030681 ], [ -81.116034, 39.042482 ], [ -81.124835, 39.039782 ], [ -81.129635, 39.045182 ], [ -81.155495, 39.040242 ], [ -81.162898, 39.030519 ], [ -81.173768, 39.033864 ], [ -81.179378, 39.041412 ], [ -81.202807, 39.038101 ], [ -81.210741, 39.045181 ], [ -81.224738, 39.04088 ], [ -81.228238, 39.03228 ], [ -81.241138, 39.038076 ], [ -81.250094, 39.034936 ], [ -81.253681, 39.05607 ], [ -81.273939, 39.059179 ], [ -81.257225, 39.071805 ], [ -81.257997, 39.094669 ], [ -81.263521, 39.098617 ], [ -81.263361, 39.106971 ], [ -81.276382, 39.108016 ], [ -81.277429, 39.118284 ], [ -81.28717, 39.125695 ], [ -81.287311, 39.132432 ], [ -81.299848, 39.129856 ], [ -81.324647, 39.143016 ], [ -81.328786, 39.152584 ], [ -81.310569, 39.157942 ], [ -81.319007, 39.163126 ], [ -81.297757, 39.17821 ], [ -81.301898, 39.18218 ], [ -81.295886, 39.18156 ], [ -81.301798, 39.201557 ], [ -81.291325, 39.224076 ], [ -81.277277, 39.23374 ], [ -81.27745, 39.242623 ], [ -81.266556, 39.255291 ], [ -81.267596, 39.260523 ], [ -81.255036, 39.269291 ], [ -81.243236, 39.267175 ], [ -81.232135, 39.272576 ], [ -81.232335, 39.290075 ], [ -81.221335, 39.307975 ], [ -81.190328, 39.30508 ], [ -81.189135, 39.314076 ], [ -81.170848, 39.30559 ], [ -81.164836, 39.312032 ], [ -81.121037, 39.314059 ], [ -81.113119, 39.324056 ] ] ] } },
{ "type": "Feature", "properties": { "fipsCode": 42053, "stateAbbr": "PA", "NAME": "Forest", "NAMELSAD": "Forest County" }, "geometry": { "type": "Polygon", "coordinates": [ [ [ -78.956138, 41.623334 ], [ -78.958957, 41.437061 ], [ -78.976657, 41.436963 ], [ -78.976658, 41.451761 ], [ -79.06352, 41.453207 ], [ -79.065154, 41.423194 ], [ -79.093588, 41.423286 ], [ -79.095096, 41.340658 ], [ -79.104977, 41.341526 ], [ -79.104743, 41.329398 ], [ -79.111346, 41.325088 ], [ -79.138159, 41.341782 ], [ -79.157596, 41.328754 ], [ -79.163067, 41.333105 ], [ -79.160531, 41.341699 ], [ -79.166118, 41.343994 ], [ -79.166814, 41.330697 ], [ -79.173034, 41.325339 ], [ -79.17526, 41.336248 ], [ -79.180248, 41.339308 ], [ -79.18659, 41.337952 ], [ -79.186045, 41.328821 ], [ -79.191952, 41.324274 ], [ -79.208878, 41.331861 ], [ -79.207196, 41.430922 ], [ -79.400269, 41.436145 ], [ -79.400439, 41.386579 ], [ -79.477346, 41.38646 ], [ -79.478163, 41.440134 ], [ -79.521599, 41.440554 ], [ -79.522024, 41.465219 ], [ -79.512276, 41.46524 ], [ -79.51207, 41.624559 ], [ -79.152961, 41.626779 ], [ -78.956138, 41.623334 ] ] ] } },
{ "type": "Feature", "properties": { "fipsCode": 18073, "stateAbbr": "IN", "NAME": "Jasper", "NAMELSAD": "Jasper County" }, "geometry": { "type": "Polygon", "coordinates": [ [ [ -87.099793, 40.837607 ], [ -87.09839, 40.736541 ], [ -87.267298, 40.736582 ], [ -87.26905, 40.911517 ], [ -87.276449, 40.911477 ], [ -87.275882, 41.218595 ], [ -87.226324, 41.235513 ], [ -87.192361, 41.265289 ], [ -87.131245, 41.286261 ], [ -87.059724, 41.26952 ], [ -86.977017, 41.221549 ], [ -86.968125, 41.219658 ], [ -86.929768, 41.234227 ], [ -86.930762, 40.912405 ], [ -86.987438, 40.912177 ], [ -86.986438, 40.837921 ], [ -87.099793, 40.837607 ] ] ] } },
{ "type": "Feature", "properties": { "fipsCode": 18151, "stateAbbr": "IN", "NAME": "Steuben", "NAMELSAD": "Steuben County" }, "geometry": { "type": "Polygon", "coordinates": [ [ [ -84.805885, 41.760171 ], [ -84.804687, 41.530134 ], [ -85.194084, 41.526437 ], [ -85.196774, 41.759644 ], [ -84.805885, 41.760171 ] ] ] } },
{ "type": "Feature", "properties": { "fipsCode": 39047, "stateAbbr": "OH", "NAME": "Fayette", "NAMELSAD": "Fayette County" }, "geometry": { "type": "Polygon", "coordinates": [ [ [ -83.372714, 39.377416 ], [ -83.590878, 39.378736 ], [ -83.576286, 39.544547 ], [ -83.670196, 39.550254 ], [ -83.65333, 39.716876 ], [ -83.252435, 39.695438 ], [ -83.266737, 39.516249 ], [ -83.372714, 39.377416 ] ] ] } },
{ "type": "Feature", "properties": { "fipsCode": 54031, "stateAbbr": "WV", "NAME": "Hardy", "NAMELSAD": "Hardy County" }, "geometry": { "type": "Polygon", "coordinates": [ [ [ -78.991269, 38.848271 ], [ -79.000152, 38.845612 ], [ -79.006552, 38.823712 ], [ -79.019534, 38.817907 ], [ -79.027253, 38.792113 ], [ -79.046554, 38.792113 ], [ -79.054954, 38.785713 ], [ -79.051268, 38.773602 ], [ -79.057253, 38.761413 ], [ -79.134296, 38.81334 ], [ -79.082955, 38.869311 ], [ -79.080755, 38.877011 ], [ -79.086054, 38.893911 ], [ -79.074455, 38.898611 ], [ -79.046053, 38.92841 ], [ -79.082633, 39.002067 ], [ -79.082655, 39.016109 ], [ -79.077755, 39.021809 ], [ -79.089655, 39.038208 ], [ -79.072854, 39.065208 ], [ -79.077854, 39.072208 ], [ -79.068354, 39.076107 ], [ -79.065954, 39.087107 ], [ -79.057353, 39.090907 ], [ -79.050953, 39.100507 ], [ -79.052953, 39.104507 ], [ -79.037052, 39.119306 ], [ -79.038854, 39.130385 ], [ -79.02877, 39.14176 ], [ -79.036077, 39.150002 ], [ -79.00155, 39.195204 ], [ -78.997108, 39.21285 ], [ -78.979898, 39.237624 ], [ -78.898981, 39.198869 ], [ -78.732971, 39.149922 ], [ -78.691399, 39.146635 ], [ -78.656859, 39.125667 ], [ -78.639924, 39.126963 ], [ -78.623555, 39.118509 ], [ -78.602332, 39.140367 ], [ -78.561282, 39.131444 ], [ -78.508132, 39.08863 ], [ -78.522714, 39.071062 ], [ -78.571901, 39.031995 ], [ -78.550467, 39.018065 ], [ -78.570462, 39.001552 ], [ -78.601655, 38.964603 ], [ -78.611184, 38.976134 ], [ -78.618676, 38.974082 ], [ -78.620453, 38.982601 ], [ -78.627798, 38.98179 ], [ -78.638423, 38.966819 ], [ -78.646589, 38.968138 ], [ -78.670679, 38.9338 ], [ -78.680456, 38.925313 ], [ -78.688266, 38.92478 ], [ -78.697437, 38.914359 ], [ -78.704323, 38.915231 ], [ -78.719291, 38.90523 ], [ -78.717076, 38.936028 ], [ -78.739147, 38.927134 ], [ -78.759085, 38.900529 ], [ -78.786025, 38.887187 ], [ -78.869261, 38.76298 ], [ -78.991269, 38.848271 ] ] ] } },
{ "type": "Feature", "properties": { "fipsCode": 39111, "stateAbbr": "OH", "NAME": "Monroe", "NAMELSAD": "Monroe County" }, "geometry": { "type": "Polygon", "coordinates": [ [ [ -80.82477, 39.8031 ], [ -80.835311, 39.79069 ], [ -80.863048, 39.775197 ], [ -80.870322, 39.763184 ], [ -80.860638, 39.748241 ], [ -80.845529, 39.738144 ], [ -80.829764, 39.711839 ], [ -80.833882, 39.703497 ], [ -80.863698, 39.691724 ], [ -80.866646, 39.652616 ], [ -80.88036, 39.620706 ], [ -80.933292, 39.614812 ], [ -81.038712, 39.539886 ], [ -81.036783, 39.572249 ], [ -81.265347, 39.57681 ], [ -81.26431, 39.605331 ], [ -81.283226, 39.605669 ], [ -81.280597, 39.706936 ], [ -81.31912, 39.707552 ], [ -81.313591, 39.869471 ], [ -80.821279, 39.849982 ], [ -80.826964, 39.841656 ], [ -80.822386, 39.823422 ], [ -80.82477, 39.8031 ] ] ] } },
{ "type": "Feature", "properties": { "fipsCode": 18107, "stateAbbr": "IN", "NAME": "Montgomery", "NAMELSAD": "Montgomery County" }, "geometry": { "type": "Polygon", "coordinates": [ [ [ -86.695637, 40.214367 ], [ -86.695128, 39.864832 ], [ -87.091542, 39.867265 ], [ -87.092527, 40.214654 ], [ -86.695637, 40.214367 ] ] ] } },
{ "type": "Feature", "properties": { "fipsCode": 42023, "stateAbbr": "PA", "NAME": "Cameron", "NAMELSAD": "Cameron County" }, "geometry": { "type": "Polygon", "coordinates": [ [ [ -78.20364, 41.617599 ], [ -78.050442, 41.475462 ], [ -77.989194, 41.474822 ], [ -77.988786, 41.367453 ], [ -78.093381, 41.216931 ], [ -78.236831, 41.230187 ], [ -78.234675, 41.323413 ], [ -78.254382, 41.323584 ], [ -78.253959, 41.404721 ], [ -78.420028, 41.405046 ], [ -78.420846, 41.617284 ], [ -78.20364, 41.617599 ] ] ] } },
{ "type": "Feature", "properties": { "fipsCode": 39155, "stateAbbr": "OH", "NAME": "Trumbull", "NAMELSAD": "Trumbull County" }, "geometry": { "type": "Polygon", "coordinates": [ [ [ -81.003126, 41.501478 ], [ -80.519225, 41.49934 ], [ -80.519047, 41.133218 ], [ -81.002532, 41.134187 ], [ -81.003126, 41.501478 ] ] ] } },
{ "type": "Feature", "properties": { "fipsCode": 42019, "stateAbbr": "PA", "NAME": "Butler", "NAMELSAD": "Butler County" }, "geometry": { "type": "Polygon", "coordinates": [ [ [ -79.999779, 41.171861 ], [ -79.697033, 41.172917 ], [ -79.689332, 41.169471 ], [ -79.692878, 40.669611 ], [ -80.148677, 40.673848 ], [ -80.166472, 41.000928 ], [ -79.999779, 41.171861 ] ] ] } },
{ "type": "Feature", "properties": { "fipsCode": 54071, "stateAbbr": "WV", "NAME": "Pendleton", "NAMELSAD": "Pendleton County" }, "geometry": { "type": "Polygon", "coordinates": [ [ [ -79.537522, 38.551339 ], [ -79.649875, 38.593415 ], [ -79.642994, 38.602784 ], [ -79.627074, 38.607915 ], [ -79.619274, 38.620415 ], [ -79.634342, 38.636308 ], [ -79.617906, 38.658365 ], [ -79.625926, 38.66667 ], [ -79.595556, 38.663052 ], [ -79.601468, 38.678704 ], [ -79.597675, 38.687614 ], [ -79.588174, 38.689513 ], [ -79.571013, 38.713602 ], [ -79.564332, 38.713153 ], [ -79.556874, 38.731212 ], [ -79.545373, 38.737212 ], [ -79.543174, 38.746512 ], [ -79.534273, 38.747712 ], [ -79.515773, 38.779412 ], [ -79.510073, 38.780712 ], [ -79.507673, 38.800511 ], [ -79.527193, 38.814156 ], [ -79.529104, 38.822978 ], [ -79.523173, 38.830214 ], [ -79.539075, 38.841411 ], [ -79.512674, 38.867211 ], [ -79.510074, 38.87581 ], [ -79.519674, 38.89201 ], [ -79.505674, 38.89351 ], [ -79.482873, 38.88631 ], [ -79.444471, 38.89861 ], [ -79.455672, 38.91861 ], [ -79.455472, 38.92991 ], [ -79.442471, 38.93261 ], [ -79.41567, 38.92301 ], [ -79.374868, 38.92081 ], [ -79.367968, 38.92481 ], [ -79.349867, 38.957509 ], [ -79.057253, 38.761413 ], [ -79.072355, 38.747813 ], [ -79.087255, 38.720114 ], [ -79.092955, 38.701715 ], [ -79.0843, 38.686507 ], [ -79.092755, 38.659817 ], [ -79.106356, 38.656217 ], [ -79.120453, 38.660208 ], [ -79.129756, 38.655018 ], [ -79.151457, 38.620218 ], [ -79.158257, 38.593119 ], [ -79.170954, 38.568116 ], [ -79.205859, 38.524521 ], [ -79.210591, 38.492913 ], [ -79.225669, 38.476471 ], [ -79.239881, 38.470079 ], [ -79.242668, 38.454181 ], [ -79.254482, 38.45593 ], [ -79.267319, 38.438274 ], [ -79.282754, 38.431694 ], [ -79.279683, 38.423733 ], [ -79.28294, 38.4181 ], [ -79.290695, 38.421038 ], [ -79.312276, 38.411876 ], [ -79.476638, 38.457228 ], [ -79.521469, 38.534118 ], [ -79.537522, 38.551339 ] ] ] } },
{ "type": "Feature", "properties": { "fipsCode": 54089, "stateAbbr": "WV", "NAME": "Summers", "NAMELSAD": "Summers County" }, "geometry": { "type": "Polygon", "coordinates": [ [ [ -80.945, 37.819164 ], [ -80.806256, 37.868878 ], [ -80.751409, 37.835849 ], [ -80.668228, 37.762966 ], [ -80.66089, 37.713704 ], [ -80.798451, 37.522103 ], [ -80.858466, 37.428307 ], [ -81.09463, 37.588658 ], [ -81.087438, 37.597972 ], [ -81.077137, 37.599663 ], [ -81.064157, 37.611265 ], [ -81.069171, 37.628798 ], [ -81.074298, 37.631835 ], [ -81.065309, 37.635909 ], [ -81.068683, 37.640517 ], [ -81.027558, 37.65856 ], [ -81.029436, 37.66207 ], [ -81.021701, 37.669609 ], [ -81.007539, 37.673172 ], [ -81.005219, 37.679084 ], [ -80.989076, 37.685616 ], [ -80.984234, 37.694073 ], [ -80.974207, 37.696064 ], [ -80.980334, 37.706394 ], [ -80.976744, 37.714874 ], [ -80.961916, 37.711978 ], [ -80.945245, 37.715272 ], [ -80.9314, 37.710906 ], [ -80.929, 37.705342 ], [ -80.908662, 37.700433 ], [ -80.89776, 37.689976 ], [ -80.900207, 37.675661 ], [ -80.894583, 37.672429 ], [ -80.893113, 37.6771 ], [ -80.879542, 37.682665 ], [ -80.877935, 37.692109 ], [ -80.88997, 37.701512 ], [ -80.896906, 37.727709 ], [ -80.923617, 37.743581 ], [ -80.91798, 37.751939 ], [ -80.900872, 37.757803 ], [ -80.894312, 37.766775 ], [ -80.894634, 37.774583 ], [ -80.921435, 37.793408 ], [ -80.926321, 37.80973 ], [ -80.945, 37.819164 ] ] ] } },
{ "type": "Feature", "properties": { "fipsCode": 54053, "stateAbbr": "WV", "NAME": "Mason", "NAMELSAD": "Mason County" }, "geometry": { "type": "Polygon", "coordinates": [ [ [ -81.957338, 38.656644 ], [ -82.064562, 38.607985 ], [ -82.055127, 38.474547 ], [ -82.218967, 38.591683 ], [ -82.193824, 38.593096 ], [ -82.181167, 38.599784 ], [ -82.173166, 38.612384 ], [ -82.171966, 38.625584 ], [ -82.190867, 38.680383 ], [ -82.182467, 38.708782 ], [ -82.191285, 38.727204 ], [ -82.193098, 38.737718 ], [ -82.186868, 38.722282 ], [ -82.188268, 38.734082 ], [ -82.198882, 38.757725 ], [ -82.219644, 38.772283 ], [ -82.221566, 38.787187 ], [ -82.214494, 38.798691 ], [ -82.192092, 38.814547 ], [ -82.163598, 38.823424 ], [ -82.147977, 38.836469 ], [ -82.139224, 38.86502 ], [ -82.145367, 38.884179 ], [ -82.143167, 38.898079 ], [ -82.129366, 38.907879 ], [ -82.111166, 38.936579 ], [ -82.111667, 38.932579 ], [ -82.109065, 38.945579 ], [ -82.090665, 38.974778 ], [ -82.051563, 38.994378 ], [ -82.038763, 39.022678 ], [ -82.023862, 39.029178 ], [ -82.00599, 39.029387 ], [ -81.995861, 39.023278 ], [ -81.979371, 38.993193 ], [ -81.951447, 38.996032 ], [ -81.933186, 38.98766 ], [ -81.89847, 38.929603 ], [ -81.92667, 38.901311 ], [ -81.927999, 38.893492 ], [ -81.908645, 38.87846 ], [ -81.902851, 38.863324 ], [ -81.791265, 38.733104 ], [ -81.8135, 38.714761 ], [ -81.772843, 38.680843 ], [ -81.957338, 38.656644 ] ] ] } },
{ "type": "Feature", "properties": { "fipsCode": 54021, "stateAbbr": "WV", "NAME": "Gilmer", "NAMELSAD": "Gilmer County" }, "geometry": { "type": "Polygon", "coordinates": [ [ [ -80.669909, 38.892773 ], [ -80.98495, 38.717898 ], [ -80.999429, 38.750492 ], [ -81.00379, 38.74937 ], [ -81.014228, 38.758781 ], [ -81.020286, 38.755392 ], [ -81.022438, 38.764809 ], [ -81.031327, 38.759867 ], [ -81.037541, 38.762247 ], [ -81.056673, 38.79274 ], [ -81.032811, 38.804153 ], [ -81.030206, 38.807362 ], [ -81.035335, 38.809725 ], [ -81.012064, 38.822142 ], [ -81.013545, 38.831383 ], [ -81.008882, 38.836617 ], [ -81.01237, 38.840118 ], [ -81.002494, 38.846409 ], [ -81.008298, 38.914559 ], [ -81.013887, 38.919785 ], [ -81.002611, 38.932385 ], [ -81.004355, 38.947993 ], [ -81.011078, 38.957451 ], [ -81.003484, 38.96099 ], [ -81.020508, 38.978855 ], [ -81.020023, 38.984138 ], [ -81.026042, 38.982001 ], [ -81.034404, 38.986932 ], [ -81.036027, 38.996709 ], [ -81.031568, 39.000084 ], [ -81.037732, 39.007584 ], [ -81.028332, 39.012584 ], [ -81.023132, 39.008184 ], [ -81.002531, 39.009585 ], [ -80.99034, 39.020598 ], [ -80.982095, 39.020224 ], [ -80.982124, 39.026133 ], [ -80.967226, 39.029018 ], [ -80.960203, 39.038022 ], [ -80.911618, 39.04624 ], [ -80.898068, 39.055641 ], [ -80.897495, 39.062781 ], [ -80.885482, 39.06381 ], [ -80.877414, 39.06866 ], [ -80.876954, 39.073904 ], [ -80.862935, 39.071269 ], [ -80.851823, 39.079708 ], [ -80.854581, 39.08392 ], [ -80.836473, 39.081932 ], [ -80.828084, 39.092118 ], [ -80.818814, 39.091598 ], [ -80.808884, 39.104304 ], [ -80.81297, 39.109401 ], [ -80.728326, 39.095679 ], [ -80.716815, 39.00843 ], [ -80.605799, 38.904167 ], [ -80.6312, 38.89759 ], [ -80.641017, 38.884815 ], [ -80.652135, 38.889682 ], [ -80.665899, 38.881804 ], [ -80.672634, 38.889021 ], [ -80.669909, 38.892773 ] ] ] } },
{ "type": "Feature", "properties": { "fipsCode": 18145, "stateAbbr": "IN", "NAME": "Shelby", "NAMELSAD": "Shelby County" }, "geometry": { "type": "Polygon", "coordinates": [ [ [ -85.63063, 39.350205 ], [ -85.952005, 39.347373 ], [ -85.951721, 39.697136 ], [ -85.632505, 39.698455 ], [ -85.63063, 39.350205 ] ] ] } },
{ "type": "Feature", "properties": { "fipsCode": 42119, "stateAbbr": "PA", "NAME": "Union", "NAMELSAD": "Union County" }, "geometry": { "type": "Polygon", "coordinates": [ [ [ -76.94155, 40.888071 ], [ -77.010254, 40.86966 ], [ -77.019873, 40.857929 ], [ -77.052027, 40.869387 ], [ -77.074058, 40.868333 ], [ -77.356628, 40.807334 ], [ -77.357113, 40.844484 ], [ -77.36418, 40.846937 ], [ -77.279236, 40.90971 ], [ -77.204027, 40.99271 ], [ -77.143804, 41.042801 ], [ -77.144111, 41.06884 ], [ -77.113839, 41.069032 ], [ -77.068236, 41.085231 ], [ -76.977939, 41.087883 ], [ -76.960229, 41.148801 ], [ -76.896114, 41.13907 ], [ -76.88958, 41.100638 ], [ -76.860045, 41.075729 ], [ -76.857, 41.066601 ], [ -76.856276, 41.048283 ], [ -76.868016, 40.996733 ], [ -76.882359, 40.97138 ], [ -76.876221, 40.951089 ], [ -76.851469, 40.912846 ], [ -76.824587, 40.890718 ], [ -76.803994, 40.884874 ], [ -76.799277, 40.878565 ], [ -76.834517, 40.889621 ], [ -76.87736, 40.884399 ], [ -76.890804, 40.888719 ], [ -76.912335, 40.88454 ], [ -76.94155, 40.888071 ] ] ] } },
{ "type": "Feature", "properties": { "fipsCode": 39129, "stateAbbr": "OH", "NAME": "Pickaway", "NAMELSAD": "Pickaway County" }, "geometry": { "type": "Polygon", "coordinates": [ [ [ -82.842953, 39.56148 ], [ -82.731518, 39.554445 ], [ -82.740649, 39.468421 ], [ -82.998204, 39.480061 ], [ -82.992901, 39.489861 ], [ -82.980396, 39.490261 ], [ -82.978741, 39.500854 ], [ -82.98456, 39.506754 ], [ -83.266737, 39.516249 ], [ -83.243702, 39.812503 ], [ -82.824254, 39.794996 ], [ -82.842953, 39.56148 ] ] ] } },
{ "type": "Feature", "properties": { "fipsCode": 18147, "stateAbbr": "IN", "NAME": "Spencer", "NAMELSAD": "Spencer County" }, "geometry": { "type": "Polygon", "coordinates": [ [ [ -86.90727, 37.942999 ], [ -86.926973, 37.93503 ], [ -86.97618, 37.931112 ], [ -87.009975, 37.919893 ], [ -87.035174, 37.905466 ], [ -87.045878, 37.892646 ], [ -87.04324, 37.868368 ], [ -87.065414, 37.807614 ], [ -87.08731, 37.789047 ], [ -87.105986, 37.783062 ], [ -87.129363, 37.785991 ], [ -87.141115, 37.815518 ], [ -87.161704, 37.839764 ], [ -87.219664, 37.848752 ], [ -87.268995, 37.878026 ], [ -87.26795, 37.925172 ], [ -87.240918, 37.952269 ], [ -87.231544, 37.948404 ], [ -87.226264, 37.971212 ], [ -87.196218, 37.987454 ], [ -87.183344, 38.002621 ], [ -87.175894, 38.002662 ], [ -87.175675, 38.006921 ], [ -87.183008, 38.010552 ], [ -87.17282, 38.009796 ], [ -87.169167, 38.018185 ], [ -87.153598, 38.019496 ], [ -87.153943, 38.025372 ], [ -87.16632, 38.030054 ], [ -87.154082, 38.032213 ], [ -87.15661, 38.040588 ], [ -87.148771, 38.058638 ], [ -87.132987, 38.055006 ], [ -87.125021, 38.043866 ], [ -87.089565, 38.048904 ], [ -87.088432, 38.052725 ], [ -87.097919, 38.059328 ], [ -87.088776, 38.084087 ], [ -87.074725, 38.097058 ], [ -87.072332, 38.11828 ], [ -87.017453, 38.118301 ], [ -87.01749, 38.20358 ], [ -86.791497, 38.20513 ], [ -86.791316, 38.180071 ], [ -86.803569, 38.18143 ], [ -86.795363, 38.157199 ], [ -86.806281, 38.142961 ], [ -86.800424, 38.1396 ], [ -86.803, 38.134596 ], [ -86.795016, 38.123544 ], [ -86.807235, 38.117953 ], [ -86.80095, 38.110527 ], [ -86.792641, 38.11679 ], [ -86.784425, 38.110364 ], [ -86.788433, 38.105621 ], [ -86.785027, 38.102512 ], [ -86.76861, 38.102794 ], [ -86.769328, 38.086808 ], [ -86.780759, 38.078443 ], [ -86.764974, 38.058598 ], [ -86.780611, 38.053043 ], [ -86.779681, 38.04388 ], [ -86.786976, 38.040745 ], [ -86.780204, 38.040305 ], [ -86.783088, 38.036199 ], [ -86.776947, 38.030753 ], [ -86.774924, 38.034012 ], [ -86.766959, 38.029707 ], [ -86.781994, 38.026348 ], [ -86.775784, 38.024042 ], [ -86.778374, 38.010328 ], [ -86.774342, 38.010328 ], [ -86.771896, 37.998868 ], [ -86.78682, 38.000682 ], [ -86.800288, 38.015068 ], [ -86.808271, 38.000945 ], [ -86.860914, 37.984368 ], [ -86.90727, 37.942999 ] ] ] } },
{ "type": "Feature", "properties": { "fipsCode": 42063, "stateAbbr": "PA", "NAME": "Indiana", "NAMELSAD": "Indiana County" }, "geometry": { "type": "Polygon", "coordinates": [ [ [ -79.215215, 40.775942 ], [ -79.21531, 40.911346 ], [ -78.805167, 40.90598 ], [ -78.806274, 40.729742 ], [ -78.799226, 40.7171 ], [ -78.808922, 40.720952 ], [ -78.885946, 40.554067 ], [ -78.973814, 40.395421 ], [ -78.98887, 40.411974 ], [ -79.027837, 40.419574 ], [ -79.034195, 40.412109 ], [ -79.028422, 40.40467 ], [ -79.058882, 40.38032 ], [ -79.069885, 40.380414 ], [ -79.082965, 40.389582 ], [ -79.099589, 40.368937 ], [ -79.109309, 40.373318 ], [ -79.121634, 40.370576 ], [ -79.128677, 40.385056 ], [ -79.115339, 40.389367 ], [ -79.115994, 40.393516 ], [ -79.152698, 40.399234 ], [ -79.154501, 40.411338 ], [ -79.191197, 40.415221 ], [ -79.20073, 40.4109 ], [ -79.214783, 40.424458 ], [ -79.246872, 40.432197 ], [ -79.256638, 40.420198 ], [ -79.268413, 40.416838 ], [ -79.273974, 40.420339 ], [ -79.269351, 40.428517 ], [ -79.273203, 40.439535 ], [ -79.283785, 40.442683 ], [ -79.289409, 40.436673 ], [ -79.301284, 40.435212 ], [ -79.301677, 40.451356 ], [ -79.297631, 40.455796 ], [ -79.300961, 40.461236 ], [ -79.32863, 40.452551 ], [ -79.34028, 40.470573 ], [ -79.345408, 40.467212 ], [ -79.346362, 40.45348 ], [ -79.357901, 40.452343 ], [ -79.362457, 40.462503 ], [ -79.357319, 40.475206 ], [ -79.362056, 40.478678 ], [ -79.366698, 40.476274 ], [ -79.369591, 40.456604 ], [ -79.381753, 40.452697 ], [ -79.394504, 40.45598 ], [ -79.406631, 40.474301 ], [ -79.421315, 40.470598 ], [ -79.429526, 40.48859 ], [ -79.446694, 40.480869 ], [ -79.453765, 40.48425 ], [ -79.459045, 40.520457 ], [ -79.215215, 40.775942 ] ] ] } },
{ "type": "Feature", "properties": { "fipsCode": 42099, "stateAbbr": "PA", "NAME": "Perry", "NAMELSAD": "Perry County" }, "geometry": { "type": "Polygon", "coordinates": [ [ [ -77.01627, 40.425173 ], [ -77.012172, 40.404449 ], [ -77.029341, 40.388681 ], [ -77.020799, 40.36623 ], [ -76.996858, 40.356536 ], [ -76.934597, 40.356599 ], [ -76.91497, 40.328484 ], [ -76.980554, 40.309277 ], [ -77.239163, 40.284102 ], [ -77.312235, 40.26774 ], [ -77.33121, 40.276418 ], [ -77.322916, 40.291229 ], [ -77.326637, 40.292601 ], [ -77.385114, 40.262712 ], [ -77.421472, 40.255791 ], [ -77.419795, 40.26407 ], [ -77.402893, 40.280128 ], [ -77.361236, 40.305193 ], [ -77.357635, 40.312476 ], [ -77.366018, 40.313569 ], [ -77.419492, 40.290834 ], [ -77.529386, 40.222735 ], [ -77.559393, 40.217965 ], [ -77.605448, 40.185362 ], [ -77.6147, 40.198615 ], [ -77.604768, 40.206033 ], [ -77.602717, 40.2282 ], [ -77.616167, 40.232616 ], [ -77.642831, 40.21814 ], [ -77.650156, 40.227538 ], [ -77.645698, 40.256031 ], [ -77.667711, 40.252001 ], [ -77.671155, 40.257569 ], [ -77.656416, 40.270393 ], [ -77.671761, 40.289825 ], [ -77.653146, 40.308506 ], [ -77.565665, 40.367363 ], [ -77.532265, 40.376006 ], [ -77.540141, 40.399221 ], [ -77.47838, 40.432011 ], [ -77.289592, 40.518457 ], [ -77.198462, 40.552287 ], [ -77.167561, 40.559509 ], [ -77.182789, 40.582211 ], [ -77.023304, 40.60426 ], [ -76.949148, 40.628167 ], [ -76.957444, 40.594677 ], [ -76.986349, 40.576228 ], [ -76.992997, 40.564143 ], [ -76.980658, 40.539099 ], [ -76.984661, 40.515053 ], [ -76.96909, 40.497562 ], [ -76.953083, 40.490621 ], [ -76.949374, 40.469092 ], [ -76.956392, 40.458841 ], [ -76.981081, 40.446761 ], [ -77.003235, 40.4268 ], [ -77.01627, 40.425173 ] ] ] } },
{ "type": "Feature", "properties": { "fipsCode": 54011, "stateAbbr": "WV", "NAME": "Cabell", "NAMELSAD": "Cabell County" }, "geometry": { "type": "Polygon", "coordinates": [ [ [ -82.508161, 38.411206 ], [ -82.404882, 38.439347 ], [ -82.381773, 38.434783 ], [ -82.327391, 38.446484 ], [ -82.318111, 38.457876 ], [ -82.304223, 38.496308 ], [ -82.293471, 38.575383 ], [ -82.27147, 38.595383 ], [ -82.247469, 38.598683 ], [ -82.218967, 38.591683 ], [ -82.055127, 38.474547 ], [ -82.047128, 38.374432 ], [ -82.064735, 38.376765 ], [ -82.079074, 38.368786 ], [ -82.097401, 38.367408 ], [ -82.102606, 38.357117 ], [ -82.110281, 38.358538 ], [ -82.11699, 38.344212 ], [ -82.125511, 38.346799 ], [ -82.168504, 38.335317 ], [ -82.17871, 38.339288 ], [ -82.18311, 38.329683 ], [ -82.196793, 38.322775 ], [ -82.197506, 38.310692 ], [ -82.22083, 38.310644 ], [ -82.206525, 38.301783 ], [ -82.211994, 38.291164 ], [ -82.207585, 38.288697 ], [ -82.215984, 38.280654 ], [ -82.242637, 38.270333 ], [ -82.247775, 38.261912 ], [ -82.24518, 38.254092 ], [ -82.259982, 38.246236 ], [ -82.257578, 38.234759 ], [ -82.274836, 38.227986 ], [ -82.299388, 38.239989 ], [ -82.311409, 38.256178 ], [ -82.3089, 38.264013 ], [ -82.313406, 38.268109 ], [ -82.30259, 38.287588 ], [ -82.302848, 38.298964 ], [ -82.292632, 38.304134 ], [ -82.276212, 38.303868 ], [ -82.278788, 38.311146 ], [ -82.288952, 38.314014 ], [ -82.286646, 38.321543 ], [ -82.314411, 38.331364 ], [ -82.317315, 38.326277 ], [ -82.330316, 38.324043 ], [ -82.329416, 38.313386 ], [ -82.343911, 38.305209 ], [ -82.508161, 38.411206 ] ] ] } },
{ "type": "Feature", "properties": { "fipsCode": 54007, "stateAbbr": "WV", "NAME": "Braxton", "NAMELSAD": "Braxton County" }, "geometry": { "type": "Polygon", "coordinates": [ [ [ -80.508655, 38.645553 ], [ -80.652196, 38.526105 ], [ -80.71154, 38.537023 ], [ -80.719145, 38.53226 ], [ -80.723887, 38.536166 ], [ -80.737275, 38.532442 ], [ -80.739018, 38.523889 ], [ -80.751065, 38.525771 ], [ -80.760294, 38.541512 ], [ -80.77734, 38.548044 ], [ -80.77973, 38.556219 ], [ -80.785177, 38.557649 ], [ -80.881232, 38.507045 ], [ -80.891499, 38.536913 ], [ -80.917744, 38.544816 ], [ -80.912843, 38.547721 ], [ -80.913018, 38.563206 ], [ -80.924968, 38.571753 ], [ -80.926342, 38.579339 ], [ -80.955146, 38.592206 ], [ -80.957697, 38.597291 ], [ -80.970038, 38.593204 ], [ -80.971083, 38.610732 ], [ -80.978955, 38.614455 ], [ -80.975961, 38.625096 ], [ -81.031677, 38.667839 ], [ -80.98495, 38.717898 ], [ -80.701522, 38.879045 ], [ -80.669909, 38.892773 ], [ -80.672634, 38.889021 ], [ -80.665899, 38.881804 ], [ -80.652135, 38.889682 ], [ -80.641017, 38.884815 ], [ -80.6312, 38.89759 ], [ -80.608827, 38.90499 ], [ -80.597049, 38.895999 ], [ -80.599162, 38.891777 ], [ -80.590991, 38.883679 ], [ -80.593289, 38.870418 ], [ -80.58349, 38.858871 ], [ -80.557957, 38.867609 ], [ -80.541525, 38.853902 ], [ -80.523767, 38.862802 ], [ -80.507216, 38.854027 ], [ -80.500718, 38.844661 ], [ -80.490845, 38.845259 ], [ -80.479816, 38.833177 ], [ -80.47381, 38.833229 ], [ -80.485528, 38.800304 ], [ -80.474532, 38.794274 ], [ -80.463112, 38.795882 ], [ -80.458394, 38.78774 ], [ -80.463698, 38.783764 ], [ -80.458482, 38.776053 ], [ -80.446148, 38.777514 ], [ -80.442091, 38.77185 ], [ -80.449843, 38.768903 ], [ -80.451149, 38.749146 ], [ -80.508655, 38.645553 ] ] ] } },
{ "type": "Feature", "properties": { "fipsCode": 42013, "stateAbbr": "PA", "NAME": "Blair", "NAMELSAD": "Blair County" }, "geometry": { "type": "Polygon", "coordinates": [ [ [ -78.544715, 40.486682 ], [ -78.539819, 40.506293 ], [ -78.530384, 40.519144 ], [ -78.497561, 40.539163 ], [ -78.485527, 40.541352 ], [ -78.441208, 40.597239 ], [ -78.446323, 40.624164 ], [ -78.441013, 40.631598 ], [ -78.442091, 40.641357 ], [ -78.432457, 40.647756 ], [ -78.408504, 40.644333 ], [ -78.348389, 40.72343 ], [ -78.360619, 40.733181 ], [ -78.131834, 40.743017 ], [ -78.116521, 40.739127 ], [ -78.155867, 40.717745 ], [ -78.15659, 40.71297 ], [ -78.170042, 40.712596 ], [ -78.195243, 40.697294 ], [ -78.201323, 40.698385 ], [ -78.22197, 40.674539 ], [ -78.198634, 40.64853 ], [ -78.197167, 40.63898 ], [ -78.17905, 40.626956 ], [ -78.17305, 40.62803 ], [ -78.166408, 40.618143 ], [ -78.184212, 40.595295 ], [ -78.179295, 40.592725 ], [ -78.17828, 40.583786 ], [ -78.197083, 40.558444 ], [ -78.185595, 40.543703 ], [ -78.176818, 40.534471 ], [ -78.166247, 40.531401 ], [ -78.149706, 40.541585 ], [ -78.135701, 40.569651 ], [ -78.128638, 40.567953 ], [ -78.147328, 40.533251 ], [ -78.1539, 40.492165 ], [ -78.150883, 40.486834 ], [ -78.133911, 40.498321 ], [ -78.129498, 40.485721 ], [ -78.156881, 40.436382 ], [ -78.246385, 40.317994 ], [ -78.288764, 40.242107 ], [ -78.434288, 40.302301 ], [ -78.447895, 40.244395 ], [ -78.5057, 40.287308 ], [ -78.618889, 40.326471 ], [ -78.602236, 40.353629 ], [ -78.561466, 40.36967 ], [ -78.552889, 40.434783 ], [ -78.557721, 40.441563 ], [ -78.541978, 40.46974 ], [ -78.544715, 40.486682 ] ] ] } },
{ "type": "Feature", "properties": { "fipsCode": 39099, "stateAbbr": "OH", "NAME": "Mahoning", "NAMELSAD": "Mahoning County" }, "geometry": { "type": "Polygon", "coordinates": [ [ [ -81.002479, 41.134187 ], [ -80.519047, 41.133218 ], [ -80.51915, 40.900326 ], [ -80.821923, 40.900935 ], [ -80.821635, 40.929775 ], [ -80.891285, 40.9302 ], [ -80.895813, 40.930187 ], [ -80.896032, 40.900995 ], [ -81.086679, 40.901609 ], [ -81.086312, 40.988031 ], [ -81.002015, 40.987785 ], [ -81.002479, 41.134187 ] ] ] } },
{ "type": "Feature", "properties": { "fipsCode": 39061, "stateAbbr": "OH", "NAME": "Hamilton", "NAMELSAD": "Hamilton County" }, "geometry": { "type": "Polygon", "coordinates": [ [ [ -84.630047, 39.312056 ], [ -84.262172, 39.288342 ], [ -84.264792, 39.280903 ], [ -84.256364, 39.276727 ], [ -84.26129, 39.264805 ], [ -84.293635, 39.248629 ], [ -84.299441, 39.235156 ], [ -84.307228, 39.234351 ], [ -84.319984, 39.223703 ], [ -84.310319, 39.209085 ], [ -84.285463, 39.213521 ], [ -84.276198, 39.201727 ], [ -84.288733, 39.1817 ], [ -84.299421, 39.17421 ], [ -84.295077, 39.167231 ], [ -84.301742, 39.159434 ], [ -84.319985, 39.021534 ], [ -84.359477, 39.041238 ], [ -84.408054, 39.045934 ], [ -84.426389, 39.053134 ], [ -84.432732, 39.066834 ], [ -84.435388, 39.100885 ], [ -84.446409, 39.115216 ], [ -84.45898, 39.12144 ], [ -84.480511, 39.117536 ], [ -84.506161, 39.095177 ], [ -84.523772, 39.092272 ], [ -84.550816, 39.099548 ], [ -84.571906, 39.08243 ], [ -84.607482, 39.073369 ], [ -84.632532, 39.076634 ], [ -84.65454, 39.094026 ], [ -84.686478, 39.101109 ], [ -84.718524, 39.13686 ], [ -84.743351, 39.147585 ], [ -84.762276, 39.142186 ], [ -84.787768, 39.115313 ], [ -84.820155, 39.105419 ], [ -84.81945, 39.305153 ], [ -84.641814, 39.305044 ], [ -84.630047, 39.312056 ] ] ] } },
{ "type": "Feature", "properties": { "fipsCode": 39007, "stateAbbr": "OH", "NAME": "Ashtabula", "NAMELSAD": "Ashtabula County" }, "geometry": { "type": "Polygon", "coordinates": [ [ [ -80.519851, 42.327132 ], [ -80.519225, 41.49934 ], [ -81.003126, 41.501478 ], [ -81.002116, 41.854928 ], [ -81.00981, 41.86523 ], [ -81.009827, 42.251602 ], [ -80.519851, 42.327132 ] ] ] } },
{ "type": "Feature", "properties": { "fipsCode": 39135, "stateAbbr": "OH", "NAME": "Preble", "NAMELSAD": "Preble County" }, "geometry": { "type": "Polygon", "coordinates": [ [ [ -84.478927, 39.56879 ], [ -84.814934, 39.567714 ], [ -84.81241, 39.916915 ], [ -84.485367, 39.918491 ], [ -84.478927, 39.56879 ] ] ] } },
{ "type": "Feature", "properties": { "fipsCode": 39079, "stateAbbr": "OH", "NAME": "Jackson", "NAMELSAD": "Jackson County" }, "geometry": { "type": "Polygon", "coordinates": [ [ [ -82.651486, 39.189567 ], [ -82.536306, 39.180757 ], [ -82.540282, 39.144471 ], [ -82.424677, 39.137972 ], [ -82.455179, 38.844577 ], [ -82.574383, 38.853475 ], [ -82.575583, 38.844478 ], [ -82.76069, 38.854875 ], [ -82.753391, 38.945373 ], [ -82.80709, 38.948073 ], [ -82.785891, 39.168769 ], [ -82.766692, 39.167768 ], [ -82.762892, 39.207967 ], [ -82.650087, 39.202269 ], [ -82.651486, 39.189567 ] ] ] } },
{ "type": "Feature", "properties": { "fipsCode": 39049, "stateAbbr": "OH", "NAME": "Franklin", "NAMELSAD": "Franklin County" }, "geometry": { "type": "Polygon", "coordinates": [ [ [ -83.212196, 40.048069 ], [ -83.206273, 40.107733 ], [ -83.170208, 40.106927 ], [ -83.169872, 40.143077 ], [ -82.761827, 40.125855 ], [ -82.773825, 39.976125 ], [ -82.779459, 39.976293 ], [ -82.782495, 39.939662 ], [ -82.810797, 39.941162 ], [ -82.813096, 39.911663 ], [ -82.794383, 39.910785 ], [ -82.802476, 39.822953 ], [ -82.821496, 39.824271 ], [ -82.824254, 39.794996 ], [ -83.243702, 39.812503 ], [ -83.252031, 39.917363 ], [ -83.225643, 39.932262 ], [ -83.241699, 39.952552 ], [ -83.240014, 39.959766 ], [ -83.246938, 39.971139 ], [ -83.250411, 39.970711 ], [ -83.246112, 39.987323 ], [ -83.260877, 40.002807 ], [ -83.25168, 40.008376 ], [ -83.255464, 40.047401 ], [ -83.212196, 40.048069 ] ] ] } },
{ "type": "Feature", "properties": { "fipsCode": 18105, "stateAbbr": "IN", "NAME": "Monroe", "NAMELSAD": "Monroe County" }, "geometry": { "type": "Polygon", "coordinates": [ [ [ -86.682277, 38.992404 ], [ -86.68561, 39.336043 ], [ -86.666329, 39.329145 ], [ -86.663773, 39.334149 ], [ -86.655507, 39.331476 ], [ -86.658721, 39.34952 ], [ -86.650479, 39.355702 ], [ -86.630818, 39.346948 ], [ -86.630844, 39.340755 ], [ -86.381395, 39.339752 ], [ -86.379937, 39.25108 ], [ -86.372408, 39.250905 ], [ -86.370066, 39.048375 ], [ -86.318133, 39.04881 ], [ -86.317474, 38.99087 ], [ -86.682277, 38.992404 ] ] ] } },
{ "type": "Feature", "properties": { "fipsCode": 18059, "stateAbbr": "IN", "NAME": "Hancock", "NAMELSAD": "Hancock County" }, "geometry": { "type": "Polygon", "coordinates": [ [ [ -85.633228, 39.698462 ], [ -85.951721, 39.697136 ], [ -85.954013, 39.869646 ], [ -85.938067, 39.869812 ], [ -85.938129, 39.926976 ], [ -85.862395, 39.928943 ], [ -85.862489, 39.943618 ], [ -85.576192, 39.945756 ], [ -85.576798, 39.872808 ], [ -85.596678, 39.872926 ], [ -85.596916, 39.786519 ], [ -85.633491, 39.786177 ], [ -85.633228, 39.698462 ] ] ] } },
{ "type": "Feature", "properties": { "fipsCode": 42037, "stateAbbr": "PA", "NAME": "Columbia", "NAMELSAD": "Columbia County" }, "geometry": { "type": "Polygon", "coordinates": [ [ [ -76.284611, 40.883588 ], [ -76.30717, 40.801809 ], [ -76.380334, 40.775445 ], [ -76.411487, 40.83349 ], [ -76.501598, 40.824765 ], [ -76.508093, 40.846637 ], [ -76.498006, 40.854075 ], [ -76.509859, 40.870716 ], [ -76.504079, 40.880813 ], [ -76.528024, 40.882613 ], [ -76.524689, 40.915221 ], [ -76.528213, 40.919121 ], [ -76.520138, 40.926634 ], [ -76.529395, 40.940143 ], [ -76.512421, 40.946102 ], [ -76.514908, 40.958893 ], [ -76.565233, 40.999812 ], [ -76.562263, 41.034214 ], [ -76.569915, 41.053761 ], [ -76.618971, 41.063759 ], [ -76.615356, 41.079542 ], [ -76.62065, 41.085271 ], [ -76.640767, 41.155718 ], [ -76.592607, 41.157765 ], [ -76.407934, 41.308418 ], [ -76.310261, 41.310198 ], [ -76.319236, 41.208092 ], [ -76.27739, 41.131795 ], [ -76.228975, 41.138466 ], [ -76.228144, 41.051947 ], [ -76.231359, 41.050725 ], [ -76.207827, 40.94974 ], [ -76.284611, 40.883588 ] ] ] } },
{ "type": "Feature", "properties": { "fipsCode": 39023, "stateAbbr": "OH", "NAME": "Clark", "NAMELSAD": "Clark County" }, "geometry": { "type": "Polygon", "coordinates": [ [ [ -83.512625, 40.010023 ], [ -83.589909, 39.768812 ], [ -83.740851, 39.78151 ], [ -83.739475, 39.788957 ], [ -83.829499, 39.797782 ], [ -83.827413, 39.82265 ], [ -83.941289, 39.828838 ], [ -83.939959, 39.843814 ], [ -84.053713, 39.850714 ], [ -84.036038, 40.04019 ], [ -83.512625, 40.010023 ] ] ] } },
{ "type": "Feature", "properties": { "fipsCode": 18019, "stateAbbr": "IN", "NAME": "Clark", "NAMELSAD": "Clark County" }, "geometry": { "type": "Polygon", "coordinates": [ [ [ -85.675725, 38.300711 ], [ -85.743475, 38.267294 ], [ -85.761265, 38.272111 ], [ -85.773074, 38.285761 ], [ -85.792301, 38.287455 ], [ -85.790808, 38.298291 ], [ -85.795961, 38.306571 ], [ -85.787668, 38.308383 ], [ -85.793661, 38.314645 ], [ -85.782947, 38.320832 ], [ -85.794432, 38.325096 ], [ -85.796986, 38.332881 ], [ -85.783291, 38.331865 ], [ -85.789889, 38.339931 ], [ -85.782964, 38.338939 ], [ -85.76103, 38.350349 ], [ -85.807726, 38.404313 ], [ -85.966719, 38.403659 ], [ -85.966886, 38.410876 ], [ -85.994629, 38.410865 ], [ -85.993317, 38.48854 ], [ -85.956195, 38.488956 ], [ -85.957102, 38.501949 ], [ -85.884776, 38.503469 ], [ -85.884708, 38.518152 ], [ -85.866268, 38.518425 ], [ -85.866341, 38.547095 ], [ -85.847588, 38.54714 ], [ -85.847893, 38.561269 ], [ -85.821162, 38.561418 ], [ -85.821457, 38.57539 ], [ -85.812158, 38.575553 ], [ -85.812343, 38.582911 ], [ -85.802994, 38.58301 ], [ -85.803143, 38.590261 ], [ -85.793629, 38.590333 ], [ -85.793584, 38.604814 ], [ -85.496666, 38.606736 ], [ -85.496452, 38.59222 ], [ -85.478701, 38.592434 ], [ -85.478762, 38.586178 ], [ -85.4279, 38.586241 ], [ -85.415767, 38.563924 ], [ -85.419532, 38.53533 ], [ -85.434234, 38.523264 ], [ -85.469689, 38.508012 ], [ -85.488889, 38.477652 ], [ -85.505707, 38.464717 ], [ -85.534354, 38.455781 ], [ -85.582753, 38.451043 ], [ -85.606954, 38.438574 ], [ -85.62034, 38.423414 ], [ -85.631833, 38.398427 ], [ -85.639385, 38.361106 ], [ -85.651526, 38.330262 ], [ -85.675725, 38.300711 ] ] ] } },
{ "type": "Feature", "properties": { "fipsCode": 18149, "stateAbbr": "IN", "NAME": "Starke", "NAMELSAD": "Starke County" }, "geometry": { "type": "Polygon", "coordinates": [ [ [ -86.467046, 41.171442 ], [ -86.930099, 41.172299 ], [ -86.930079, 41.236798 ], [ -86.920428, 41.245092 ], [ -86.870155, 41.264622 ], [ -86.814083, 41.273602 ], [ -86.783401, 41.28551 ], [ -86.739889, 41.321853 ], [ -86.700374, 41.402337 ], [ -86.670798, 41.413873 ], [ -86.642542, 41.432639 ], [ -86.466603, 41.432968 ], [ -86.467046, 41.171442 ] ] ] } },
{ "type": "Feature", "properties": { "fipsCode": 42025, "stateAbbr": "PA", "NAME": "Carbon", "NAMELSAD": "Carbon County" }, "geometry": { "type": "Polygon", "coordinates": [ [ [ -75.57459, 40.951323 ], [ -75.474193, 40.814746 ], [ -75.541549, 40.806815 ], [ -75.577488, 40.799414 ], [ -75.602608, 40.788043 ], [ -75.688105, 40.772116 ], [ -75.757807, 40.735414 ], [ -75.886037, 40.816267 ], [ -75.997636, 40.913259 ], [ -75.848024, 40.966357 ], [ -75.848539, 40.972185 ], [ -75.819237, 40.982578 ], [ -75.801201, 40.983424 ], [ -75.732183, 41.008124 ], [ -75.738643, 41.017049 ], [ -75.740106, 41.029802 ], [ -75.757734, 41.031625 ], [ -75.770337, 41.05019 ], [ -75.772003, 41.076666 ], [ -75.765641, 41.084468 ], [ -75.767376, 41.09296 ], [ -75.755269, 41.094309 ], [ -75.752198, 41.103872 ], [ -75.733028, 41.102937 ], [ -75.716747, 41.11813 ], [ -75.708272, 41.115864 ], [ -75.709647, 41.122041 ], [ -75.703373, 41.122059 ], [ -75.696898, 41.129663 ], [ -75.667495, 41.13398 ], [ -75.656947, 41.124112 ], [ -75.656745, 41.116028 ], [ -75.649263, 41.122279 ], [ -75.645873, 41.112949 ], [ -75.636226, 41.112982 ], [ -75.629666, 41.107013 ], [ -75.625026, 41.111381 ], [ -75.620397, 41.109284 ], [ -75.613592, 41.094773 ], [ -75.604113, 41.093382 ], [ -75.605643, 41.084951 ], [ -75.576876, 41.068001 ], [ -75.568886, 41.056608 ], [ -75.569843, 41.050062 ], [ -75.561947, 41.049523 ], [ -75.496096, 40.987379 ], [ -75.57459, 40.951323 ] ] ] } },
{ "type": "Feature", "properties": { "fipsCode": 42129, "stateAbbr": "PA", "NAME": "Westmoreland", "NAMELSAD": "Westmoreland County" }, "geometry": { "type": "Polygon", "coordinates": [ [ [ -79.162202, 40.14277 ], [ -79.185222, 40.109848 ], [ -79.192161, 40.110267 ], [ -79.19713, 40.118704 ], [ -79.20295, 40.114926 ], [ -79.213791, 40.117991 ], [ -79.220864, 40.112737 ], [ -79.226672, 40.09825 ], [ -79.256005, 40.088463 ], [ -79.258921, 40.079794 ], [ -79.267739, 40.074268 ], [ -79.267245, 40.065868 ], [ -79.278766, 40.055537 ], [ -79.278101, 40.050479 ], [ -79.293385, 40.040347 ], [ -79.34177, 40.04317 ], [ -79.355528, 40.074289 ], [ -79.393288, 40.090609 ], [ -79.40193, 40.10283 ], [ -79.43792, 40.11604 ], [ -79.44744, 40.12605 ], [ -79.447478, 40.133233 ], [ -79.461522, 40.144098 ], [ -79.504401, 40.140941 ], [ -79.527362, 40.122961 ], [ -79.534671, 40.128445 ], [ -79.542073, 40.11189 ], [ -79.556577, 40.112833 ], [ -79.560602, 40.105216 ], [ -79.585377, 40.102125 ], [ -79.584576, 40.097834 ], [ -79.593314, 40.09093 ], [ -79.593021, 40.082055 ], [ -79.602294, 40.082998 ], [ -79.603674, 40.090839 ], [ -79.621958, 40.094533 ], [ -79.626998, 40.088424 ], [ -79.642371, 40.083628 ], [ -79.641098, 40.088317 ], [ -79.654083, 40.089294 ], [ -79.658245, 40.097087 ], [ -79.668118, 40.09701 ], [ -79.667579, 40.104542 ], [ -79.683794, 40.10862 ], [ -79.685624, 40.113823 ], [ -79.708123, 40.107704 ], [ -79.722865, 40.113179 ], [ -79.718499, 40.116921 ], [ -79.72438, 40.123123 ], [ -79.734596, 40.120904 ], [ -79.746056, 40.128457 ], [ -79.805804, 40.127528 ], [ -79.816594, 40.132791 ], [ -79.816113, 40.128375 ], [ -79.877864, 40.126959 ], [ -79.886649, 40.130216 ], [ -79.903578, 40.150839 ], [ -79.903146, 40.160183 ], [ -79.891418, 40.165127 ], [ -79.863033, 40.161975 ], [ -79.850584, 40.174727 ], [ -79.854456, 40.191255 ], [ -79.871425, 40.197391 ], [ -79.782588, 40.227626 ], [ -79.804286, 40.231911 ], [ -79.807431, 40.236894 ], [ -79.787496, 40.262503 ], [ -79.795796, 40.281079 ], [ -79.775151, 40.286356 ], [ -79.788648, 40.297738 ], [ -79.771082, 40.375419 ], [ -79.762068, 40.392768 ], [ -79.751262, 40.388357 ], [ -79.744634, 40.396163 ], [ -79.73426, 40.398055 ], [ -79.73142, 40.407603 ], [ -79.722186, 40.408836 ], [ -79.727002, 40.414397 ], [ -79.717231, 40.413789 ], [ -79.704783, 40.426324 ], [ -79.701624, 40.525449 ], [ -79.735595, 40.548972 ], [ -79.76509, 40.549238 ], [ -79.774693, 40.570746 ], [ -79.771623, 40.585629 ], [ -79.760285, 40.595118 ], [ -79.721339, 40.608157 ], [ -79.690278, 40.640873 ], [ -79.695822, 40.661505 ], [ -79.69293, 40.669744 ], [ -79.668345, 40.680049 ], [ -79.640009, 40.666945 ], [ -79.636056, 40.654481 ], [ -79.611032, 40.642017 ], [ -79.607847, 40.625329 ], [ -79.600727, 40.625089 ], [ -79.583735, 40.636609 ], [ -79.589559, 40.616593 ], [ -79.581191, 40.602529 ], [ -79.566006, 40.607953 ], [ -79.550902, 40.604241 ], [ -79.56639, 40.592961 ], [ -79.570678, 40.584065 ], [ -79.559766, 40.562593 ], [ -79.526249, 40.542364 ], [ -79.511292, 40.542348 ], [ -79.497092, 40.525338 ], [ -79.486542, 40.527428 ], [ -79.481872, 40.536937 ], [ -79.476918, 40.535779 ], [ -79.476634, 40.52963 ], [ -79.453279, 40.533216 ], [ -79.449088, 40.527483 ], [ -79.4599, 40.517986 ], [ -79.453935, 40.505529 ], [ -79.453765, 40.48425 ], [ -79.446694, 40.480869 ], [ -79.429526, 40.48859 ], [ -79.421315, 40.470598 ], [ -79.406631, 40.474301 ], [ -79.392254, 40.454797 ], [ -79.371175, 40.455067 ], [ -79.366698, 40.476274 ], [ -79.362056, 40.478678 ], [ -79.357319, 40.475206 ], [ -79.362457, 40.462503 ], [ -79.357901, 40.452343 ], [ -79.346362, 40.45348 ], [ -79.345408, 40.467212 ], [ -79.34028, 40.470573 ], [ -79.32863, 40.452551 ], [ -79.30157, 40.461439 ], [ -79.297631, 40.455796 ], [ -79.301677, 40.451356 ], [ -79.301284, 40.435212 ], [ -79.289409, 40.436673 ], [ -79.283785, 40.442683 ], [ -79.273203, 40.439535 ], [ -79.269351, 40.428517 ], [ -79.272856, 40.418411 ], [ -79.261542, 40.417525 ], [ -79.246872, 40.432197 ], [ -79.214783, 40.424458 ], [ -79.20073, 40.4109 ], [ -79.191197, 40.415221 ], [ -79.155789, 40.411765 ], [ -79.152698, 40.399234 ], [ -79.115994, 40.393516 ], [ -79.115339, 40.389367 ], [ -79.128677, 40.385056 ], [ -79.121634, 40.370576 ], [ -79.109309, 40.373318 ], [ -79.099589, 40.368937 ], [ -79.082965, 40.389582 ], [ -79.069885, 40.380414 ], [ -79.058882, 40.38032 ], [ -79.028422, 40.40467 ], [ -79.034262, 40.409754 ], [ -79.029308, 40.419253 ], [ -79.012357, 40.419581 ], [ -78.987085, 40.41099 ], [ -78.973814, 40.395421 ], [ -78.998171, 40.356169 ], [ -79.036942, 40.314062 ], [ -79.037295, 40.307259 ], [ -79.055121, 40.289178 ], [ -79.056646, 40.278604 ], [ -79.073659, 40.266579 ], [ -79.086343, 40.242391 ], [ -79.095914, 40.23263 ], [ -79.102446, 40.232165 ], [ -79.098342, 40.227345 ], [ -79.104638, 40.224481 ], [ -79.100286, 40.222344 ], [ -79.103182, 40.217909 ], [ -79.109072, 40.218324 ], [ -79.106981, 40.214306 ], [ -79.114076, 40.210628 ], [ -79.1146, 40.205039 ], [ -79.126157, 40.200391 ], [ -79.126744, 40.183281 ], [ -79.143306, 40.179889 ], [ -79.140025, 40.163899 ], [ -79.161263, 40.160869 ], [ -79.162202, 40.14277 ] ] ] } },
{ "type": "Feature", "properties": { "fipsCode": 39107, "stateAbbr": "OH", "NAME": "Mercer", "NAMELSAD": "Mercer County" }, "geometry": { "type": "Polygon", "coordinates": [ [ [ -84.431632, 40.354198 ], [ -84.803937, 40.352787 ], [ -84.802273, 40.728146 ], [ -84.456172, 40.728306 ], [ -84.455418, 40.358589 ], [ -84.431632, 40.354198 ] ] ] } },
{ "type": "Feature", "properties": { "fipsCode": 18095, "stateAbbr": "IN", "NAME": "Madison", "NAMELSAD": "Madison County" }, "geometry": { "type": "Polygon", "coordinates": [ [ [ -85.576192, 39.945756 ], [ -85.862489, 39.943618 ], [ -85.862296, 40.378367 ], [ -85.578589, 40.379524 ], [ -85.576192, 39.945756 ] ] ] } },
{ "type": "Feature", "properties": { "fipsCode": 54009, "stateAbbr": "WV", "NAME": "Brooke", "NAMELSAD": "Brooke County" }, "geometry": { "type": "Polygon", "coordinates": [ [ [ -80.612795, 40.347669 ], [ -80.609686, 40.37495 ], [ -80.631392, 40.385696 ], [ -80.632196, 40.393667 ], [ -80.573784, 40.399755 ], [ -80.517991, 40.399644 ], [ -80.519104, 40.159672 ], [ -80.595467, 40.177221 ], [ -80.664054, 40.178863 ], [ -80.665183, 40.1861 ], [ -80.682854, 40.182054 ], [ -80.668083, 40.199689 ], [ -80.66154, 40.229812 ], [ -80.652101, 40.244975 ], [ -80.622508, 40.261765 ], [ -80.616394, 40.271817 ], [ -80.614886, 40.291971 ], [ -80.599895, 40.317666 ], [ -80.612795, 40.347669 ] ] ] } },
{ "type": "Feature", "properties": { "fipsCode": 54013, "stateAbbr": "WV", "NAME": "Calhoun", "NAMELSAD": "Calhoun County" }, "geometry": { "type": "Polygon", "coordinates": [ [ [ -81.032811, 38.804153 ], [ -81.056673, 38.79274 ], [ -81.051531, 38.789369 ], [ -81.051909, 38.779996 ], [ -81.04324, 38.776281 ], [ -81.046062, 38.770709 ], [ -81.037541, 38.762247 ], [ -81.031327, 38.759867 ], [ -81.022438, 38.764809 ], [ -81.020286, 38.755392 ], [ -81.014228, 38.758781 ], [ -81.00379, 38.74937 ], [ -80.999429, 38.750492 ], [ -80.98495, 38.717898 ], [ -81.08371, 38.611982 ], [ -81.084699, 38.623525 ], [ -81.096637, 38.628606 ], [ -81.102097, 38.63898 ], [ -81.123694, 38.630929 ], [ -81.131599, 38.63826 ], [ -81.158582, 38.644037 ], [ -81.162486, 38.652209 ], [ -81.15831, 38.658379 ], [ -81.166211, 38.660766 ], [ -81.161932, 38.672764 ], [ -81.174, 38.680903 ], [ -81.166676, 38.69507 ], [ -81.172165, 38.707444 ], [ -81.171447, 38.720622 ], [ -81.175868, 38.723119 ], [ -81.168895, 38.730544 ], [ -81.171819, 38.739805 ], [ -81.188783, 38.752155 ], [ -81.203961, 38.776131 ], [ -81.212166, 38.779728 ], [ -81.207423, 38.784465 ], [ -81.220323, 38.784847 ], [ -81.223116, 38.787113 ], [ -81.219066, 38.789506 ], [ -81.227629, 38.792823 ], [ -81.217715, 38.798568 ], [ -81.225871, 38.8041 ], [ -81.220781, 38.81097 ], [ -81.226983, 38.813792 ], [ -81.220828, 38.817677 ], [ -81.224594, 38.825531 ], [ -81.215205, 38.824461 ], [ -81.215047, 38.830895 ], [ -81.220791, 38.843604 ], [ -81.228378, 38.846562 ], [ -81.228134, 38.852288 ], [ -81.238755, 38.847302 ], [ -81.246251, 38.852514 ], [ -81.245541, 38.858613 ], [ -81.235365, 38.86248 ], [ -81.243272, 38.865122 ], [ -81.237815, 38.868602 ], [ -81.242399, 38.872901 ], [ -81.237185, 38.874094 ], [ -81.241174, 38.8782 ], [ -81.238571, 38.881947 ], [ -81.259998, 38.893037 ], [ -81.248917, 38.896819 ], [ -81.259982, 38.901435 ], [ -81.258329, 38.906952 ], [ -81.262885, 38.91103 ], [ -81.270799, 38.906068 ], [ -81.270524, 38.91436 ], [ -81.279482, 38.913198 ], [ -81.274015, 38.918719 ], [ -81.277547, 38.9243 ], [ -81.266365, 38.926185 ], [ -81.27269, 38.936338 ], [ -81.155495, 39.040242 ], [ -81.136087, 39.045169 ], [ -81.128735, 39.045082 ], [ -81.124835, 39.039782 ], [ -81.116034, 39.042482 ], [ -81.112234, 39.030681 ], [ -81.102532, 39.02148 ], [ -81.094034, 39.022081 ], [ -81.093934, 39.015583 ], [ -81.081433, 39.016682 ], [ -81.076433, 39.010383 ], [ -81.059733, 39.007884 ], [ -81.035045, 39.012028 ], [ -81.037932, 39.007184 ], [ -81.031568, 39.000084 ], [ -81.036027, 38.996709 ], [ -81.034404, 38.986932 ], [ -81.025836, 38.981968 ], [ -81.020975, 38.98488 ], [ -81.020508, 38.978855 ], [ -81.004914, 38.964913 ], [ -81.003484, 38.96099 ], [ -81.011078, 38.957451 ], [ -81.004355, 38.947993 ], [ -81.002611, 38.932385 ], [ -81.013887, 38.919785 ], [ -81.008298, 38.914559 ], [ -81.002494, 38.846409 ], [ -81.01237, 38.840118 ], [ -81.008882, 38.836617 ], [ -81.013545, 38.831383 ], [ -81.012064, 38.822142 ], [ -81.035335, 38.809725 ], [ -81.030206, 38.807362 ], [ -81.032811, 38.804153 ] ] ] } },
{ "type": "Feature", "properties": { "fipsCode": 54043, "stateAbbr": "WV", "NAME": "Lincoln", "NAMELSAD": "Lincoln County" }, "geometry": { "type": "Polygon", "coordinates": [ [ [ -82.244261, 38.268387 ], [ -82.207585, 38.288697 ], [ -82.211994, 38.291164 ], [ -82.206525, 38.301783 ], [ -82.22083, 38.310644 ], [ -82.197506, 38.310692 ], [ -82.196793, 38.322775 ], [ -82.18311, 38.329683 ], [ -82.178344, 38.339522 ], [ -82.168504, 38.335317 ], [ -82.125511, 38.346799 ], [ -82.11699, 38.344212 ], [ -82.110281, 38.358538 ], [ -82.102606, 38.357117 ], [ -82.097401, 38.367408 ], [ -82.079074, 38.368786 ], [ -82.064735, 38.376765 ], [ -82.052196, 38.372775 ], [ -82.050021, 38.375934 ], [ -82.043094, 38.337278 ], [ -82.049151, 38.291709 ], [ -82.044518, 38.286984 ], [ -82.036521, 38.286615 ], [ -82.028291, 38.279362 ], [ -82.018925, 38.281763 ], [ -82.016464, 38.271954 ], [ -82.001786, 38.271601 ], [ -81.996846, 38.266685 ], [ -81.991774, 38.269085 ], [ -81.991151, 38.275772 ], [ -81.982094, 38.276701 ], [ -81.915197, 38.325597 ], [ -81.885772, 38.31475 ], [ -81.845706, 38.313246 ], [ -81.830634, 38.322526 ], [ -81.812825, 38.311407 ], [ -81.806505, 38.293711 ], [ -81.808188, 38.269399 ], [ -81.80182, 38.262228 ], [ -81.810543, 38.257013 ], [ -81.802884, 38.249411 ], [ -81.820837, 38.242696 ], [ -81.812855, 38.241134 ], [ -81.807747, 38.233787 ], [ -81.810089, 38.227914 ], [ -81.801464, 38.222462 ], [ -81.80846, 38.219836 ], [ -81.820077, 38.229076 ], [ -81.818626, 38.217282 ], [ -81.834399, 38.222583 ], [ -81.836433, 38.218607 ], [ -81.830771, 38.211034 ], [ -81.840723, 38.208896 ], [ -81.838829, 38.201823 ], [ -81.844918, 38.198928 ], [ -81.851766, 38.184813 ], [ -81.842497, 38.185541 ], [ -81.838765, 38.180625 ], [ -81.849153, 38.181399 ], [ -81.851176, 38.173074 ], [ -81.871974, 38.176846 ], [ -81.872118, 38.163699 ], [ -81.886865, 38.167743 ], [ -81.888345, 38.152098 ], [ -81.878192, 38.149536 ], [ -81.878779, 38.137202 ], [ -81.888523, 38.142112 ], [ -81.903797, 38.14164 ], [ -81.927565, 38.152492 ], [ -81.934425, 38.146185 ], [ -81.934008, 38.138975 ], [ -81.945569, 38.135664 ], [ -81.945811, 38.125778 ], [ -81.953575, 38.118656 ], [ -81.946114, 38.106847 ], [ -81.964081, 38.089653 ], [ -81.962098, 38.085732 ], [ -81.968938, 38.077728 ], [ -81.966298, 38.068943 ], [ -81.973187, 38.064528 ], [ -81.969802, 38.062479 ], [ -81.972102, 38.050279 ], [ -81.950948, 38.037908 ], [ -81.917688, 38.035444 ], [ -81.905288, 38.029521 ], [ -81.926679, 38.02867 ], [ -81.94333, 38.021116 ], [ -81.966833, 38.023545 ], [ -81.972321, 38.018663 ], [ -81.988776, 38.024884 ], [ -81.998448, 38.020353 ], [ -82.012871, 38.022265 ], [ -82.027488, 38.014371 ], [ -82.044575, 38.014757 ], [ -82.066269, 38.005753 ], [ -82.306391, 37.94364 ], [ -82.243545, 38.000829 ], [ -82.217515, 38.020054 ], [ -82.203865, 38.023606 ], [ -82.206421, 38.029049 ], [ -82.192314, 38.046314 ], [ -82.192599, 38.051127 ], [ -82.20781, 38.050455 ], [ -82.21181, 38.057203 ], [ -82.206894, 38.058204 ], [ -82.205794, 38.066768 ], [ -82.22783, 38.068889 ], [ -82.227903, 38.076242 ], [ -82.235354, 38.076167 ], [ -82.239539, 38.082104 ], [ -82.240868, 38.097212 ], [ -82.246279, 38.102148 ], [ -82.252966, 38.100877 ], [ -82.268575, 38.115073 ], [ -82.257755, 38.133606 ], [ -82.285709, 38.144883 ], [ -82.271671, 38.169422 ], [ -82.277489, 38.173917 ], [ -82.271313, 38.178468 ], [ -82.277824, 38.205667 ], [ -82.266411, 38.210616 ], [ -82.270016, 38.217991 ], [ -82.25742, 38.234993 ], [ -82.259982, 38.246236 ], [ -82.24518, 38.254092 ], [ -82.247861, 38.261133 ], [ -82.244261, 38.268387 ] ] ] } },
{ "type": "Feature", "properties": { "fipsCode": 18133, "stateAbbr": "IN", "NAME": "Putnam", "NAMELSAD": "Putnam County" }, "geometry": { "type": "Polygon", "coordinates": [ [ [ -87.014533, 39.473572 ], [ -87.009477, 39.866705 ], [ -86.686843, 39.864842 ], [ -86.687406, 39.630437 ], [ -86.64164, 39.630064 ], [ -86.644985, 39.627509 ], [ -86.64316, 39.617734 ], [ -86.657015, 39.600735 ], [ -86.651975, 39.594429 ], [ -86.659594, 39.579206 ], [ -86.654232, 39.564975 ], [ -86.648319, 39.565874 ], [ -86.653302, 39.559439 ], [ -86.651407, 39.549992 ], [ -86.66095, 39.546981 ], [ -86.663255, 39.53938 ], [ -86.672729, 39.535429 ], [ -86.672899, 39.529454 ], [ -86.687561, 39.521902 ], [ -86.68571, 39.470063 ], [ -87.014533, 39.473572 ] ] ] } },
{ "type": "Feature", "properties": { "fipsCode": 39147, "stateAbbr": "OH", "NAME": "Seneca", "NAMELSAD": "Seneca County" }, "geometry": { "type": "Polygon", "coordinates": [ [ [ -82.840087, 41.255337 ], [ -82.829512, 40.996624 ], [ -83.420319, 40.991889 ], [ -83.419843, 41.254003 ], [ -82.840087, 41.255337 ] ] ] } },
{ "type": "Feature", "properties": { "fipsCode": 39171, "stateAbbr": "OH", "NAME": "Williams", "NAMELSAD": "Williams County" }, "geometry": { "type": "Polygon", "coordinates": [ [ [ -84.341664, 41.427568 ], [ -84.804063, 41.426051 ], [ -84.805972, 41.696118 ], [ -84.399546, 41.705816 ], [ -84.398375, 41.61698 ], [ -84.381312, 41.61673 ], [ -84.380735, 41.513942 ], [ -84.342051, 41.514107 ], [ -84.341664, 41.427568 ] ] ] } },
{ "type": "Feature", "properties": { "fipsCode": 54109, "stateAbbr": "WV", "NAME": "Wyoming", "NAMELSAD": "Wyoming County" }, "geometry": { "type": "Polygon", "coordinates": [ [ [ -81.819738, 37.608855 ], [ -81.812838, 37.614209 ], [ -81.811337, 37.607009 ], [ -81.801537, 37.615309 ], [ -81.801537, 37.625109 ], [ -81.795537, 37.631509 ], [ -81.802437, 37.642309 ], [ -81.799737, 37.656509 ], [ -81.803038, 37.661009 ], [ -81.793037, 37.670909 ], [ -81.780037, 37.672509 ], [ -81.777737, 37.678009 ], [ -81.765136, 37.677709 ], [ -81.755636, 37.685709 ], [ -81.746936, 37.679609 ], [ -81.736935, 37.682609 ], [ -81.733235, 37.693209 ], [ -81.716435, 37.700909 ], [ -81.701734, 37.701409 ], [ -81.764537, 37.751708 ], [ -81.761937, 37.756608 ], [ -81.754937, 37.755508 ], [ -81.743336, 37.764408 ], [ -81.740636, 37.759808 ], [ -81.707836, 37.763408 ], [ -81.693835, 37.774108 ], [ -81.675135, 37.772709 ], [ -81.669734, 37.778909 ], [ -81.665734, 37.775009 ], [ -81.657134, 37.779809 ], [ -81.638033, 37.777609 ], [ -81.627533, 37.785709 ], [ -81.623732, 37.782509 ], [ -81.605932, 37.789109 ], [ -81.584131, 37.77731 ], [ -81.57653, 37.76331 ], [ -81.535729, 37.78291 ], [ -81.529929, 37.78991 ], [ -81.520029, 37.786111 ], [ -81.506429, 37.793511 ], [ -81.501228, 37.789211 ], [ -81.492928, 37.791511 ], [ -81.489228, 37.783811 ], [ -81.478528, 37.780611 ], [ -81.464652, 37.78597 ], [ -81.457627, 37.784011 ], [ -81.445427, 37.761412 ], [ -81.427852, 37.750112 ], [ -81.320924, 37.591414 ], [ -81.313623, 37.587314 ], [ -81.310323, 37.576614 ], [ -81.316541, 37.56009 ], [ -81.311575, 37.552671 ], [ -81.301592, 37.545442 ], [ -81.277446, 37.541946 ], [ -81.275149, 37.53414 ], [ -81.264201, 37.527616 ], [ -81.253101, 37.532976 ], [ -81.245422, 37.530315 ], [ -81.222121, 37.510416 ], [ -81.258535, 37.498832 ], [ -81.278052, 37.472453 ], [ -81.294849, 37.469434 ], [ -81.29681, 37.462085 ], [ -81.307387, 37.459486 ], [ -81.305621, 37.450071 ], [ -81.294273, 37.441856 ], [ -81.282578, 37.420943 ], [ -81.292919, 37.413178 ], [ -81.329114, 37.435169 ], [ -81.346365, 37.433548 ], [ -81.374086, 37.443152 ], [ -81.385375, 37.461287 ], [ -81.392997, 37.459824 ], [ -81.399627, 37.464557 ], [ -81.403295, 37.458787 ], [ -81.416865, 37.455571 ], [ -81.426122, 37.461284 ], [ -81.432169, 37.448709 ], [ -81.438983, 37.458637 ], [ -81.455138, 37.466207 ], [ -81.450215, 37.476211 ], [ -81.461227, 37.483576 ], [ -81.491417, 37.481044 ], [ -81.499064, 37.473728 ], [ -81.519278, 37.478299 ], [ -81.527279, 37.475602 ], [ -81.53461, 37.485346 ], [ -81.55345, 37.491805 ], [ -81.570623, 37.487266 ], [ -81.575675, 37.490904 ], [ -81.583048, 37.487357 ], [ -81.587183, 37.494538 ], [ -81.59588, 37.490721 ], [ -81.607629, 37.502412 ], [ -81.603429, 37.508912 ], [ -81.612829, 37.510512 ], [ -81.61753, 37.521312 ], [ -81.63023, 37.516212 ], [ -81.62843, 37.512012 ], [ -81.63393, 37.510012 ], [ -81.64113, 37.515412 ], [ -81.646531, 37.513312 ], [ -81.654431, 37.523312 ], [ -81.672132, 37.516412 ], [ -81.682132, 37.517611 ], [ -81.688832, 37.513611 ], [ -81.684932, 37.505712 ], [ -81.701832, 37.501711 ], [ -81.707641, 37.495259 ], [ -81.73595, 37.495585 ], [ -81.752153, 37.506611 ], [ -81.763028, 37.502643 ], [ -81.776154, 37.505128 ], [ -81.779926, 37.500974 ], [ -81.792936, 37.503511 ], [ -81.795235, 37.50971 ], [ -81.817937, 37.50661 ], [ -81.829037, 37.51371 ], [ -81.823337, 37.52271 ], [ -81.825137, 37.534409 ], [ -81.834638, 37.536109 ], [ -81.842738, 37.54901 ], [ -81.855939, 37.54891 ], [ -81.857839, 37.554309 ], [ -81.853239, 37.563909 ], [ -81.834338, 37.569209 ], [ -81.838138, 37.575209 ], [ -81.827938, 37.587709 ], [ -81.83001, 37.59691 ], [ -81.813037, 37.601509 ], [ -81.819738, 37.608855 ] ] ] } },
{ "type": "Feature", "properties": { "fipsCode": 39075, "stateAbbr": "OH", "NAME": "Holmes", "NAMELSAD": "Holmes County" }, "geometry": { "type": "Polygon", "coordinates": [ [ [ -82.221118, 40.667356 ], [ -81.648921, 40.667771 ], [ -81.64911, 40.634525 ], [ -81.66795, 40.632379 ], [ -81.668187, 40.627465 ], [ -81.662777, 40.627269 ], [ -81.669765, 40.443892 ], [ -82.184277, 40.456382 ], [ -82.17854, 40.573102 ], [ -82.220268, 40.568187 ], [ -82.221118, 40.667356 ] ] ] } },
{ "type": "Feature", "properties": { "fipsCode": 18079, "stateAbbr": "IN", "NAME": "Jennings", "NAMELSAD": "Jennings County" }, "geometry": { "type": "Polygon", "coordinates": [ [ [ -85.5382, 38.912217 ], [ -85.537431, 38.88278 ], [ -85.573806, 38.882658 ], [ -85.573776, 38.853745 ], [ -85.610999, 38.853769 ], [ -85.610595, 38.824247 ], [ -85.628847, 38.824139 ], [ -85.628855, 38.817583 ], [ -85.638403, 38.817597 ], [ -85.63844, 38.824182 ], [ -85.68384, 38.823955 ], [ -85.683839, 38.815406 ], [ -85.697735, 38.814632 ], [ -85.710258, 38.827516 ], [ -85.723187, 38.823027 ], [ -85.733191, 38.831812 ], [ -85.730854, 38.824604 ], [ -85.742318, 38.818694 ], [ -85.74667, 38.822912 ], [ -85.747033, 38.815411 ], [ -85.75393, 38.820774 ], [ -85.757562, 38.814756 ], [ -85.767684, 38.815379 ], [ -85.771783, 38.809384 ], [ -85.776168, 38.812956 ], [ -85.783425, 38.807145 ], [ -85.795357, 38.807508 ], [ -85.799834, 39.128897 ], [ -85.56632, 39.132761 ], [ -85.440054, 39.195617 ], [ -85.444897, 38.912998 ], [ -85.5382, 38.912217 ] ] ] } },
{ "type": "Feature", "properties": { "fipsCode": 18027, "stateAbbr": "IN", "NAME": "Daviess", "NAMELSAD": "Daviess County" }, "geometry": { "type": "Polygon", "coordinates": [ [ [ -87.147554, 38.865837 ], [ -87.127234, 38.858893 ], [ -87.135491, 38.872803 ], [ -87.13096, 38.875262 ], [ -87.12411, 38.869437 ], [ -87.119894, 38.873832 ], [ -87.129913, 38.884188 ], [ -87.12938, 38.889102 ], [ -87.113862, 38.887663 ], [ -87.122567, 38.894959 ], [ -87.120832, 38.8989 ], [ -87.111885, 38.893942 ], [ -87.103733, 38.901129 ], [ -87.090912, 38.898412 ], [ -87.098771, 38.903974 ], [ -86.904252, 38.904204 ], [ -86.904227, 38.817511 ], [ -86.922943, 38.817238 ], [ -86.924186, 38.505358 ], [ -86.936589, 38.504262 ], [ -86.942612, 38.492513 ], [ -86.955398, 38.491706 ], [ -86.956217, 38.503439 ], [ -86.977992, 38.502388 ], [ -86.995219, 38.513553 ], [ -87.002412, 38.508543 ], [ -87.012329, 38.512256 ], [ -87.023427, 38.507225 ], [ -87.033151, 38.51218 ], [ -87.045073, 38.510865 ], [ -87.061628, 38.500818 ], [ -87.070406, 38.513916 ], [ -87.086704, 38.512846 ], [ -87.081835, 38.520675 ], [ -87.092495, 38.522645 ], [ -87.107653, 38.537705 ], [ -87.118277, 38.535225 ], [ -87.12322, 38.525102 ], [ -87.135492, 38.531922 ], [ -87.13911, 38.526272 ], [ -87.135367, 38.519153 ], [ -87.149961, 38.515615 ], [ -87.156193, 38.518928 ], [ -87.155986, 38.528649 ], [ -87.170279, 38.531842 ], [ -87.17369, 38.541662 ], [ -87.182473, 38.547582 ], [ -87.2055, 38.552094 ], [ -87.220945, 38.538829 ], [ -87.242097, 38.54493 ], [ -87.237435, 38.552387 ], [ -87.248328, 38.559539 ], [ -87.237258, 38.563122 ], [ -87.247906, 38.570015 ], [ -87.239665, 38.573472 ], [ -87.23757, 38.581037 ], [ -87.249384, 38.586889 ], [ -87.2451, 38.595582 ], [ -87.248586, 38.599551 ], [ -87.239089, 38.603507 ], [ -87.255275, 38.612364 ], [ -87.249649, 38.615064 ], [ -87.238824, 38.610548 ], [ -87.252958, 38.631454 ], [ -87.249057, 38.635668 ], [ -87.240629, 38.632128 ], [ -87.235982, 38.635052 ], [ -87.252235, 38.647682 ], [ -87.249725, 38.652996 ], [ -87.239158, 38.647732 ], [ -87.238671, 38.658879 ], [ -87.255266, 38.654761 ], [ -87.258544, 38.661991 ], [ -87.245984, 38.677884 ], [ -87.252326, 38.676926 ], [ -87.258896, 38.666214 ], [ -87.273424, 38.681149 ], [ -87.26109, 38.686689 ], [ -87.279415, 38.692558 ], [ -87.267357, 38.700263 ], [ -87.269632, 38.708427 ], [ -87.257043, 38.718863 ], [ -87.261677, 38.733119 ], [ -87.248726, 38.726078 ], [ -87.2474, 38.729761 ], [ -87.254483, 38.735654 ], [ -87.247999, 38.742157 ], [ -87.238103, 38.742312 ], [ -87.253006, 38.755273 ], [ -87.2479, 38.758232 ], [ -87.243872, 38.750047 ], [ -87.239047, 38.749866 ], [ -87.244601, 38.758244 ], [ -87.239295, 38.766664 ], [ -87.254606, 38.764852 ], [ -87.256957, 38.776622 ], [ -87.24046, 38.781175 ], [ -87.240888, 38.801539 ], [ -87.2466, 38.807701 ], [ -87.239915, 38.819264 ], [ -87.233885, 38.816616 ], [ -87.237962, 38.811244 ], [ -87.226737, 38.812331 ], [ -87.227275, 38.804178 ], [ -87.215556, 38.811842 ], [ -87.216054, 38.823644 ], [ -87.210995, 38.820901 ], [ -87.212651, 38.8075 ], [ -87.203083, 38.815145 ], [ -87.203667, 38.825598 ], [ -87.19794, 38.824321 ], [ -87.192243, 38.814688 ], [ -87.189807, 38.82316 ], [ -87.197192, 38.826562 ], [ -87.196341, 38.830707 ], [ -87.18798, 38.825196 ], [ -87.186034, 38.834581 ], [ -87.171509, 38.83109 ], [ -87.174308, 38.84064 ], [ -87.18527, 38.846634 ], [ -87.16925, 38.846943 ], [ -87.14932, 38.83838 ], [ -87.140574, 38.843513 ], [ -87.14101, 38.860281 ], [ -87.147554, 38.865837 ] ] ] } },
{ "type": "Feature", "properties": { "fipsCode": 39031, "stateAbbr": "OH", "NAME": "Coshocton", "NAMELSAD": "Coshocton County" }, "geometry": { "type": "Polygon", "coordinates": [ [ [ -82.195911, 40.239071 ], [ -82.184277, 40.456382 ], [ -81.709132, 40.444775 ], [ -81.712383, 40.370763 ], [ -81.616307, 40.368125 ], [ -81.622351, 40.221306 ], [ -81.66759, 40.222468 ], [ -81.670899, 40.150976 ], [ -82.187105, 40.16688 ], [ -82.182823, 40.238624 ], [ -82.195911, 40.239071 ] ] ] } },
{ "type": "Feature", "properties": { "fipsCode": 39175, "stateAbbr": "OH", "NAME": "Wyandot", "NAMELSAD": "Wyandot County" }, "geometry": { "type": "Polygon", "coordinates": [ [ [ -83.11136, 40.702915 ], [ -83.304687, 40.702006 ], [ -83.304997, 40.687032 ], [ -83.440278, 40.687611 ], [ -83.440169, 40.702201 ], [ -83.495798, 40.701515 ], [ -83.496296, 40.81794 ], [ -83.515883, 40.818134 ], [ -83.514728, 40.905115 ], [ -83.476741, 40.904964 ], [ -83.476793, 40.948379 ], [ -83.457681, 40.948517 ], [ -83.45785, 40.991671 ], [ -83.112737, 40.993447 ], [ -83.11136, 40.702915 ] ] ] } },
{ "type": "Feature", "properties": { "fipsCode": 54001, "stateAbbr": "WV", "NAME": "Barbour", "NAMELSAD": "Barbour County" }, "geometry": { "type": "Polygon", "coordinates": [ [ [ -79.823992, 39.108603 ], [ -79.838092, 39.095103 ], [ -79.849593, 39.094903 ], [ -79.863193, 39.072703 ], [ -79.860593, 39.068503 ], [ -79.865893, 39.063403 ], [ -79.895993, 38.973404 ], [ -80.085062, 38.947236 ], [ -80.063889, 38.9582 ], [ -80.072869, 38.964152 ], [ -80.07247, 38.968467 ], [ -80.067482, 38.966858 ], [ -80.061702, 38.975087 ], [ -80.052651, 38.975163 ], [ -80.051744, 38.993902 ], [ -80.04694, 38.996702 ], [ -80.054939, 39.005345 ], [ -80.044393, 39.010927 ], [ -80.059128, 39.022028 ], [ -80.05401, 39.02802 ], [ -80.055196, 39.036539 ], [ -80.128198, 39.037795 ], [ -80.167831, 39.087583 ], [ -80.199636, 39.098558 ], [ -80.209469, 39.097357 ], [ -80.227173, 39.112792 ], [ -80.224687, 39.170977 ], [ -80.166387, 39.242283 ], [ -80.150041, 39.23825 ], [ -80.023411, 39.247892 ], [ -79.961099, 39.268796 ], [ -79.956099, 39.281983 ], [ -79.950026, 39.281986 ], [ -79.942332, 39.290174 ], [ -79.942575, 39.296455 ], [ -79.93605, 39.296831 ], [ -79.932316, 39.289535 ], [ -79.915983, 39.294662 ], [ -79.907885, 39.289347 ], [ -79.904994, 39.303038 ], [ -79.892884, 39.298908 ], [ -79.888662, 39.302852 ], [ -79.886828, 39.297853 ], [ -79.87216, 39.294671 ], [ -79.858513, 39.280428 ], [ -79.860114, 39.275357 ], [ -79.852373, 39.269929 ], [ -79.85033, 39.246573 ], [ -79.809287, 39.235788 ], [ -79.808891, 39.2238 ], [ -79.816691, 39.2186 ], [ -79.814188, 39.209401 ], [ -79.826793, 39.194801 ], [ -79.822193, 39.186502 ], [ -79.828593, 39.178002 ], [ -79.827491, 39.160402 ], [ -79.832993, 39.154202 ], [ -79.838093, 39.131002 ], [ -79.828592, 39.125003 ], [ -79.830892, 39.119403 ], [ -79.825192, 39.116203 ], [ -79.823992, 39.108603 ] ] ] } },
{ "type": "Feature", "properties": { "fipsCode": 42097, "stateAbbr": "PA", "NAME": "Northumberland", "NAMELSAD": "Northumberland County" }, "geometry": { "type": "Polygon", "coordinates": [ [ [ -76.380334, 40.775445 ], [ -76.700249, 40.663341 ], [ -76.702866, 40.655496 ], [ -76.713574, 40.659595 ], [ -76.72203, 40.653401 ], [ -76.744744, 40.654708 ], [ -76.756232, 40.648088 ], [ -76.79255, 40.640589 ], [ -76.803382, 40.647223 ], [ -76.809521, 40.642724 ], [ -76.81114, 40.633817 ], [ -76.827405, 40.633946 ], [ -76.840104, 40.625439 ], [ -76.864357, 40.627561 ], [ -76.872283, 40.616388 ], [ -76.886822, 40.617708 ], [ -76.89077, 40.610095 ], [ -76.92066, 40.610013 ], [ -76.918672, 40.603466 ], [ -76.936962, 40.612841 ], [ -76.949148, 40.628167 ], [ -76.927625, 40.645707 ], [ -76.910189, 40.669255 ], [ -76.879554, 40.687445 ], [ -76.861184, 40.711598 ], [ -76.855187, 40.731129 ], [ -76.859252, 40.777043 ], [ -76.849786, 40.809089 ], [ -76.812812, 40.847106 ], [ -76.798714, 40.878366 ], [ -76.803994, 40.884874 ], [ -76.824587, 40.890718 ], [ -76.854106, 40.915426 ], [ -76.882249, 40.968763 ], [ -76.868476, 40.995197 ], [ -76.856168, 41.050083 ], [ -76.858335, 41.073078 ], [ -76.884383, 41.093753 ], [ -76.895295, 41.117417 ], [ -76.897623, 41.135528 ], [ -76.888145, 41.153807 ], [ -76.790807, 41.175732 ], [ -76.732672, 41.17204 ], [ -76.735058, 41.091058 ], [ -76.757351, 41.049022 ], [ -76.764505, 41.029611 ], [ -76.761963, 41.025932 ], [ -76.774752, 41.012201 ], [ -76.785383, 40.959054 ], [ -76.791506, 40.955549 ], [ -76.792878, 40.946583 ], [ -76.661348, 40.967996 ], [ -76.652451, 40.961643 ], [ -76.630246, 40.963005 ], [ -76.601436, 40.942186 ], [ -76.556977, 40.938609 ], [ -76.568111, 40.915454 ], [ -76.557323, 40.888824 ], [ -76.550789, 40.882577 ], [ -76.504079, 40.880813 ], [ -76.509859, 40.870716 ], [ -76.498006, 40.854075 ], [ -76.508093, 40.846637 ], [ -76.501598, 40.824765 ], [ -76.411487, 40.83349 ], [ -76.380334, 40.775445 ] ] ] } },
{ "type": "Feature", "properties": { "fipsCode": 42009, "stateAbbr": "PA", "NAME": "Bedford", "NAMELSAD": "Bedford County" }, "geometry": { "type": "Polygon", "coordinates": [ [ [ -78.269043, 39.900166 ], [ -78.299003, 39.8255 ], [ -78.343823, 39.76161 ], [ -78.380599, 39.722599 ], [ -78.808387, 39.722911 ], [ -78.767041, 39.795384 ], [ -78.757241, 39.823484 ], [ -78.763206, 40.057005 ], [ -78.752016, 40.074917 ], [ -78.739847, 40.069571 ], [ -78.676956, 40.211207 ], [ -78.643816, 40.25914 ], [ -78.651743, 40.281524 ], [ -78.642707, 40.283071 ], [ -78.636404, 40.305506 ], [ -78.618889, 40.326471 ], [ -78.5057, 40.287308 ], [ -78.447895, 40.244395 ], [ -78.434288, 40.302301 ], [ -78.288764, 40.242107 ], [ -78.257305, 40.297883 ], [ -78.236302, 40.224559 ], [ -78.134718, 40.165335 ], [ -78.158287, 40.122207 ], [ -78.206894, 40.086265 ], [ -78.203733, 40.069886 ], [ -78.187493, 40.064559 ], [ -78.181831, 40.056247 ], [ -78.187896, 40.047054 ], [ -78.204157, 40.042203 ], [ -78.20101, 40.012988 ], [ -78.219811, 39.993288 ], [ -78.269043, 39.900166 ] ] ] } },
{ "type": "Feature", "properties": { "fipsCode": 18093, "stateAbbr": "IN", "NAME": "Lawrence", "NAMELSAD": "Lawrence County" }, "geometry": { "type": "Polygon", "coordinates": [ [ [ -86.308701, 38.688101 ], [ -86.683102, 38.686561 ], [ -86.682277, 38.992404 ], [ -86.280389, 38.991028 ], [ -86.275281, 38.763795 ], [ -86.284397, 38.765565 ], [ -86.282041, 38.761124 ], [ -86.291111, 38.73529 ], [ -86.298486, 38.734907 ], [ -86.300128, 38.729601 ], [ -86.302225, 38.735815 ], [ -86.310058, 38.733131 ], [ -86.308701, 38.688101 ] ] ] } },
{ "type": "Feature", "properties": { "fipsCode": 42103, "stateAbbr": "PA", "NAME": "Pike", "NAMELSAD": "Pike County" }, "geometry": { "type": "Polygon", "coordinates": [ [ [ -74.795952, 41.31799 ], [ -74.792171, 41.310841 ], [ -74.830027, 41.287441 ], [ -74.846084, 41.263419 ], [ -74.847093, 41.252841 ], [ -74.861117, 41.243645 ], [ -74.867634, 41.22862 ], [ -74.859473, 41.218773 ], [ -74.882638, 41.18038 ], [ -74.899943, 41.16631 ], [ -74.905256, 41.155668 ], [ -74.924469, 41.13753 ], [ -74.944498, 41.129974 ], [ -74.949094, 41.122563 ], [ -74.979985, 41.110507 ], [ -74.991718, 41.092284 ], [ -75.003177, 41.091773 ], [ -75.027205, 41.079869 ], [ -75.039216, 41.088797 ], [ -75.076811, 41.141122 ], [ -75.156507, 41.150341 ], [ -75.129721, 41.252101 ], [ -75.359184, 41.239206 ], [ -75.342194, 41.252693 ], [ -75.350138, 41.260121 ], [ -75.347245, 41.26603 ], [ -75.334205, 41.270305 ], [ -75.333644, 41.279447 ], [ -75.324607, 41.288877 ], [ -75.327762, 41.29889 ], [ -75.313966, 41.310608 ], [ -75.315983, 41.319041 ], [ -75.310404, 41.326893 ], [ -75.32245, 41.34004 ], [ -75.330882, 41.334912 ], [ -75.344294, 41.33743 ], [ -75.336627, 41.34513 ], [ -75.351312, 41.363721 ], [ -75.348517, 41.370561 ], [ -75.336851, 41.376274 ], [ -75.323657, 41.366045 ], [ -75.309067, 41.374679 ], [ -75.298148, 41.367285 ], [ -75.262093, 41.375036 ], [ -75.261721, 41.382532 ], [ -75.253083, 41.391294 ], [ -75.255491, 41.398184 ], [ -75.246809, 41.402435 ], [ -75.252017, 41.411156 ], [ -75.246045, 41.416865 ], [ -75.250238, 41.418591 ], [ -75.233644, 41.420502 ], [ -75.229092, 41.427228 ], [ -75.217321, 41.424342 ], [ -75.186236, 41.442836 ], [ -75.188076, 41.457689 ], [ -75.178354, 41.461953 ], [ -75.069559, 41.601874 ], [ -75.018804, 41.552436 ], [ -75.015976, 41.544205 ], [ -75.0247, 41.540131 ], [ -75.024543, 41.534593 ], [ -75.003212, 41.523481 ], [ -75.003578, 41.508277 ], [ -74.98424, 41.506509 ], [ -74.985645, 41.485865 ], [ -74.982115, 41.480039 ], [ -74.957433, 41.476644 ], [ -74.943415, 41.483681 ], [ -74.913035, 41.476017 ], [ -74.906553, 41.460876 ], [ -74.890169, 41.455558 ], [ -74.896399, 41.442179 ], [ -74.892625, 41.438617 ], [ -74.857653, 41.444156 ], [ -74.832032, 41.430391 ], [ -74.808242, 41.44292 ], [ -74.789097, 41.421409 ], [ -74.737203, 41.429766 ], [ -74.734744, 41.422469 ], [ -74.741219, 41.405425 ], [ -74.734571, 41.397402 ], [ -74.716358, 41.39302 ], [ -74.689754, 41.361747 ], [ -74.722204, 41.347047 ], [ -74.755097, 41.345872 ], [ -74.766639, 41.328157 ], [ -74.792108, 41.322845 ], [ -74.795952, 41.31799 ] ] ] } },
{ "type": "Feature", "properties": { "fipsCode": 42115, "stateAbbr": "PA", "NAME": "Susquehanna", "NAMELSAD": "Susquehanna County" }, "geometry": { "type": "Polygon", "coordinates": [ [ [ -76.145519, 41.998842 ], [ -75.48314, 41.999251 ], [ -75.462238, 41.641583 ], [ -76.114224, 41.643385 ], [ -76.145519, 41.998842 ] ] ] } },
{ "type": "Feature", "properties": { "fipsCode": 42125, "stateAbbr": "PA", "NAME": "Washington", "NAMELSAD": "Washington County" }, "geometry": { "type": "Polygon", "coordinates": [ [ [ -79.901962, 40.074617 ], [ -79.879145, 40.063785 ], [ -79.891913, 40.048201 ], [ -79.877048, 40.036826 ], [ -79.879992, 40.028282 ], [ -79.889954, 40.022462 ], [ -79.909962, 40.022026 ], [ -79.924844, 40.016124 ], [ -79.934523, 39.999626 ], [ -79.946732, 39.99425 ], [ -79.95462, 39.995274 ], [ -79.96935, 40.013117 ], [ -79.985167, 40.013101 ], [ -79.995726, 40.005097 ], [ -79.991374, 39.985546 ], [ -80.007429, 39.984576 ], [ -80.017555, 39.977535 ], [ -80.032058, 39.984161 ], [ -80.031937, 39.977691 ], [ -80.039778, 39.9741 ], [ -80.048292, 39.978527 ], [ -80.044686, 39.984824 ], [ -80.050666, 39.989645 ], [ -80.038962, 39.996628 ], [ -80.04912, 40.00669 ], [ -80.058385, 40.003618 ], [ -80.059781, 40.009518 ], [ -80.086114, 39.990313 ], [ -80.12951, 39.988406 ], [ -80.175921, 40.008138 ], [ -80.19047, 40.001764 ], [ -80.241505, 40.009499 ], [ -80.273355, 40.002376 ], [ -80.273318, 40.013328 ], [ -80.284842, 40.012137 ], [ -80.287421, 40.019206 ], [ -80.301396, 40.020559 ], [ -80.310213, 40.017654 ], [ -80.308854, 40.006463 ], [ -80.312568, 40.003293 ], [ -80.329808, 40.005457 ], [ -80.356317, 39.996836 ], [ -80.372275, 39.996572 ], [ -80.391202, 39.987955 ], [ -80.396475, 39.97789 ], [ -80.425379, 39.97188 ], [ -80.433595, 39.977404 ], [ -80.444187, 39.976036 ], [ -80.448711, 39.966504 ], [ -80.453551, 39.973352 ], [ -80.461532, 39.967151 ], [ -80.459145, 39.963072 ], [ -80.470289, 39.961373 ], [ -80.466605, 39.954736 ], [ -80.475277, 39.952065 ], [ -80.490082, 39.954499 ], [ -80.487995, 39.961443 ], [ -80.500943, 39.953784 ], [ -80.519091, 39.9622 ], [ -80.519038, 40.477363 ], [ -80.360801, 40.477591 ], [ -80.184603, 40.333139 ], [ -79.914461, 40.252443 ], [ -79.930754, 40.242973 ], [ -79.962593, 40.238768 ], [ -79.971281, 40.228172 ], [ -79.95794, 40.214259 ], [ -79.929289, 40.207081 ], [ -79.913776, 40.197903 ], [ -79.894771, 40.194285 ], [ -79.865817, 40.197031 ], [ -79.853271, 40.189223 ], [ -79.850584, 40.174727 ], [ -79.859464, 40.163143 ], [ -79.893306, 40.164983 ], [ -79.901994, 40.161367 ], [ -79.90489, 40.154231 ], [ -79.886649, 40.130216 ], [ -79.851256, 40.115144 ], [ -79.839319, 40.089289 ], [ -79.846807, 40.080713 ], [ -79.863608, 40.075433 ], [ -79.896489, 40.079833 ], [ -79.901962, 40.074617 ] ] ] } },
{ "type": "Feature", "properties": { "fipsCode": 42089, "stateAbbr": "PA", "NAME": "Monroe", "NAMELSAD": "Monroe County" }, "geometry": { "type": "Polygon", "coordinates": [ [ [ -75.27353, 40.87315 ], [ -75.383266, 40.831037 ], [ -75.474193, 40.814746 ], [ -75.493581, 40.846442 ], [ -75.57459, 40.951323 ], [ -75.496096, 40.987379 ], [ -75.561947, 41.049523 ], [ -75.569843, 41.050062 ], [ -75.568886, 41.056608 ], [ -75.576876, 41.068001 ], [ -75.605643, 41.084951 ], [ -75.604113, 41.093382 ], [ -75.613592, 41.094773 ], [ -75.620037, 41.108971 ], [ -75.625026, 41.111381 ], [ -75.629666, 41.107013 ], [ -75.636226, 41.112982 ], [ -75.645873, 41.112949 ], [ -75.649042, 41.125085 ], [ -75.63455, 41.123019 ], [ -75.625148, 41.130906 ], [ -75.628213, 41.137214 ], [ -75.615306, 41.143858 ], [ -75.615577, 41.150705 ], [ -75.603089, 41.152149 ], [ -75.604386, 41.156532 ], [ -75.596335, 41.165821 ], [ -75.598302, 41.172432 ], [ -75.576653, 41.177857 ], [ -75.56974, 41.198744 ], [ -75.554723, 41.20765 ], [ -75.539846, 41.225461 ], [ -75.529356, 41.226591 ], [ -75.516873, 41.219244 ], [ -75.508345, 41.232949 ], [ -75.129721, 41.252101 ], [ -75.156507, 41.150341 ], [ -75.076811, 41.141122 ], [ -75.039216, 41.088797 ], [ -75.027957, 41.079868 ], [ -74.99409, 41.093863 ], [ -74.988263, 41.088222 ], [ -74.969434, 41.096074 ], [ -74.968002, 41.088681 ], [ -75.01241, 41.067264 ], [ -75.027102, 41.039529 ], [ -75.128577, 40.992874 ], [ -75.135531, 40.973803 ], [ -75.120232, 40.968702 ], [ -75.129232, 40.95893 ], [ -75.217802, 40.928102 ], [ -75.221821, 40.919581 ], [ -75.24113, 40.909438 ], [ -75.232502, 40.899759 ], [ -75.267224, 40.882473 ], [ -75.27353, 40.87315 ] ] ] } },
{ "type": "Feature", "properties": { "fipsCode": 18005, "stateAbbr": "IN", "NAME": "Bartholomew", "NAMELSAD": "Bartholomew County" }, "geometry": { "type": "Polygon", "coordinates": [ [ [ -85.799834, 39.128897 ], [ -85.798804, 39.068536 ], [ -85.816973, 39.070888 ], [ -85.828264, 39.063587 ], [ -85.841638, 39.06325 ], [ -85.847279, 39.05523 ], [ -85.862447, 39.048919 ], [ -85.860498, 39.040921 ], [ -86.079844, 39.035903 ], [ -86.085601, 39.344189 ], [ -85.684515, 39.350049 ], [ -85.68674, 39.13091 ], [ -85.799834, 39.128897 ] ] ] } },
{ "type": "Feature", "properties": { "fipsCode": 39015, "stateAbbr": "OH", "NAME": "Brown", "NAMELSAD": "Brown County" }, "geometry": { "type": "Polygon", "coordinates": [ [ [ -84.052709, 38.771226 ], [ -83.989921, 39.254096 ], [ -83.865679, 39.247333 ], [ -83.872214, 39.021304 ], [ -83.673018, 39.02043 ], [ -83.705312, 38.639835 ], [ -83.770178, 38.655857 ], [ -83.784463, 38.696723 ], [ -83.836759, 38.717718 ], [ -83.848891, 38.747477 ], [ -83.868032, 38.760808 ], [ -83.925661, 38.771208 ], [ -83.943207, 38.783176 ], [ -83.961926, 38.787499 ], [ -84.052709, 38.771226 ] ] ] } },
{ "type": "Feature", "properties": { "fipsCode": 39091, "stateAbbr": "OH", "NAME": "Logan", "NAMELSAD": "Logan County" }, "geometry": { "type": "Polygon", "coordinates": [ [ [ -84.002372, 40.483115 ], [ -83.993781, 40.483004 ], [ -83.993699, 40.535201 ], [ -83.880039, 40.538694 ], [ -83.880001, 40.531893 ], [ -83.519727, 40.509623 ], [ -83.551338, 40.22937 ], [ -83.785354, 40.245213 ], [ -83.784196, 40.260046 ], [ -84.014763, 40.273459 ], [ -84.010223, 40.317434 ], [ -84.0037, 40.312927 ], [ -84.002372, 40.483115 ] ] ] } },
{ "type": "Feature", "properties": { "fipsCode": 18101, "stateAbbr": "IN", "NAME": "Martin", "NAMELSAD": "Martin County" }, "geometry": { "type": "Polygon", "coordinates": [ [ [ -86.682359, 38.526378 ], [ -86.837462, 38.526468 ], [ -86.837336, 38.521543 ], [ -86.853386, 38.510167 ], [ -86.874196, 38.50367 ], [ -86.878902, 38.49492 ], [ -86.900552, 38.50129 ], [ -86.915681, 38.496237 ], [ -86.924186, 38.505358 ], [ -86.922943, 38.817238 ], [ -86.904227, 38.817511 ], [ -86.904252, 38.904204 ], [ -86.682853, 38.904697 ], [ -86.682359, 38.526378 ] ] ] } },
{ "type": "Feature", "properties": { "fipsCode": 42049, "stateAbbr": "PA", "NAME": "Erie", "NAMELSAD": "Erie County" }, "geometry": { "type": "Polygon", "coordinates": [ [ [ -79.612071, 41.850328 ], [ -80.519354, 41.849563 ], [ -80.519851, 42.327132 ], [ -80.080222, 42.394162 ], [ -79.762418, 42.516072 ], [ -79.761954, 41.998841 ], [ -79.610837, 41.998757 ], [ -79.610648, 41.989537 ], [ -79.612071, 41.850328 ] ] ] } },
{ "type": "Feature", "properties": { "fipsCode": 42047, "stateAbbr": "PA", "NAME": "Elk", "NAMELSAD": "Elk County" }, "geometry": { "type": "Polygon", "coordinates": [ [ [ -78.646662, 41.253624 ], [ -78.647947, 41.21746 ], [ -78.710248, 41.201859 ], [ -78.710059, 41.230243 ], [ -78.738214, 41.230672 ], [ -78.73528, 41.262915 ], [ -78.959257, 41.362161 ], [ -78.95946, 41.371487 ], [ -78.965216, 41.370076 ], [ -78.969807, 41.375896 ], [ -78.982161, 41.367431 ], [ -78.993127, 41.368512 ], [ -79.002854, 41.359307 ], [ -79.01299, 41.358225 ], [ -79.017425, 41.350092 ], [ -79.028572, 41.357523 ], [ -79.06333, 41.350107 ], [ -79.076027, 41.354345 ], [ -79.095096, 41.340658 ], [ -79.093588, 41.423286 ], [ -79.065154, 41.423194 ], [ -79.06352, 41.453207 ], [ -78.976658, 41.451761 ], [ -78.976657, 41.436963 ], [ -78.958957, 41.437061 ], [ -78.956138, 41.623334 ], [ -78.676016, 41.624973 ], [ -78.483815, 41.631481 ], [ -78.482909, 41.60233 ], [ -78.420498, 41.601874 ], [ -78.420028, 41.405046 ], [ -78.253959, 41.404721 ], [ -78.254382, 41.323584 ], [ -78.234675, 41.323413 ], [ -78.236817, 41.230475 ], [ -78.646662, 41.253624 ] ] ] } },
{ "type": "Feature", "properties": { "fipsCode": 18013, "stateAbbr": "IN", "NAME": "Brown", "NAMELSAD": "Brown County" }, "geometry": { "type": "Polygon", "coordinates": [ [ [ -86.381395, 39.339752 ], [ -86.085601, 39.344189 ], [ -86.080272, 39.05027 ], [ -86.370066, 39.048375 ], [ -86.372408, 39.250905 ], [ -86.379937, 39.25108 ], [ -86.381395, 39.339752 ] ] ] } },
{ "type": "Feature", "properties": { "fipsCode": 39143, "stateAbbr": "OH", "NAME": "Sandusky", "NAMELSAD": "Sandusky County" }, "geometry": { "type": "Polygon", "coordinates": [ [ [ -82.840131, 41.257004 ], [ -83.419843, 41.254003 ], [ -83.414626, 41.500228 ], [ -83.338991, 41.501189 ], [ -83.338196, 41.457508 ], [ -82.952224, 41.458239 ], [ -82.952936, 41.430172 ], [ -82.847706, 41.430495 ], [ -82.840131, 41.257004 ] ] ] } },
{ "type": "Feature", "properties": { "fipsCode": 42091, "stateAbbr": "PA", "NAME": "Montgomery", "NAMELSAD": "Montgomery County" }, "geometry": { "type": "Polygon", "coordinates": [ [ [ -75.529813, 40.447092 ], [ -75.015066, 40.137992 ], [ -75.086906, 40.078648 ], [ -75.096733, 40.068989 ], [ -75.087425, 40.063599 ], [ -75.109406, 40.04584 ], [ -75.176438, 40.084649 ], [ -75.188461, 40.07275 ], [ -75.22361, 40.092907 ], [ -75.264431, 40.054094 ], [ -75.205978, 40.011723 ], [ -75.276482, 39.976959 ], [ -75.311432, 40.01981 ], [ -75.320699, 40.016216 ], [ -75.366687, 40.072355 ], [ -75.392632, 40.060974 ], [ -75.420124, 40.097201 ], [ -75.456335, 40.087754 ], [ -75.456809, 40.094678 ], [ -75.462926, 40.097253 ], [ -75.461729, 40.103035 ], [ -75.471603, 40.111853 ], [ -75.461599, 40.124825 ], [ -75.47245, 40.129298 ], [ -75.492577, 40.126141 ], [ -75.506076, 40.132994 ], [ -75.510829, 40.140932 ], [ -75.500975, 40.154479 ], [ -75.503804, 40.159726 ], [ -75.513214, 40.158296 ], [ -75.520434, 40.14725 ], [ -75.525945, 40.148611 ], [ -75.528941, 40.168396 ], [ -75.540986, 40.175951 ], [ -75.557438, 40.207601 ], [ -75.563995, 40.209345 ], [ -75.56274, 40.197539 ], [ -75.573338, 40.195303 ], [ -75.587757, 40.214449 ], [ -75.597031, 40.236844 ], [ -75.606923, 40.236132 ], [ -75.603173, 40.227006 ], [ -75.612373, 40.222997 ], [ -75.619998, 40.2303 ], [ -75.651074, 40.242077 ], [ -75.669599, 40.244905 ], [ -75.688115, 40.236186 ], [ -75.696782, 40.241863 ], [ -75.529813, 40.447092 ] ] ] } },
{ "type": "Feature", "properties": { "fipsCode": 39113, "stateAbbr": "OH", "NAME": "Montgomery", "NAMELSAD": "Montgomery County" }, "geometry": { "type": "Polygon", "coordinates": [ [ [ -84.485653, 39.918132 ], [ -84.157671, 39.92297 ], [ -84.167193, 39.911366 ], [ -84.157217, 39.885994 ], [ -84.051012, 39.87981 ], [ -84.055053, 39.836211 ], [ -84.092938, 39.838345 ], [ -84.114174, 39.57823 ], [ -84.286152, 39.589581 ], [ -84.479213, 39.591024 ], [ -84.485653, 39.918132 ] ] ] } },
{ "type": "Feature", "properties": { "fipsCode": 39051, "stateAbbr": "OH", "NAME": "Fulton", "NAMELSAD": "Fulton County" }, "geometry": { "type": "Polygon", "coordinates": [ [ [ -83.882443, 41.617517 ], [ -83.882943, 41.487543 ], [ -84.341902, 41.485519 ], [ -84.342051, 41.514107 ], [ -84.380735, 41.513942 ], [ -84.381312, 41.61673 ], [ -84.398375, 41.61698 ], [ -84.399546, 41.705816 ], [ -83.880391, 41.720212 ], [ -83.877368, 41.617547 ], [ -83.882443, 41.617517 ] ] ] } },
{ "type": "Feature", "properties": { "fipsCode": 54015, "stateAbbr": "WV", "NAME": "Clay", "NAMELSAD": "Clay County" }, "geometry": { "type": "Polygon", "coordinates": [ [ [ -80.911361, 38.414785 ], [ -81.231434, 38.263716 ], [ -81.254446, 38.375101 ], [ -81.283872, 38.472029 ], [ -81.13047, 38.566184 ], [ -81.031677, 38.667839 ], [ -80.975961, 38.625096 ], [ -80.978955, 38.614455 ], [ -80.971083, 38.610732 ], [ -80.970038, 38.593204 ], [ -80.957697, 38.597291 ], [ -80.955146, 38.592206 ], [ -80.926342, 38.579339 ], [ -80.924968, 38.571753 ], [ -80.913018, 38.563206 ], [ -80.912843, 38.547721 ], [ -80.917744, 38.544816 ], [ -80.891499, 38.536913 ], [ -80.878724, 38.504029 ], [ -80.825275, 38.494363 ], [ -80.817424, 38.478553 ], [ -80.911361, 38.414785 ] ] ] } },
{ "type": "Feature", "properties": { "fipsCode": 18077, "stateAbbr": "IN", "NAME": "Jefferson", "NAMELSAD": "Jefferson County" }, "geometry": { "type": "Polygon", "coordinates": [ [ [ -85.454661, 38.680716 ], [ -85.438629, 38.65889 ], [ -85.438354, 38.606063 ], [ -85.4279, 38.586241 ], [ -85.478762, 38.586178 ], [ -85.478701, 38.592434 ], [ -85.496452, 38.59222 ], [ -85.496666, 38.606736 ], [ -85.56998, 38.606155 ], [ -85.57093, 38.678706 ], [ -85.60819, 38.67874 ], [ -85.608678, 38.707858 ], [ -85.64576, 38.708018 ], [ -85.646218, 38.729859 ], [ -85.664274, 38.730018 ], [ -85.664357, 38.736888 ], [ -85.683338, 38.736731 ], [ -85.684068, 38.823873 ], [ -85.63844, 38.824182 ], [ -85.638403, 38.817597 ], [ -85.628855, 38.817583 ], [ -85.628847, 38.824139 ], [ -85.610595, 38.824247 ], [ -85.610999, 38.853769 ], [ -85.573776, 38.853745 ], [ -85.573806, 38.882658 ], [ -85.537431, 38.88278 ], [ -85.5382, 38.912217 ], [ -85.203166, 38.913803 ], [ -85.20145, 38.691038 ], [ -85.221119, 38.701058 ], [ -85.2496, 38.733715 ], [ -85.271368, 38.74058 ], [ -85.300595, 38.742032 ], [ -85.363616, 38.730457 ], [ -85.408365, 38.737144 ], [ -85.422626, 38.734651 ], [ -85.436532, 38.728226 ], [ -85.451784, 38.71015 ], [ -85.456755, 38.692252 ], [ -85.454661, 38.680716 ] ] ] } },
{ "type": "Feature", "properties": { "fipsCode": 42021, "stateAbbr": "PA", "NAME": "Cambria", "NAMELSAD": "Cambria County" }, "geometry": { "type": "Polygon", "coordinates": [ [ [ -78.544562, 40.484183 ], [ -78.542082, 40.469402 ], [ -78.557721, 40.441563 ], [ -78.552889, 40.434783 ], [ -78.561466, 40.36967 ], [ -78.602236, 40.353629 ], [ -78.625221, 40.314302 ], [ -78.636404, 40.305506 ], [ -78.642707, 40.283071 ], [ -78.651743, 40.281524 ], [ -78.643816, 40.25914 ], [ -78.658305, 40.243235 ], [ -78.851167, 40.245988 ], [ -78.858807, 40.242526 ], [ -78.869029, 40.24904 ], [ -78.884669, 40.244575 ], [ -78.89718, 40.263534 ], [ -78.89623, 40.271588 ], [ -78.924794, 40.278488 ], [ -78.927109, 40.284733 ], [ -79.056347, 40.284857 ], [ -79.020019, 40.335605 ], [ -79.009933, 40.340477 ], [ -79.006078, 40.351203 ], [ -78.998171, 40.356169 ], [ -78.921923, 40.483512 ], [ -78.859686, 40.607044 ], [ -78.808922, 40.720952 ], [ -78.799226, 40.7171 ], [ -78.802286, 40.724618 ], [ -78.348668, 40.723443 ], [ -78.408504, 40.644333 ], [ -78.432334, 40.647756 ], [ -78.43966, 40.644806 ], [ -78.446323, 40.624164 ], [ -78.441208, 40.597239 ], [ -78.485527, 40.541352 ], [ -78.497561, 40.539163 ], [ -78.530384, 40.519144 ], [ -78.539819, 40.506293 ], [ -78.544562, 40.484183 ] ] ] } },
{ "type": "Feature", "properties": { "fipsCode": 42069, "stateAbbr": "PA", "NAME": "Lackawanna", "NAMELSAD": "Lackawanna County" }, "geometry": { "type": "Polygon", "coordinates": [ [ [ -75.462411, 41.641587 ], [ -75.440389, 41.25813 ], [ -75.451316, 41.252329 ], [ -75.455748, 41.25452 ], [ -75.470537, 41.243322 ], [ -75.477487, 41.247147 ], [ -75.496057, 41.242948 ], [ -75.516671, 41.219272 ], [ -75.529356, 41.226591 ], [ -75.543886, 41.223596 ], [ -75.554723, 41.20765 ], [ -75.56974, 41.198744 ], [ -75.576653, 41.177857 ], [ -75.598302, 41.172432 ], [ -75.597028, 41.163385 ], [ -75.601799, 41.161439 ], [ -75.611717, 41.164187 ], [ -75.616024, 41.172622 ], [ -75.636789, 41.171392 ], [ -75.649233, 41.187173 ], [ -75.652273, 41.257383 ], [ -75.679304, 41.264301 ], [ -75.679344, 41.28796 ], [ -75.689661, 41.287785 ], [ -75.690824, 41.304335 ], [ -75.69412, 41.30411 ], [ -75.694959, 41.317577 ], [ -75.687841, 41.317836 ], [ -75.688606, 41.339446 ], [ -75.742114, 41.348344 ], [ -75.800278, 41.383055 ], [ -75.823159, 41.389358 ], [ -75.832519, 41.399374 ], [ -75.834512, 41.426965 ], [ -75.771626, 41.505793 ], [ -75.80323, 41.524227 ], [ -75.769297, 41.568466 ], [ -75.77429, 41.574048 ], [ -75.728576, 41.635634 ], [ -75.718774, 41.636113 ], [ -75.719887, 41.642263 ], [ -75.462411, 41.641587 ] ] ] } },
{ "type": "Feature", "properties": { "fipsCode": 18119, "stateAbbr": "IN", "NAME": "Owen", "NAMELSAD": "Owen County" }, "geometry": { "type": "Polygon", "coordinates": [ [ [ -86.939981, 39.473345 ], [ -86.632206, 39.470214 ], [ -86.630818, 39.346948 ], [ -86.651551, 39.355593 ], [ -86.658721, 39.34952 ], [ -86.65638, 39.330646 ], [ -86.663773, 39.334149 ], [ -86.666962, 39.329258 ], [ -86.68561, 39.336043 ], [ -86.683002, 39.165746 ], [ -87.054578, 39.168086 ], [ -87.053646, 39.342621 ], [ -86.942473, 39.342043 ], [ -86.939981, 39.473345 ] ] ] } },
{ "type": "Feature", "properties": { "fipsCode": 54047, "stateAbbr": "WV", "NAME": "McDowell", "NAMELSAD": "McDowell County" }, "geometry": { "type": "Polygon", "coordinates": [ [ [ -81.499096, 37.257952 ], [ -81.507636, 37.233712 ], [ -81.545566, 37.220161 ], [ -81.55601, 37.20749 ], [ -81.678221, 37.20154 ], [ -81.683618, 37.211625 ], [ -81.695113, 37.21357 ], [ -81.71573, 37.228771 ], [ -81.723061, 37.240493 ], [ -81.740124, 37.237752 ], [ -81.744376, 37.24333 ], [ -81.740897, 37.254317 ], [ -81.74609, 37.263702 ], [ -81.757576, 37.268552 ], [ -81.757137, 37.276147 ], [ -81.773244, 37.273912 ], [ -81.782448, 37.28232 ], [ -81.803275, 37.285916 ], [ -81.825751, 37.279093 ], [ -81.834432, 37.285417 ], [ -81.853553, 37.287706 ], [ -81.85446, 37.30657 ], [ -81.859624, 37.304765 ], [ -81.865683, 37.309484 ], [ -81.860267, 37.315715 ], [ -81.872452, 37.322362 ], [ -81.877671, 37.331735 ], [ -81.897331, 37.332456 ], [ -81.899601, 37.341607 ], [ -81.91765, 37.349153 ], [ -81.928462, 37.360461 ], [ -81.926045, 37.365513 ], [ -81.933382, 37.369341 ], [ -81.931143, 37.375757 ], [ -81.936744, 37.38073 ], [ -81.928778, 37.393845 ], [ -81.930042, 37.405291 ], [ -81.922956, 37.411389 ], [ -81.938912, 37.422002 ], [ -81.935621, 37.438397 ], [ -81.957579, 37.449123 ], [ -81.970383, 37.447688 ], [ -81.968795, 37.451496 ], [ -81.976176, 37.457186 ], [ -81.987006, 37.454878 ], [ -81.996499, 37.476924 ], [ -81.990896, 37.484431 ], [ -81.977593, 37.484603 ], [ -81.964986, 37.493488 ], [ -81.953264, 37.491763 ], [ -81.953147, 37.501314 ], [ -81.943912, 37.502929 ], [ -81.941151, 37.509483 ], [ -81.922278, 37.512094 ], [ -81.909374, 37.527041 ], [ -81.89377, 37.52514 ], [ -81.883186, 37.538139 ], [ -81.869439, 37.53781 ], [ -81.855939, 37.54891 ], [ -81.842738, 37.54901 ], [ -81.834638, 37.536109 ], [ -81.824637, 37.533809 ], [ -81.823337, 37.52271 ], [ -81.829037, 37.51371 ], [ -81.817937, 37.50661 ], [ -81.795235, 37.50971 ], [ -81.792936, 37.503511 ], [ -81.779926, 37.500974 ], [ -81.776154, 37.505128 ], [ -81.763028, 37.502643 ], [ -81.752153, 37.506611 ], [ -81.73595, 37.495585 ], [ -81.707641, 37.495259 ], [ -81.701832, 37.501711 ], [ -81.684932, 37.505712 ], [ -81.688832, 37.513611 ], [ -81.682132, 37.517611 ], [ -81.672132, 37.516412 ], [ -81.654431, 37.523312 ], [ -81.646531, 37.513312 ], [ -81.64113, 37.515412 ], [ -81.63393, 37.510012 ], [ -81.62843, 37.512012 ], [ -81.63023, 37.516212 ], [ -81.61753, 37.521312 ], [ -81.612829, 37.510512 ], [ -81.603429, 37.508912 ], [ -81.607629, 37.502412 ], [ -81.59588, 37.490721 ], [ -81.587183, 37.494538 ], [ -81.583048, 37.487357 ], [ -81.575675, 37.490904 ], [ -81.570623, 37.487266 ], [ -81.55345, 37.491805 ], [ -81.53461, 37.485346 ], [ -81.527279, 37.475602 ], [ -81.519278, 37.478299 ], [ -81.499064, 37.473728 ], [ -81.491417, 37.481044 ], [ -81.480315, 37.47918 ], [ -81.465845, 37.484703 ], [ -81.450665, 37.476784 ], [ -81.455358, 37.466498 ], [ -81.438983, 37.458637 ], [ -81.432169, 37.448709 ], [ -81.426503, 37.461167 ], [ -81.416865, 37.455571 ], [ -81.398268, 37.464479 ], [ -81.392997, 37.459824 ], [ -81.385375, 37.461287 ], [ -81.374086, 37.443152 ], [ -81.346365, 37.433548 ], [ -81.329114, 37.435169 ], [ -81.311201, 37.424509 ], [ -81.362156, 37.337687 ], [ -81.369238, 37.332402 ], [ -81.368647, 37.325238 ], [ -81.374906, 37.318809 ], [ -81.386312, 37.320638 ], [ -81.394287, 37.316411 ], [ -81.398678, 37.310248 ], [ -81.396817, 37.304498 ], [ -81.40506, 37.298794 ], [ -81.4023, 37.29581 ], [ -81.416029, 37.273626 ], [ -81.447655, 37.272245 ], [ -81.480144, 37.251121 ], [ -81.492287, 37.25096 ], [ -81.499096, 37.257952 ] ] ] } },
{ "type": "Feature", "properties": { "fipsCode": 54033, "stateAbbr": "WV", "NAME": "Harrison", "NAMELSAD": "Harrison County" }, "geometry": { "type": "Polygon", "coordinates": [ [ [ -80.202327, 39.373481 ], [ -80.202452, 39.278316 ], [ -80.199504, 39.27069 ], [ -80.187648, 39.267143 ], [ -80.166387, 39.242283 ], [ -80.224687, 39.170977 ], [ -80.227173, 39.112792 ], [ -80.240394, 39.113145 ], [ -80.248771, 39.100809 ], [ -80.30132, 39.103997 ], [ -80.458469, 39.139265 ], [ -80.473301, 39.147075 ], [ -80.536195, 39.147503 ], [ -80.546249, 39.151369 ], [ -80.550958, 39.159596 ], [ -80.577815, 39.167711 ], [ -80.596126, 39.167069 ], [ -80.589666, 39.171278 ], [ -80.591766, 39.182697 ], [ -80.57557, 39.175158 ], [ -80.561471, 39.178719 ], [ -80.554441, 39.192193 ], [ -80.547898, 39.186551 ], [ -80.538207, 39.195351 ], [ -80.528336, 39.196392 ], [ -80.532358, 39.200653 ], [ -80.525644, 39.209034 ], [ -80.529293, 39.212 ], [ -80.546055, 39.216504 ], [ -80.554438, 39.214161 ], [ -80.566213, 39.220963 ], [ -80.565418, 39.23138 ], [ -80.551521, 39.226671 ], [ -80.547068, 39.234786 ], [ -80.58743, 39.261111 ], [ -80.588077, 39.266979 ], [ -80.577497, 39.276299 ], [ -80.577764, 39.282151 ], [ -80.60245, 39.283959 ], [ -80.603684, 39.291041 ], [ -80.592559, 39.303752 ], [ -80.586237, 39.30353 ], [ -80.582404, 39.316366 ], [ -80.565098, 39.319894 ], [ -80.544762, 39.351831 ], [ -80.533529, 39.355029 ], [ -80.532639, 39.361237 ], [ -80.544372, 39.367676 ], [ -80.538209, 39.386683 ], [ -80.54743, 39.396646 ], [ -80.547748, 39.40369 ], [ -80.539076, 39.41029 ], [ -80.537566, 39.419683 ], [ -80.544744, 39.428619 ], [ -80.518626, 39.434997 ], [ -80.515598, 39.43774 ], [ -80.5194, 39.446424 ], [ -80.514053, 39.457822 ], [ -80.493991, 39.461148 ], [ -80.494085, 39.469599 ], [ -80.290799, 39.435769 ], [ -80.289762, 39.432172 ], [ -80.282457, 39.435749 ], [ -80.197286, 39.393186 ], [ -80.205113, 39.381909 ], [ -80.198919, 39.375708 ], [ -80.202327, 39.373481 ] ] ] } },
{ "type": "Feature", "properties": { "fipsCode": 18131, "stateAbbr": "IN", "NAME": "Pulaski", "NAMELSAD": "Pulaski County" }, "geometry": { "type": "Polygon", "coordinates": [ [ [ -86.930759, 40.912418 ], [ -86.93017, 41.172318 ], [ -86.467046, 41.171442 ], [ -86.468509, 40.909889 ], [ -86.930759, 40.912418 ] ] ] } },
{ "type": "Feature", "properties": { "fipsCode": 18159, "stateAbbr": "IN", "NAME": "Tipton", "NAMELSAD": "Tipton County" }, "geometry": { "type": "Polygon", "coordinates": [ [ [ -85.861903, 40.218936 ], [ -86.242743, 40.215834 ], [ -86.242812, 40.402914 ], [ -85.862117, 40.406889 ], [ -85.861903, 40.218936 ] ] ] } },
{ "type": "Feature", "properties": { "fipsCode": 18087, "stateAbbr": "IN", "NAME": "LaGrange", "NAMELSAD": "LaGrange County" }, "geometry": { "type": "Polygon", "coordinates": [ [ [ -85.194084, 41.526437 ], [ -85.654747, 41.523347 ], [ -85.65975, 41.759068 ], [ -85.196774, 41.759644 ], [ -85.194084, 41.526437 ] ] ] } },
{ "type": "Feature", "properties": { "fipsCode": 18061, "stateAbbr": "IN", "NAME": "Harrison", "NAMELSAD": "Harrison County" }, "geometry": { "type": "Polygon", "coordinates": [ [ [ -86.032557, 38.330825 ], [ -86.014313, 38.330645 ], [ -86.014216, 38.301812 ], [ -85.995324, 38.301844 ], [ -85.992411, 38.272789 ], [ -85.973706, 38.272763 ], [ -85.973837, 38.258075 ], [ -85.955199, 38.25774 ], [ -85.958023, 38.185939 ], [ -85.900099, 38.185471 ], [ -85.899613, 38.180416 ], [ -85.908174, 38.158111 ], [ -85.905052, 38.089957 ], [ -85.913868, 38.071854 ], [ -85.925654, 38.021784 ], [ -85.946509, 38.005228 ], [ -86.009467, 37.99839 ], [ -86.030358, 37.992057 ], [ -86.034999, 37.98429 ], [ -86.034575, 37.963989 ], [ -86.04255, 37.958123 ], [ -86.062799, 37.973036 ], [ -86.077279, 37.99739 ], [ -86.073789, 37.995286 ], [ -86.074133, 37.995792 ], [ -86.094602, 38.008809 ], [ -86.125329, 38.01624 ], [ -86.178178, 38.010561 ], [ -86.220242, 38.027964 ], [ -86.233339, 38.039625 ], [ -86.267805, 38.057148 ], [ -86.278554, 38.086418 ], [ -86.271801, 38.138872 ], [ -86.291402, 38.161501 ], [ -86.3296, 38.181805 ], [ -86.312786, 38.178126 ], [ -86.309963, 38.181841 ], [ -86.318196, 38.188104 ], [ -86.310558, 38.189311 ], [ -86.307641, 38.201636 ], [ -86.289721, 38.202027 ], [ -86.295082, 38.209066 ], [ -86.288647, 38.21356 ], [ -86.298119, 38.220921 ], [ -86.293301, 38.224579 ], [ -86.284282, 38.220693 ], [ -86.276956, 38.227126 ], [ -86.274762, 38.279956 ], [ -86.280521, 38.284587 ], [ -86.277069, 38.286476 ], [ -86.269301, 38.278453 ], [ -86.265881, 38.286059 ], [ -86.257541, 38.283725 ], [ -86.253137, 38.2919 ], [ -86.255122, 38.296499 ], [ -86.264873, 38.295168 ], [ -86.264795, 38.303228 ], [ -86.259348, 38.30614 ], [ -86.269594, 38.307942 ], [ -86.276688, 38.300713 ], [ -86.276218, 38.30854 ], [ -86.289724, 38.31652 ], [ -86.283222, 38.324182 ], [ -86.285314, 38.331987 ], [ -86.280807, 38.322545 ], [ -86.273474, 38.321105 ], [ -86.276557, 38.339366 ], [ -86.271472, 38.342036 ], [ -86.275142, 38.349515 ], [ -86.281798, 38.349081 ], [ -86.271063, 38.361121 ], [ -86.265003, 38.362005 ], [ -86.250781, 38.348464 ], [ -86.247035, 38.349764 ], [ -86.25281, 38.355711 ], [ -86.248137, 38.363271 ], [ -86.258048, 38.366831 ], [ -86.261159, 38.38097 ], [ -86.258976, 38.389375 ], [ -86.251735, 38.383071 ], [ -86.245528, 38.387987 ], [ -86.261261, 38.394419 ], [ -86.259906, 38.398168 ], [ -86.251417, 38.395642 ], [ -86.251716, 38.406132 ], [ -86.264816, 38.41087 ], [ -86.255045, 38.422685 ], [ -86.032769, 38.417897 ], [ -86.032557, 38.330825 ] ] ] } },
{ "type": "Feature", "properties": { "fipsCode": 18023, "stateAbbr": "IN", "NAME": "Clinton", "NAMELSAD": "Clinton County" }, "geometry": { "type": "Polygon", "coordinates": [ [ [ -86.242992, 40.373661 ], [ -86.242365, 40.180778 ], [ -86.695804, 40.178657 ], [ -86.694665, 40.432156 ], [ -86.309249, 40.431712 ], [ -86.309325, 40.388372 ], [ -86.280829, 40.388339 ], [ -86.280755, 40.373734 ], [ -86.242992, 40.373661 ] ] ] } },
{ "type": "Feature", "properties": { "fipsCode": 42113, "stateAbbr": "PA", "NAME": "Sullivan", "NAMELSAD": "Sullivan County" }, "geometry": { "type": "Polygon", "coordinates": [ [ [ -76.813731, 41.590034 ], [ -76.220073, 41.541278 ], [ -76.228131, 41.511137 ], [ -76.310261, 41.310198 ], [ -76.407934, 41.308418 ], [ -76.447597, 41.275629 ], [ -76.592532, 41.304332 ], [ -76.749497, 41.405572 ], [ -76.813731, 41.590034 ] ] ] } },
{ "type": "Feature", "properties": { "fipsCode": 42127, "stateAbbr": "PA", "NAME": "Wayne", "NAMELSAD": "Wayne County" }, "geometry": { "type": "Polygon", "coordinates": [ [ [ -75.298342, 41.367402 ], [ -75.309067, 41.374679 ], [ -75.323657, 41.366045 ], [ -75.336851, 41.376274 ], [ -75.35054, 41.367951 ], [ -75.336627, 41.34513 ], [ -75.344294, 41.33743 ], [ -75.330882, 41.334912 ], [ -75.32245, 41.34004 ], [ -75.310404, 41.326893 ], [ -75.315983, 41.319041 ], [ -75.313966, 41.310608 ], [ -75.327762, 41.29889 ], [ -75.324607, 41.288877 ], [ -75.333644, 41.279447 ], [ -75.334205, 41.270305 ], [ -75.347661, 41.265713 ], [ -75.350135, 41.259536 ], [ -75.341364, 41.25445 ], [ -75.352627, 41.242884 ], [ -75.35995, 41.238707 ], [ -75.505607, 41.232539 ], [ -75.495323, 41.243284 ], [ -75.477487, 41.247147 ], [ -75.470537, 41.243322 ], [ -75.455748, 41.25452 ], [ -75.451316, 41.252329 ], [ -75.440389, 41.25813 ], [ -75.48314, 41.999251 ], [ -75.359645, 41.999554 ], [ -75.341585, 41.993183 ], [ -75.337486, 41.984604 ], [ -75.341591, 41.972216 ], [ -75.327969, 41.967943 ], [ -75.310941, 41.949103 ], [ -75.301326, 41.948105 ], [ -75.301148, 41.953386 ], [ -75.293316, 41.954347 ], [ -75.28951, 41.943204 ], [ -75.278763, 41.938713 ], [ -75.276633, 41.922236 ], [ -75.267276, 41.90609 ], [ -75.273035, 41.896313 ], [ -75.271483, 41.887786 ], [ -75.260623, 41.883783 ], [ -75.25746, 41.876842 ], [ -75.264299, 41.870218 ], [ -75.260412, 41.863887 ], [ -75.250534, 41.862082 ], [ -75.241147, 41.867252 ], [ -75.22448, 41.85759 ], [ -75.215024, 41.86735 ], [ -75.204637, 41.869928 ], [ -75.185358, 41.860063 ], [ -75.174089, 41.87262 ], [ -75.168424, 41.869335 ], [ -75.168326, 41.8587 ], [ -75.162099, 41.850167 ], [ -75.140561, 41.85222 ], [ -75.130991, 41.845261 ], [ -75.116595, 41.845449 ], [ -75.113019, 41.822619 ], [ -75.08988, 41.811701 ], [ -75.071643, 41.812782 ], [ -75.076675, 41.798537 ], [ -75.091954, 41.796976 ], [ -75.100874, 41.788882 ], [ -75.103492, 41.771238 ], [ -75.093737, 41.768301 ], [ -75.075128, 41.771482 ], [ -75.061237, 41.76479 ], [ -75.053043, 41.752064 ], [ -75.05483, 41.734896 ], [ -75.049687, 41.713372 ], [ -75.068957, 41.709327 ], [ -75.052627, 41.68811 ], [ -75.051252, 41.680018 ], [ -75.059516, 41.672255 ], [ -75.049464, 41.660277 ], [ -75.044469, 41.61717 ], [ -75.059731, 41.617556 ], [ -75.059728, 41.610415 ], [ -75.074475, 41.608125 ], [ -75.069559, 41.601874 ], [ -75.178354, 41.461953 ], [ -75.188076, 41.457689 ], [ -75.186236, 41.442836 ], [ -75.217321, 41.424342 ], [ -75.228771, 41.427284 ], [ -75.233644, 41.420502 ], [ -75.250031, 41.418766 ], [ -75.246045, 41.416865 ], [ -75.252017, 41.411156 ], [ -75.246809, 41.402435 ], [ -75.255491, 41.398184 ], [ -75.253083, 41.391294 ], [ -75.261721, 41.382532 ], [ -75.262093, 41.375036 ], [ -75.298342, 41.367402 ] ] ] } },
{ "type": "Feature", "properties": { "fipsCode": 54103, "stateAbbr": "WV", "NAME": "Wetzel", "NAMELSAD": "Wetzel County" }, "geometry": { "type": "Polygon", "coordinates": [ [ [ -80.88036, 39.620706 ], [ -80.866271, 39.654487 ], [ -80.863698, 39.691724 ], [ -80.833882, 39.703497 ], [ -80.829758, 39.71212 ], [ -80.833513, 39.720812 ], [ -80.421388, 39.721189 ], [ -80.419668, 39.712655 ], [ -80.405212, 39.715108 ], [ -80.405791, 39.69416 ], [ -80.395248, 39.680506 ], [ -80.402842, 39.667493 ], [ -80.401497, 39.655499 ], [ -80.389643, 39.644585 ], [ -80.403676, 39.631791 ], [ -80.411933, 39.641359 ], [ -80.433285, 39.63913 ], [ -80.443387, 39.62954 ], [ -80.433841, 39.620268 ], [ -80.43757, 39.614163 ], [ -80.449417, 39.612707 ], [ -80.446683, 39.604425 ], [ -80.450435, 39.596141 ], [ -80.461842, 39.601443 ], [ -80.480803, 39.594652 ], [ -80.480278, 39.583408 ], [ -80.49287, 39.575652 ], [ -80.491016, 39.570153 ], [ -80.498158, 39.562899 ], [ -80.494555, 39.545655 ], [ -80.486344, 39.536796 ], [ -80.485934, 39.520373 ], [ -80.467421, 39.503243 ], [ -80.473468, 39.492654 ], [ -80.471782, 39.486344 ], [ -80.478219, 39.480704 ], [ -80.483683, 39.483893 ], [ -80.492537, 39.480184 ], [ -80.493991, 39.461148 ], [ -80.514053, 39.457822 ], [ -80.5194, 39.446424 ], [ -80.515598, 39.43774 ], [ -80.518626, 39.434997 ], [ -80.544521, 39.42912 ], [ -80.558153, 39.432929 ], [ -80.55946, 39.439264 ], [ -80.578803, 39.43454 ], [ -80.577729, 39.444783 ], [ -80.583091, 39.451415 ], [ -80.596471, 39.449676 ], [ -80.59878, 39.440956 ], [ -80.633061, 39.456762 ], [ -80.649543, 39.469649 ], [ -80.671106, 39.464214 ], [ -80.672234, 39.477626 ], [ -80.68023, 39.478022 ], [ -80.685995, 39.470495 ], [ -80.716122, 39.475531 ], [ -80.722703, 39.491122 ], [ -80.735608, 39.491132 ], [ -80.740849, 39.512823 ], [ -80.753691, 39.518758 ], [ -80.756978, 39.52504 ], [ -80.765014, 39.52455 ], [ -80.784133, 39.536286 ], [ -80.782831, 39.547705 ], [ -80.802178, 39.555118 ], [ -80.806708, 39.561575 ], [ -80.823203, 39.554462 ], [ -80.821934, 39.56164 ], [ -80.829959, 39.565545 ], [ -80.827226, 39.576318 ], [ -80.848939, 39.589228 ], [ -80.846393, 39.601091 ], [ -80.852182, 39.602048 ], [ -80.886043, 39.58031 ], [ -80.943782, 39.606926 ], [ -80.925841, 39.617396 ], [ -80.892208, 39.616756 ], [ -80.88036, 39.620706 ] ] ] } },
{ "type": "Feature", "properties": { "fipsCode": 18117, "stateAbbr": "IN", "NAME": "Orange", "NAMELSAD": "Orange County" }, "geometry": { "type": "Polygon", "coordinates": [ [ [ -86.681424, 38.394767 ], [ -86.683102, 38.686561 ], [ -86.308701, 38.688101 ], [ -86.308868, 38.394069 ], [ -86.681424, 38.394767 ] ] ] } },
{ "type": "Feature", "properties": { "fipsCode": 54063, "stateAbbr": "WV", "NAME": "Monroe", "NAMELSAD": "Monroe County" }, "geometry": { "type": "Polygon", "coordinates": [ [ [ -80.622664, 37.433307 ], [ -80.63439, 37.431227 ], [ -80.716298, 37.388694 ], [ -80.770082, 37.372363 ], [ -80.784188, 37.394587 ], [ -80.805743, 37.397954 ], [ -80.808587, 37.406537 ], [ -80.837678, 37.425658 ], [ -80.846325, 37.423395 ], [ -80.858466, 37.428307 ], [ -80.798451, 37.522103 ], [ -80.670797, 37.69797 ], [ -80.660446, 37.714563 ], [ -80.663348, 37.731696 ], [ -80.620195, 37.716707 ], [ -80.50856, 37.691494 ], [ -80.500901, 37.694983 ], [ -80.495893, 37.691155 ], [ -80.479852, 37.692462 ], [ -80.47414, 37.696928 ], [ -80.451727, 37.683873 ], [ -80.422166, 37.701942 ], [ -80.41533, 37.700327 ], [ -80.394562, 37.716918 ], [ -80.390992, 37.713688 ], [ -80.393354, 37.70219 ], [ -80.380764, 37.707325 ], [ -80.385295, 37.692771 ], [ -80.377537, 37.685834 ], [ -80.369489, 37.691687 ], [ -80.361694, 37.689637 ], [ -80.351693, 37.708759 ], [ -80.33984, 37.704304 ], [ -80.347948, 37.69396 ], [ -80.336316, 37.687568 ], [ -80.318308, 37.685839 ], [ -80.296138, 37.691783 ], [ -80.279372, 37.657077 ], [ -80.267504, 37.646156 ], [ -80.220984, 37.627767 ], [ -80.240272, 37.606961 ], [ -80.258919, 37.595499 ], [ -80.328504, 37.564315 ], [ -80.312201, 37.54622 ], [ -80.330368, 37.536267 ], [ -80.309347, 37.52738 ], [ -80.291667, 37.536516 ], [ -80.282391, 37.533519 ], [ -80.299789, 37.508271 ], [ -80.3271, 37.495377 ], [ -80.366837, 37.484879 ], [ -80.363171, 37.480001 ], [ -80.371951, 37.474069 ], [ -80.425629, 37.449885 ], [ -80.464816, 37.426145 ], [ -80.475601, 37.422949 ], [ -80.49486, 37.435072 ], [ -80.497279, 37.44478 ], [ -80.492981, 37.457749 ], [ -80.511391, 37.481672 ], [ -80.561442, 37.469775 ], [ -80.622664, 37.433307 ] ] ] } },
{ "type": "Feature", "properties": { "fipsCode": 18155, "stateAbbr": "IN", "NAME": "Switzerland", "NAMELSAD": "Switzerland County" }, "geometry": { "type": "Polygon", "coordinates": [ [ [ -84.99308, 38.777919 ], [ -85.102014, 38.726297 ], [ -85.149755, 38.694383 ], [ -85.173161, 38.688007 ], [ -85.20145, 38.691038 ], [ -85.202849, 38.928523 ], [ -85.135832, 38.929578 ], [ -85.140312, 38.903194 ], [ -84.870623, 38.900906 ], [ -84.81216, 38.89498 ], [ -84.785483, 38.880894 ], [ -84.791524, 38.859974 ], [ -84.829856, 38.830766 ], [ -84.827576, 38.819586 ], [ -84.813991, 38.800217 ], [ -84.814672, 38.784505 ], [ -84.828857, 38.783271 ], [ -84.887421, 38.794831 ], [ -84.941119, 38.775688 ], [ -84.99308, 38.777919 ] ] ] } },
{ "type": "Feature", "properties": { "fipsCode": 39063, "stateAbbr": "OH", "NAME": "Hancock", "NAMELSAD": "Hancock County" }, "geometry": { "type": "Polygon", "coordinates": [ [ [ -83.881149, 41.167824 ], [ -83.421054, 41.16678 ], [ -83.420319, 40.991889 ], [ -83.45785, 40.991671 ], [ -83.457681, 40.948517 ], [ -83.476793, 40.948379 ], [ -83.476741, 40.904964 ], [ -83.514728, 40.905115 ], [ -83.515883, 40.818134 ], [ -83.880063, 40.819919 ], [ -83.881149, 41.167824 ] ] ] } },
{ "type": "Feature", "properties": { "fipsCode": 39003, "stateAbbr": "OH", "NAME": "Allen", "NAMELSAD": "Allen County" }, "geometry": { "type": "Polygon", "coordinates": [ [ [ -84.109586, 40.860994 ], [ -84.109516, 40.90473 ], [ -83.995165, 40.905066 ], [ -83.995228, 40.919843 ], [ -83.880423, 40.920429 ], [ -83.880194, 40.64469 ], [ -84.107787, 40.643069 ], [ -84.107908, 40.657938 ], [ -84.222749, 40.656948 ], [ -84.222799, 40.685957 ], [ -84.396778, 40.684926 ], [ -84.397374, 40.815941 ], [ -84.340101, 40.816143 ], [ -84.340531, 40.859099 ], [ -84.109586, 40.860994 ] ] ] } },
{ "type": "Feature", "properties": { "fipsCode": 42007, "stateAbbr": "PA", "NAME": "Beaver", "NAMELSAD": "Beaver County" }, "geometry": { "type": "Polygon", "coordinates": [ [ [ -80.15853, 40.855096 ], [ -80.14511, 40.613447 ], [ -80.165784, 40.60603 ], [ -80.180401, 40.609349 ], [ -80.188712, 40.599753 ], [ -80.184323, 40.59692 ], [ -80.194867, 40.596776 ], [ -80.212269, 40.582141 ], [ -80.21909, 40.581957 ], [ -80.360871, 40.477538 ], [ -80.519038, 40.477363 ], [ -80.519044, 40.851339 ], [ -80.15853, 40.855096 ] ] ] } },
{ "type": "Feature", "properties": { "fipsCode": 18041, "stateAbbr": "IN", "NAME": "Fayette", "NAMELSAD": "Fayette County" }, "geometry": { "type": "Polygon", "coordinates": [ [ [ -85.034575, 39.714764 ], [ -85.036087, 39.526213 ], [ -85.29811, 39.525476 ], [ -85.301584, 39.787579 ], [ -85.183472, 39.788397 ], [ -85.185089, 39.715515 ], [ -85.034575, 39.714764 ] ] ] } },
{ "type": "Feature", "properties": { "fipsCode": 42105, "stateAbbr": "PA", "NAME": "Potter", "NAMELSAD": "Potter County" }, "geometry": { "type": "Polygon", "coordinates": [ [ [ -78.20364, 41.617599 ], [ -78.20638, 41.999518 ], [ -77.610027, 41.999368 ], [ -77.598129, 41.478576 ], [ -78.050442, 41.475462 ], [ -78.20364, 41.617599 ] ] ] } },
{ "type": "Feature", "properties": { "fipsCode": 39017, "stateAbbr": "OH", "NAME": "Butler", "NAMELSAD": "Butler County" }, "geometry": { "type": "Polygon", "coordinates": [ [ [ -84.814934, 39.567714 ], [ -84.478927, 39.56879 ], [ -84.479213, 39.591024 ], [ -84.365242, 39.589855 ], [ -84.364305, 39.54381 ], [ -84.331682, 39.549213 ], [ -84.353209, 39.292287 ], [ -84.630047, 39.312056 ], [ -84.641814, 39.305044 ], [ -84.81945, 39.305153 ], [ -84.814934, 39.567714 ] ] ] } },
{ "type": "Feature", "properties": { "fipsCode": 18115, "stateAbbr": "IN", "NAME": "Ohio", "NAMELSAD": "Ohio County" }, "geometry": { "type": "Polygon", "coordinates": [ [ [ -85.140203, 38.903869 ], [ -85.13264, 38.947828 ], [ -85.120916, 38.955843 ], [ -85.113179, 38.955023 ], [ -85.120877, 38.944425 ], [ -85.118762, 38.937196 ], [ -85.103679, 38.940521 ], [ -85.096344, 38.935446 ], [ -85.082642, 38.952241 ], [ -85.072034, 38.948123 ], [ -85.068079, 38.957139 ], [ -85.064563, 38.954942 ], [ -85.066614, 38.950023 ], [ -85.060109, 38.947986 ], [ -85.058203, 38.958099 ], [ -85.046072, 38.956679 ], [ -85.051198, 38.966908 ], [ -85.041523, 38.975396 ], [ -85.024668, 38.974498 ], [ -85.019536, 38.982529 ], [ -85.003564, 38.975221 ], [ -84.99777, 38.996735 ], [ -84.983658, 38.997949 ], [ -84.970084, 38.992386 ], [ -84.964247, 38.997772 ], [ -84.953866, 38.994892 ], [ -84.953289, 38.999204 ], [ -84.944072, 39.000188 ], [ -84.943731, 39.007734 ], [ -84.936012, 39.005187 ], [ -84.912999, 39.018854 ], [ -84.897688, 39.013366 ], [ -84.87765, 39.031189 ], [ -84.850607, 39.004693 ], [ -84.830274, 38.973854 ], [ -84.834252, 38.958771 ], [ -84.877837, 38.920357 ], [ -84.87853, 38.91239 ], [ -84.870623, 38.900906 ], [ -85.140203, 38.903869 ] ] ] } },
{ "type": "Feature", "properties": { "fipsCode": 42043, "stateAbbr": "PA", "NAME": "Dauphin", "NAMELSAD": "Dauphin County" }, "geometry": { "type": "Polygon", "coordinates": [ [ [ -76.67804, 40.474717 ], [ -76.566571, 40.195807 ], [ -76.580708, 40.194687 ], [ -76.586, 40.189544 ], [ -76.608092, 40.189403 ], [ -76.63841, 40.166738 ], [ -76.666209, 40.16321 ], [ -76.677209, 40.148886 ], [ -76.683151, 40.151795 ], [ -76.690135, 40.148114 ], [ -76.690971, 40.156667 ], [ -76.697352, 40.15664 ], [ -76.699328, 40.145296 ], [ -76.709865, 40.137637 ], [ -76.706412, 40.135266 ], [ -76.715251, 40.13215 ], [ -76.72162, 40.12007 ], [ -76.730542, 40.122129 ], [ -76.744318, 40.132206 ], [ -76.752683, 40.175803 ], [ -76.800585, 40.200111 ], [ -76.825991, 40.203041 ], [ -76.837717, 40.220366 ], [ -76.864471, 40.229713 ], [ -76.910442, 40.266994 ], [ -76.92449, 40.291417 ], [ -76.912129, 40.325495 ], [ -76.932672, 40.355318 ], [ -76.998022, 40.356679 ], [ -77.020799, 40.36623 ], [ -77.029341, 40.388681 ], [ -77.012172, 40.404449 ], [ -77.016675, 40.424717 ], [ -77.003235, 40.4268 ], [ -76.981081, 40.446761 ], [ -76.956392, 40.458841 ], [ -76.949374, 40.469092 ], [ -76.953083, 40.490621 ], [ -76.96909, 40.497562 ], [ -76.984661, 40.515053 ], [ -76.980658, 40.539099 ], [ -76.992997, 40.564062 ], [ -76.986349, 40.576228 ], [ -76.957444, 40.594677 ], [ -76.950836, 40.627044 ], [ -76.936962, 40.612841 ], [ -76.918672, 40.603466 ], [ -76.92066, 40.610013 ], [ -76.89077, 40.610095 ], [ -76.886822, 40.617708 ], [ -76.872283, 40.616388 ], [ -76.864357, 40.627561 ], [ -76.840104, 40.625439 ], [ -76.827405, 40.633946 ], [ -76.81114, 40.633817 ], [ -76.809521, 40.642724 ], [ -76.803382, 40.647223 ], [ -76.790388, 40.640784 ], [ -76.756232, 40.648088 ], [ -76.745249, 40.65462 ], [ -76.72404, 40.65312 ], [ -76.716234, 40.659025 ], [ -76.701624, 40.658082 ], [ -76.535414, 40.555157 ], [ -76.67804, 40.474717 ] ] ] } },
{ "type": "Feature", "properties": { "fipsCode": 54079, "stateAbbr": "WV", "NAME": "Putnam", "NAMELSAD": "Putnam County" }, "geometry": { "type": "Polygon", "coordinates": [ [ [ -82.064562, 38.607985 ], [ -81.955791, 38.657355 ], [ -81.747683, 38.684134 ], [ -81.696348, 38.626427 ], [ -81.728775, 38.596219 ], [ -81.738968, 38.599326 ], [ -81.750547, 38.591014 ], [ -81.7559, 38.580944 ], [ -81.751314, 38.579518 ], [ -81.747164, 38.553563 ], [ -81.755373, 38.533909 ], [ -81.750763, 38.526529 ], [ -81.754103, 38.524045 ], [ -81.742321, 38.5179 ], [ -81.742419, 38.508707 ], [ -81.731731, 38.503622 ], [ -81.733947, 38.49542 ], [ -81.727162, 38.476828 ], [ -81.721994, 38.474684 ], [ -81.723066, 38.467772 ], [ -81.8147, 38.43286 ], [ -81.819276, 38.435308 ], [ -81.822839, 38.429697 ], [ -81.834909, 38.429436 ], [ -81.900222, 38.398572 ], [ -81.915197, 38.325597 ], [ -81.982094, 38.276701 ], [ -81.991151, 38.275772 ], [ -81.993582, 38.267869 ], [ -82.01617, 38.271789 ], [ -82.018925, 38.281763 ], [ -82.028291, 38.279362 ], [ -82.049146, 38.291313 ], [ -82.043094, 38.337278 ], [ -82.064562, 38.607985 ] ] ] } },
{ "type": "Feature", "properties": { "fipsCode": 18123, "stateAbbr": "IN", "NAME": "Perry", "NAMELSAD": "Perry County" }, "geometry": { "type": "Polygon", "coordinates": [ [ [ -86.807212, 38.118258 ], [ -86.795016, 38.123544 ], [ -86.803, 38.134596 ], [ -86.800424, 38.1396 ], [ -86.806281, 38.142961 ], [ -86.795333, 38.157356 ], [ -86.80355, 38.181505 ], [ -86.791316, 38.180071 ], [ -86.792152, 38.2491 ], [ -86.678992, 38.248062 ], [ -86.679511, 38.263086 ], [ -86.570136, 38.266328 ], [ -86.571675, 38.207529 ], [ -86.460425, 38.206825 ], [ -86.461023, 38.121097 ], [ -86.466352, 38.113474 ], [ -86.465503, 38.104306 ], [ -86.457408, 38.095016 ], [ -86.434011, 38.086413 ], [ -86.430518, 38.075563 ], [ -86.436093, 38.062911 ], [ -86.453903, 38.050081 ], [ -86.50882, 38.045046 ], [ -86.521712, 38.039617 ], [ -86.524937, 37.966495 ], [ -86.509318, 37.942297 ], [ -86.507691, 37.929038 ], [ -86.534626, 37.917075 ], [ -86.5882, 37.921409 ], [ -86.59962, 37.907418 ], [ -86.59731, 37.870317 ], [ -86.604501, 37.858446 ], [ -86.630157, 37.8451 ], [ -86.651961, 37.841601 ], [ -86.660272, 37.846764 ], [ -86.662481, 37.857084 ], [ -86.644719, 37.894991 ], [ -86.646266, 37.907919 ], [ -86.680788, 37.915035 ], [ -86.717436, 37.893504 ], [ -86.732545, 37.894768 ], [ -86.777839, 37.951688 ], [ -86.794965, 37.989213 ], [ -86.814652, 37.998708 ], [ -86.805543, 38.002879 ], [ -86.798293, 38.015528 ], [ -86.787105, 38.000861 ], [ -86.772105, 37.998474 ], [ -86.774342, 38.010328 ], [ -86.778374, 38.010328 ], [ -86.775784, 38.024042 ], [ -86.781994, 38.026348 ], [ -86.766959, 38.029707 ], [ -86.774924, 38.034012 ], [ -86.776947, 38.030753 ], [ -86.783088, 38.036199 ], [ -86.780204, 38.040305 ], [ -86.786966, 38.040922 ], [ -86.779681, 38.04388 ], [ -86.780611, 38.053043 ], [ -86.764974, 38.058598 ], [ -86.780759, 38.078443 ], [ -86.769328, 38.086808 ], [ -86.76861, 38.102794 ], [ -86.785027, 38.102512 ], [ -86.786376, 38.112424 ], [ -86.794489, 38.116997 ], [ -86.80095, 38.110527 ], [ -86.807212, 38.118258 ] ] ] } },
{ "type": "Feature", "properties": { "fipsCode": 18103, "stateAbbr": "IN", "NAME": "Miami", "NAMELSAD": "Miami County" }, "geometry": { "type": "Polygon", "coordinates": [ [ [ -85.863641, 40.565525 ], [ -86.165024, 40.562649 ], [ -86.168459, 40.996097 ], [ -85.946436, 40.999195 ], [ -85.939525, 40.650991 ], [ -85.864791, 40.651693 ], [ -85.863641, 40.565525 ] ] ] } },
{ "type": "Feature", "properties": { "fipsCode": 39041, "stateAbbr": "OH", "NAME": "Delaware", "NAMELSAD": "Delaware County" }, "geometry": { "type": "Polygon", "coordinates": [ [ [ -83.022079, 40.418884 ], [ -82.924781, 40.415004 ], [ -82.929588, 40.358123 ], [ -82.744931, 40.349603 ], [ -82.761827, 40.125855 ], [ -83.169645, 40.14279 ], [ -83.17233, 40.244257 ], [ -83.248428, 40.244466 ], [ -83.248595, 40.443989 ], [ -83.020798, 40.433795 ], [ -83.022079, 40.418884 ] ] ] } },
{ "type": "Feature", "properties": { "fipsCode": 39119, "stateAbbr": "OH", "NAME": "Muskingum", "NAMELSAD": "Muskingum County" }, "geometry": { "type": "Polygon", "coordinates": [ [ [ -82.187136, 40.166876 ], [ -81.716277, 40.152854 ], [ -81.728611, 39.931728 ], [ -81.691104, 39.930756 ], [ -81.697442, 39.755572 ], [ -82.076639, 39.77096 ], [ -82.072934, 39.816227 ], [ -82.170047, 39.82075 ], [ -82.162372, 39.909374 ], [ -82.233974, 39.91326 ], [ -82.231695, 39.951075 ], [ -82.198728, 39.950196 ], [ -82.187136, 40.166876 ] ] ] } },
{ "type": "Feature", "properties": { "fipsCode": 18083, "stateAbbr": "IN", "NAME": "Knox", "NAMELSAD": "Knox County" }, "geometry": { "type": "Polygon", "coordinates": [ [ [ -87.433939, 38.528916 ], [ -87.467547, 38.53254 ], [ -87.469977, 38.52039 ], [ -87.479159, 38.52748 ], [ -87.472189, 38.520268 ], [ -87.473805, 38.51278 ], [ -87.491755, 38.505286 ], [ -87.495786, 38.494145 ], [ -87.516138, 38.50381 ], [ -87.531494, 38.498859 ], [ -87.529952, 38.514431 ], [ -87.545216, 38.51735 ], [ -87.549462, 38.511645 ], [ -87.54018, 38.492824 ], [ -87.570021, 38.490582 ], [ -87.580721, 38.500017 ], [ -87.584631, 38.498726 ], [ -87.586982, 38.492351 ], [ -87.580107, 38.483611 ], [ -87.599317, 38.450721 ], [ -87.611904, 38.446622 ], [ -87.625273, 38.449554 ], [ -87.635238, 38.442229 ], [ -87.639268, 38.455523 ], [ -87.652842, 38.449209 ], [ -87.655749, 38.452396 ], [ -87.650741, 38.457111 ], [ -87.65681, 38.458649 ], [ -87.664128, 38.449218 ], [ -87.673481, 38.446475 ], [ -87.671499, 38.440445 ], [ -87.662085, 38.436714 ], [ -87.664162, 38.430874 ], [ -87.680848, 38.431762 ], [ -87.708652, 38.418659 ], [ -87.743691, 38.414387 ], [ -87.74104, 38.435576 ], [ -87.730134, 38.446518 ], [ -87.735729, 38.452986 ], [ -87.755931, 38.455876 ], [ -87.750028, 38.471427 ], [ -87.740024, 38.479223 ], [ -87.714047, 38.47988 ], [ -87.693188, 38.488038 ], [ -87.671898, 38.507611 ], [ -87.658178, 38.501669 ], [ -87.646719, 38.507767 ], [ -87.645371, 38.513835 ], [ -87.656144, 38.521668 ], [ -87.670071, 38.545237 ], [ -87.650704, 38.55624 ], [ -87.651107, 38.569026 ], [ -87.638247, 38.576273 ], [ -87.638393, 38.5922 ], [ -87.622897, 38.586198 ], [ -87.61196, 38.589248 ], [ -87.612439, 38.594642 ], [ -87.624143, 38.596955 ], [ -87.627348, 38.60544 ], [ -87.615585, 38.625047 ], [ -87.62012, 38.639489 ], [ -87.605817, 38.646518 ], [ -87.60018, 38.662462 ], [ -87.593678, 38.667402 ], [ -87.531231, 38.684036 ], [ -87.51961, 38.697198 ], [ -87.519519, 38.710455 ], [ -87.506172, 38.733725 ], [ -87.496041, 38.739981 ], [ -87.504046, 38.748507 ], [ -87.496906, 38.766818 ], [ -87.514861, 38.770503 ], [ -87.498587, 38.77648 ], [ -87.495509, 38.784626 ], [ -87.527342, 38.818121 ], [ -87.521681, 38.826576 ], [ -87.526729, 38.850362 ], [ -87.553106, 38.861411 ], [ -87.542642, 38.865281 ], [ -87.547064, 38.875957 ], [ -87.534919, 38.878874 ], [ -87.544292, 38.888953 ], [ -87.544089, 38.895093 ], [ -87.539122, 38.896119 ], [ -87.535955, 38.886993 ], [ -87.533695, 38.900957 ], [ -87.524465, 38.902365 ], [ -87.241067, 38.901591 ], [ -87.241027, 38.907874 ], [ -87.129882, 38.907315 ], [ -87.09137, 38.901594 ], [ -87.094876, 38.896768 ], [ -87.104814, 38.900734 ], [ -87.11023, 38.893937 ], [ -87.122473, 38.897676 ], [ -87.113445, 38.888264 ], [ -87.126286, 38.890984 ], [ -87.13058, 38.885535 ], [ -87.1207, 38.871635 ], [ -87.126004, 38.869616 ], [ -87.131268, 38.875339 ], [ -87.135836, 38.871963 ], [ -87.126899, 38.859216 ], [ -87.147232, 38.866683 ], [ -87.139521, 38.850239 ], [ -87.144728, 38.839541 ], [ -87.183633, 38.847439 ], [ -87.185979, 38.844557 ], [ -87.17496, 38.841332 ], [ -87.171509, 38.83109 ], [ -87.186034, 38.834581 ], [ -87.18798, 38.825196 ], [ -87.196341, 38.830707 ], [ -87.197192, 38.826562 ], [ -87.189807, 38.82316 ], [ -87.192243, 38.814688 ], [ -87.20273, 38.825895 ], [ -87.203083, 38.815145 ], [ -87.210482, 38.807343 ], [ -87.210995, 38.820901 ], [ -87.216054, 38.823644 ], [ -87.215556, 38.811842 ], [ -87.225372, 38.804466 ], [ -87.228731, 38.805495 ], [ -87.227299, 38.812968 ], [ -87.238824, 38.81206 ], [ -87.233804, 38.816116 ], [ -87.238937, 38.819642 ], [ -87.2466, 38.807701 ], [ -87.240888, 38.801539 ], [ -87.240128, 38.782078 ], [ -87.255551, 38.778704 ], [ -87.257788, 38.768599 ], [ -87.25285, 38.764671 ], [ -87.239704, 38.767326 ], [ -87.244601, 38.758244 ], [ -87.239047, 38.749866 ], [ -87.243872, 38.750047 ], [ -87.2479, 38.758232 ], [ -87.253006, 38.755273 ], [ -87.238103, 38.742312 ], [ -87.247999, 38.742157 ], [ -87.254483, 38.735654 ], [ -87.2474, 38.729761 ], [ -87.248726, 38.726078 ], [ -87.261677, 38.733119 ], [ -87.257043, 38.718863 ], [ -87.269632, 38.708427 ], [ -87.267357, 38.700263 ], [ -87.279415, 38.692558 ], [ -87.26109, 38.686689 ], [ -87.273424, 38.681149 ], [ -87.258896, 38.666214 ], [ -87.252326, 38.676926 ], [ -87.245984, 38.677884 ], [ -87.258544, 38.661991 ], [ -87.255266, 38.654761 ], [ -87.238671, 38.658879 ], [ -87.239158, 38.647732 ], [ -87.249725, 38.652996 ], [ -87.252235, 38.647682 ], [ -87.235982, 38.635052 ], [ -87.240629, 38.632128 ], [ -87.249057, 38.635668 ], [ -87.252958, 38.631454 ], [ -87.238824, 38.610548 ], [ -87.249649, 38.615064 ], [ -87.255275, 38.612364 ], [ -87.245381, 38.603679 ], [ -87.239316, 38.604548 ], [ -87.248586, 38.599551 ], [ -87.2451, 38.595582 ], [ -87.249384, 38.586889 ], [ -87.23757, 38.581037 ], [ -87.239665, 38.573472 ], [ -87.247906, 38.570015 ], [ -87.238074, 38.560647 ], [ -87.248328, 38.559539 ], [ -87.237435, 38.552387 ], [ -87.253053, 38.538245 ], [ -87.255148, 38.527252 ], [ -87.287886, 38.511842 ], [ -87.301231, 38.510263 ], [ -87.309267, 38.519938 ], [ -87.323962, 38.524044 ], [ -87.351833, 38.542247 ], [ -87.364216, 38.543734 ], [ -87.370095, 38.538029 ], [ -87.361703, 38.521667 ], [ -87.372548, 38.512157 ], [ -87.381389, 38.517863 ], [ -87.380111, 38.533882 ], [ -87.385605, 38.538419 ], [ -87.406214, 38.54044 ], [ -87.411279, 38.526545 ], [ -87.420283, 38.528891 ], [ -87.425463, 38.540684 ], [ -87.432392, 38.537587 ], [ -87.433939, 38.528916 ] ] ] } },
{ "type": "Feature", "properties": { "fipsCode": 39013, "stateAbbr": "OH", "NAME": "Belmont", "NAMELSAD": "Belmont County" }, "geometry": { "type": "Polygon", "coordinates": [ [ [ -81.237316, 39.867828 ], [ -81.225811, 40.172694 ], [ -80.768013, 40.155143 ], [ -80.765853, 40.159847 ], [ -80.70275, 40.157249 ], [ -80.710166, 40.138315 ], [ -80.708937, 40.101422 ], [ -80.731429, 40.086331 ], [ -80.739086, 40.075672 ], [ -80.731024, 40.044291 ], [ -80.74217, 40.008575 ], [ -80.740139, 39.970795 ], [ -80.757922, 39.959707 ], [ -80.764275, 39.949963 ], [ -80.756113, 39.913402 ], [ -80.763399, 39.908619 ], [ -80.787038, 39.918355 ], [ -80.806419, 39.916749 ], [ -80.80896, 39.903296 ], [ -80.79399, 39.882783 ], [ -80.790191, 39.869776 ], [ -80.799898, 39.858912 ], [ -80.821279, 39.849982 ], [ -81.237316, 39.867828 ] ] ] } },
{ "type": "Feature", "properties": { "fipsCode": 39125, "stateAbbr": "OH", "NAME": "Paulding", "NAMELSAD": "Paulding County" }, "geometry": { "type": "Polygon", "coordinates": [ [ [ -84.341911, 40.990692 ], [ -84.803251, 40.989394 ], [ -84.803544, 41.252562 ], [ -84.457217, 41.253485 ], [ -84.457059, 41.209434 ], [ -84.341649, 41.209121 ], [ -84.341911, 40.990692 ] ] ] } },
{ "type": "Feature", "properties": { "fipsCode": 18179, "stateAbbr": "IN", "NAME": "Wells", "NAMELSAD": "Wells County" }, "geometry": { "type": "Polygon", "coordinates": [ [ [ -85.068479, 40.56824 ], [ -85.447014, 40.566929 ], [ -85.448825, 40.653607 ], [ -85.334667, 40.654413 ], [ -85.33603, 40.917082 ], [ -85.073861, 40.917823 ], [ -85.068479, 40.56824 ] ] ] } },
{ "type": "Feature", "properties": { "fipsCode": 54005, "stateAbbr": "WV", "NAME": "Boone", "NAMELSAD": "Boone County" }, "geometry": { "type": "Polygon", "coordinates": [ [ [ -81.973052, 38.064949 ], [ -81.966298, 38.068943 ], [ -81.968938, 38.077728 ], [ -81.962098, 38.085732 ], [ -81.964081, 38.089653 ], [ -81.946986, 38.104457 ], [ -81.945837, 38.109368 ], [ -81.953575, 38.118656 ], [ -81.945811, 38.125778 ], [ -81.943864, 38.137504 ], [ -81.933096, 38.140286 ], [ -81.932444, 38.150085 ], [ -81.927565, 38.152492 ], [ -81.903797, 38.14164 ], [ -81.888523, 38.142112 ], [ -81.878779, 38.137202 ], [ -81.878192, 38.149536 ], [ -81.888065, 38.151275 ], [ -81.888565, 38.165842 ], [ -81.888205, 38.162708 ], [ -81.886169, 38.168068 ], [ -81.872118, 38.163699 ], [ -81.871974, 38.176846 ], [ -81.851176, 38.173074 ], [ -81.849153, 38.181399 ], [ -81.838765, 38.180625 ], [ -81.842497, 38.185541 ], [ -81.851766, 38.184813 ], [ -81.844918, 38.198928 ], [ -81.838829, 38.201823 ], [ -81.839918, 38.209578 ], [ -81.828538, 38.205807 ], [ -81.819074, 38.185037 ], [ -81.801839, 38.178388 ], [ -81.812774, 38.189945 ], [ -81.814296, 38.199303 ], [ -81.810914, 38.208191 ], [ -81.789605, 38.209736 ], [ -81.783886, 38.230604 ], [ -81.765095, 38.227809 ], [ -81.755145, 38.218176 ], [ -81.753275, 38.20287 ], [ -81.737005, 38.198173 ], [ -81.73137, 38.205003 ], [ -81.72443, 38.205596 ], [ -81.720984, 38.214632 ], [ -81.727228, 38.213747 ], [ -81.725728, 38.221311 ], [ -81.708111, 38.223077 ], [ -81.705826, 38.227102 ], [ -81.696299, 38.227687 ], [ -81.687031, 38.218138 ], [ -81.659771, 38.223487 ], [ -81.643668, 38.220675 ], [ -81.643091, 38.210682 ], [ -81.652547, 38.203096 ], [ -81.644784, 38.194986 ], [ -81.648537, 38.185036 ], [ -81.639303, 38.180278 ], [ -81.641933, 38.17634 ], [ -81.634572, 38.177534 ], [ -81.633364, 38.171615 ], [ -81.624841, 38.178757 ], [ -81.602048, 38.176197 ], [ -81.606736, 38.170101 ], [ -81.595872, 38.167622 ], [ -81.599328, 38.161798 ], [ -81.589664, 38.157622 ], [ -81.581343, 38.14367 ], [ -81.574255, 38.144918 ], [ -81.569471, 38.137287 ], [ -81.555742, 38.141543 ], [ -81.544798, 38.137639 ], [ -81.539022, 38.130375 ], [ -81.546222, 38.124647 ], [ -81.545998, 38.119303 ], [ -81.533213, 38.121256 ], [ -81.515836, 38.11236 ], [ -81.520988, 38.10084 ], [ -81.534845, 38.095912 ], [ -81.539196, 38.078264 ], [ -81.517947, 38.069433 ], [ -81.516507, 38.063721 ], [ -81.505275, 38.060697 ], [ -81.491451, 38.067897 ], [ -81.48769, 38.060858 ], [ -81.478122, 38.060138 ], [ -81.473706, 38.053594 ], [ -81.476186, 38.047482 ], [ -81.460409, 38.030075 ], [ -81.468457, 38.015915 ], [ -81.463449, 38.013931 ], [ -81.465625, 38.005211 ], [ -81.455832, 37.999307 ], [ -81.456632, 37.987307 ], [ -81.482032, 37.986907 ], [ -81.489132, 37.981007 ], [ -81.507633, 37.988207 ], [ -81.526233, 37.971307 ], [ -81.541434, 37.969507 ], [ -81.544434, 37.961107 ], [ -81.555834, 37.954307 ], [ -81.554934, 37.946107 ], [ -81.561634, 37.944307 ], [ -81.558833, 37.936207 ], [ -81.571534, 37.927707 ], [ -81.561933, 37.919407 ], [ -81.564233, 37.902708 ], [ -81.553832, 37.894309 ], [ -81.563426, 37.886345 ], [ -81.558132, 37.877208 ], [ -81.567632, 37.867508 ], [ -81.562732, 37.865308 ], [ -81.561431, 37.841709 ], [ -81.552331, 37.824709 ], [ -81.542031, 37.828909 ], [ -81.516829, 37.81861 ], [ -81.521129, 37.80011 ], [ -81.514228, 37.791211 ], [ -81.520029, 37.786111 ], [ -81.530429, 37.78971 ], [ -81.535729, 37.78291 ], [ -81.57653, 37.76331 ], [ -81.582731, 37.76881 ], [ -81.583211, 37.776415 ], [ -81.596932, 37.78671 ], [ -81.607532, 37.788709 ], [ -81.620433, 37.801209 ], [ -81.632333, 37.803409 ], [ -81.635433, 37.811108 ], [ -81.646434, 37.817808 ], [ -81.644034, 37.823208 ], [ -81.650134, 37.825808 ], [ -81.648034, 37.830308 ], [ -81.654734, 37.828608 ], [ -81.658735, 37.834408 ], [ -81.667535, 37.829208 ], [ -81.679935, 37.830607 ], [ -81.690936, 37.821707 ], [ -81.698636, 37.824107 ], [ -81.707936, 37.812507 ], [ -81.723136, 37.809607 ], [ -81.732637, 37.816807 ], [ -81.730637, 37.824707 ], [ -81.744738, 37.829107 ], [ -81.750439, 37.838334 ], [ -81.745938, 37.844106 ], [ -81.762338, 37.849006 ], [ -81.767239, 37.855906 ], [ -81.774439, 37.853806 ], [ -81.771639, 37.861906 ], [ -81.782239, 37.867205 ], [ -81.759139, 37.885105 ], [ -81.757039, 37.892505 ], [ -81.759639, 37.903405 ], [ -81.764439, 37.905305 ], [ -81.760639, 37.911305 ], [ -81.77254, 37.912904 ], [ -81.781441, 37.934504 ], [ -81.801141, 37.936304 ], [ -81.814567, 37.94724 ], [ -81.873575, 37.952249 ], [ -81.903206, 37.949798 ], [ -81.902611, 37.953122 ], [ -81.910942, 37.955575 ], [ -81.902181, 37.960072 ], [ -81.902245, 37.968702 ], [ -81.912346, 37.975501 ], [ -81.936847, 37.977401 ], [ -81.949947, 37.971801 ], [ -81.977548, 37.9823 ], [ -81.97993, 37.991029 ], [ -81.960694, 38.007538 ], [ -81.92836, 38.028175 ], [ -81.90516, 38.029757 ], [ -81.917688, 38.035444 ], [ -81.950948, 38.037908 ], [ -81.968172, 38.045809 ], [ -81.973052, 38.064949 ] ] ] } },
{ "type": "Feature", "properties": { "fipsCode": 18011, "stateAbbr": "IN", "NAME": "Boone", "NAMELSAD": "Boone County" }, "geometry": { "type": "Polygon", "coordinates": [ [ [ -86.240736, 39.926062 ], [ -86.695071, 39.92277 ], [ -86.695804, 40.178657 ], [ -86.242365, 40.180778 ], [ -86.240736, 39.926062 ] ] ] } },
{ "type": "Feature", "properties": { "fipsCode": 39009, "stateAbbr": "OH", "NAME": "Athens", "NAMELSAD": "Athens County" }, "geometry": { "type": "Polygon", "coordinates": [ [ [ -82.055779, 39.460053 ], [ -81.844863, 39.450216 ], [ -81.853668, 39.318165 ], [ -81.834635, 39.317563 ], [ -81.835447, 39.302807 ], [ -81.816614, 39.302058 ], [ -81.818361, 39.272581 ], [ -81.721808, 39.269597 ], [ -81.725622, 39.215905 ], [ -81.736874, 39.192628 ], [ -81.75608, 39.18056 ], [ -82.268583, 39.20376 ], [ -82.260243, 39.292915 ], [ -82.298476, 39.294996 ], [ -82.28041, 39.472906 ], [ -82.167379, 39.466307 ], [ -82.159161, 39.556574 ], [ -82.047528, 39.550825 ], [ -82.055779, 39.460053 ] ] ] } },
{ "type": "Feature", "properties": { "fipsCode": 39081, "stateAbbr": "OH", "NAME": "Jefferson", "NAMELSAD": "Jefferson County" }, "geometry": { "type": "Polygon", "coordinates": [ [ [ -80.66154, 40.229812 ], [ -80.668083, 40.199689 ], [ -80.70275, 40.157249 ], [ -80.882892, 40.159495 ], [ -80.872266, 40.373721 ], [ -80.871553, 40.379458 ], [ -80.867201, 40.379378 ], [ -80.865504, 40.422929 ], [ -80.941911, 40.4247 ], [ -80.940153, 40.468349 ], [ -80.924566, 40.467975 ], [ -80.92092, 40.556315 ], [ -80.863567, 40.555411 ], [ -80.861994, 40.599404 ], [ -80.747112, 40.596991 ], [ -80.74732, 40.583327 ], [ -80.667957, 40.582496 ], [ -80.664372, 40.570016 ], [ -80.627139, 40.535185 ], [ -80.618003, 40.502049 ], [ -80.599194, 40.482566 ], [ -80.594664, 40.471389 ], [ -80.612195, 40.434838 ], [ -80.612325, 40.402762 ], [ -80.632732, 40.390505 ], [ -80.631392, 40.385696 ], [ -80.609686, 40.37495 ], [ -80.612795, 40.347669 ], [ -80.599895, 40.317666 ], [ -80.614886, 40.291971 ], [ -80.619297, 40.26517 ], [ -80.646793, 40.249676 ], [ -80.66154, 40.229812 ] ] ] } },
{ "type": "Feature", "properties": { "fipsCode": 54083, "stateAbbr": "WV", "NAME": "Randolph", "NAMELSAD": "Randolph County" }, "geometry": { "type": "Polygon", "coordinates": [ [ [ -79.793483, 38.716011 ], [ -79.802483, 38.710011 ], [ -79.798283, 38.703211 ], [ -79.808983, 38.691512 ], [ -79.807983, 38.682912 ], [ -79.814583, 38.676712 ], [ -79.821583, 38.656412 ], [ -79.833783, 38.647612 ], [ -79.830243, 38.636519 ], [ -79.838383, 38.628613 ], [ -79.846683, 38.629613 ], [ -79.842283, 38.608113 ], [ -79.856483, 38.583614 ], [ -79.86325, 38.55082 ], [ -80.028404, 38.459166 ], [ -80.11692, 38.473953 ], [ -80.245518, 38.388457 ], [ -80.183931, 38.525386 ], [ -80.280059, 38.694867 ], [ -80.236831, 38.743765 ], [ -80.126105, 38.745836 ], [ -80.098387, 38.840549 ], [ -80.109384, 38.897337 ], [ -80.102813, 38.900225 ], [ -80.101508, 38.908585 ], [ -80.090539, 38.914199 ], [ -80.088392, 38.923979 ], [ -80.097326, 38.927954 ], [ -80.087461, 38.934265 ], [ -80.090274, 38.940105 ], [ -80.082131, 38.944757 ], [ -80.085062, 38.947236 ], [ -79.895993, 38.973404 ], [ -79.865893, 39.063403 ], [ -79.860593, 39.068503 ], [ -79.863193, 39.072703 ], [ -79.849593, 39.094903 ], [ -79.838092, 39.095103 ], [ -79.827092, 39.102803 ], [ -79.822691, 39.117803 ], [ -79.799389, 39.108003 ], [ -79.775289, 39.076604 ], [ -79.776989, 39.046505 ], [ -79.785685, 39.037404 ], [ -79.508765, 38.975173 ], [ -79.503815, 38.969929 ], [ -79.494634, 38.97749 ], [ -79.434468, 38.976404 ], [ -79.379268, 38.96581 ], [ -79.364468, 38.96711 ], [ -79.349366, 38.958409 ], [ -79.367968, 38.92481 ], [ -79.374868, 38.92081 ], [ -79.41567, 38.92301 ], [ -79.443371, 38.93261 ], [ -79.455472, 38.92991 ], [ -79.456972, 38.92461 ], [ -79.444471, 38.89861 ], [ -79.482873, 38.88631 ], [ -79.505674, 38.89351 ], [ -79.519674, 38.89201 ], [ -79.510074, 38.87581 ], [ -79.512674, 38.867211 ], [ -79.539075, 38.841411 ], [ -79.523173, 38.830214 ], [ -79.529771, 38.819315 ], [ -79.507873, 38.800911 ], [ -79.508573, 38.784412 ], [ -79.515773, 38.779412 ], [ -79.534273, 38.747712 ], [ -79.543174, 38.746512 ], [ -79.545373, 38.737212 ], [ -79.556874, 38.731212 ], [ -79.564332, 38.713153 ], [ -79.571013, 38.713602 ], [ -79.588174, 38.689513 ], [ -79.597675, 38.687614 ], [ -79.601468, 38.678704 ], [ -79.595556, 38.663052 ], [ -79.623075, 38.668814 ], [ -79.629475, 38.660414 ], [ -79.635476, 38.661114 ], [ -79.627076, 38.678913 ], [ -79.643676, 38.680713 ], [ -79.660976, 38.690212 ], [ -79.678576, 38.681911 ], [ -79.678977, 38.664512 ], [ -79.697778, 38.666113 ], [ -79.701878, 38.679913 ], [ -79.710179, 38.685713 ], [ -79.725378, 38.679111 ], [ -79.73898, 38.679513 ], [ -79.74388, 38.686412 ], [ -79.73768, 38.691512 ], [ -79.73718, 38.707412 ], [ -79.73058, 38.712012 ], [ -79.750881, 38.721912 ], [ -79.754082, 38.733511 ], [ -79.759682, 38.736011 ], [ -79.780483, 38.738011 ], [ -79.793483, 38.716011 ] ] ] } },
{ "type": "Feature", "properties": { "fipsCode": 54049, "stateAbbr": "WV", "NAME": "Marion", "NAMELSAD": "Marion County" }, "geometry": { "type": "Polygon", "coordinates": [ [ [ -80.111011, 39.571743 ], [ -80.04324, 39.523009 ], [ -80.038448, 39.51639 ], [ -80.047086, 39.514272 ], [ -80.039217, 39.507323 ], [ -80.015794, 39.502027 ], [ -80.017619, 39.494578 ], [ -80.011606, 39.487446 ], [ -79.996753, 39.487289 ], [ -79.967959, 39.462978 ], [ -79.938878, 39.452465 ], [ -80.011024, 39.417601 ], [ -80.025001, 39.401446 ], [ -80.087334, 39.386215 ], [ -80.107487, 39.409886 ], [ -80.120648, 39.401208 ], [ -80.196286, 39.3927 ], [ -80.282457, 39.435749 ], [ -80.289762, 39.432172 ], [ -80.290799, 39.435769 ], [ -80.494085, 39.469599 ], [ -80.489887, 39.482514 ], [ -80.475325, 39.48175 ], [ -80.467421, 39.503243 ], [ -80.485934, 39.520373 ], [ -80.486344, 39.536796 ], [ -80.494555, 39.545655 ], [ -80.498163, 39.563327 ], [ -80.491016, 39.570153 ], [ -80.49287, 39.575652 ], [ -80.480278, 39.583408 ], [ -80.478771, 39.597333 ], [ -80.461842, 39.601443 ], [ -80.450435, 39.596141 ], [ -80.446683, 39.604425 ], [ -80.449417, 39.612707 ], [ -80.43757, 39.614163 ], [ -80.433841, 39.620268 ], [ -80.443387, 39.62954 ], [ -80.427905, 39.640734 ], [ -80.411933, 39.641359 ], [ -80.403676, 39.631791 ], [ -80.39581, 39.637347 ], [ -80.385294, 39.632624 ], [ -80.3677, 39.633563 ], [ -80.360257, 39.620618 ], [ -80.347466, 39.611665 ], [ -80.330058, 39.614838 ], [ -80.322565, 39.610755 ], [ -80.153532, 39.610426 ], [ -80.153242, 39.606458 ], [ -80.146198, 39.606594 ], [ -80.142242, 39.596264 ], [ -80.133278, 39.594624 ], [ -80.135426, 39.589392 ], [ -80.130966, 39.583249 ], [ -80.110721, 39.576844 ], [ -80.111011, 39.571743 ] ] ] } },
{ "type": "Feature", "properties": { "fipsCode": 18051, "stateAbbr": "IN", "NAME": "Gibson", "NAMELSAD": "Gibson County" }, "geometry": { "type": "Polygon", "coordinates": [ [ [ -87.466744, 38.201286 ], [ -87.467308, 38.16538 ], [ -87.688374, 38.168419 ], [ -87.688208, 38.201001 ], [ -87.799677, 38.201944 ], [ -87.799169, 38.22858 ], [ -87.983732, 38.230354 ], [ -87.979789, 38.241661 ], [ -87.988123, 38.256451 ], [ -87.981868, 38.256444 ], [ -87.972259, 38.247039 ], [ -87.968968, 38.237389 ], [ -87.960225, 38.237118 ], [ -87.95761, 38.250046 ], [ -87.94303, 38.25779 ], [ -87.952125, 38.273763 ], [ -87.940285, 38.281064 ], [ -87.934844, 38.295145 ], [ -87.921423, 38.299343 ], [ -87.909536, 38.296061 ], [ -87.908529, 38.290957 ], [ -87.91947, 38.274547 ], [ -87.91012, 38.268108 ], [ -87.887849, 38.285299 ], [ -87.879389, 38.306507 ], [ -87.870537, 38.31222 ], [ -87.860453, 38.305372 ], [ -87.866248, 38.28998 ], [ -87.863032, 38.280172 ], [ -87.856605, 38.275522 ], [ -87.845937, 38.276667 ], [ -87.831523, 38.296727 ], [ -87.832723, 38.324853 ], [ -87.822721, 38.346912 ], [ -87.806075, 38.363143 ], [ -87.77905, 38.371642 ], [ -87.743691, 38.414387 ], [ -87.708652, 38.418659 ], [ -87.680848, 38.431762 ], [ -87.664162, 38.430874 ], [ -87.662085, 38.436714 ], [ -87.671499, 38.440445 ], [ -87.673481, 38.446475 ], [ -87.664128, 38.449218 ], [ -87.65681, 38.458649 ], [ -87.650741, 38.457111 ], [ -87.655749, 38.452396 ], [ -87.652842, 38.449209 ], [ -87.639268, 38.455523 ], [ -87.635238, 38.442229 ], [ -87.625273, 38.449554 ], [ -87.611904, 38.446622 ], [ -87.599317, 38.450721 ], [ -87.579882, 38.484376 ], [ -87.586726, 38.491526 ], [ -87.585893, 38.497784 ], [ -87.580721, 38.500017 ], [ -87.570021, 38.490582 ], [ -87.541064, 38.492044 ], [ -87.549462, 38.511645 ], [ -87.543127, 38.518059 ], [ -87.529952, 38.514431 ], [ -87.531494, 38.498859 ], [ -87.516138, 38.50381 ], [ -87.494169, 38.494622 ], [ -87.491755, 38.505286 ], [ -87.473805, 38.51278 ], [ -87.472189, 38.520268 ], [ -87.479159, 38.52748 ], [ -87.469977, 38.52039 ], [ -87.46943, 38.53066 ], [ -87.462892, 38.533519 ], [ -87.462486, 38.46561 ], [ -87.444503, 38.465489 ], [ -87.444549, 38.436125 ], [ -87.407327, 38.43632 ], [ -87.407583, 38.375501 ], [ -87.39817, 38.374647 ], [ -87.397527, 38.380564 ], [ -87.393396, 38.376302 ], [ -87.393472, 38.381915 ], [ -87.387893, 38.383028 ], [ -87.385348, 38.3754 ], [ -87.379841, 38.38347 ], [ -87.376528, 38.377137 ], [ -87.372551, 38.38167 ], [ -87.370031, 38.376907 ], [ -87.357647, 38.382413 ], [ -87.357244, 38.387894 ], [ -87.347675, 38.385946 ], [ -87.349944, 38.381906 ], [ -87.34033, 38.38725 ], [ -87.339687, 38.3788 ], [ -87.330889, 38.381739 ], [ -87.327703, 38.377785 ], [ -87.324072, 38.38366 ], [ -87.324316, 38.377866 ], [ -87.320384, 38.377327 ], [ -87.319153, 38.383066 ], [ -87.315739, 38.380787 ], [ -87.31703, 38.201753 ], [ -87.466744, 38.201286 ] ] ] } },
{ "type": "Feature", "properties": { "fipsCode": 39005, "stateAbbr": "OH", "NAME": "Ashland", "NAMELSAD": "Ashland County" }, "geometry": { "type": "Polygon", "coordinates": [ [ [ -82.220672, 40.66736 ], [ -82.220268, 40.568187 ], [ -82.336962, 40.555001 ], [ -82.339211, 40.726683 ], [ -82.378397, 40.727145 ], [ -82.378748, 40.786826 ], [ -82.389791, 40.796131 ], [ -82.388559, 40.808169 ], [ -82.407759, 40.808247 ], [ -82.407999, 40.814567 ], [ -82.416847, 40.814567 ], [ -82.420831, 40.823446 ], [ -82.415488, 40.828424 ], [ -82.4179, 40.992938 ], [ -82.432852, 40.992944 ], [ -82.436916, 41.065379 ], [ -82.171492, 41.063537 ], [ -82.173359, 40.992046 ], [ -82.129334, 40.991807 ], [ -82.12501, 40.886263 ], [ -82.126196, 40.668357 ], [ -82.220672, 40.66736 ] ] ] } },
{ "type": "Feature", "properties": { "fipsCode": 39071, "stateAbbr": "OH", "NAME": "Highland", "NAMELSAD": "Highland County" }, "geometry": { "type": "Polygon", "coordinates": [ [ [ -83.385637, 39.055197 ], [ -83.611592, 39.01889 ], [ -83.872214, 39.021304 ], [ -83.865679, 39.247333 ], [ -83.834404, 39.245715 ], [ -83.835869, 39.223304 ], [ -83.808649, 39.224496 ], [ -83.784793, 39.262888 ], [ -83.590878, 39.378736 ], [ -83.372714, 39.377416 ], [ -83.380254, 39.356608 ], [ -83.375073, 39.347827 ], [ -83.38699, 39.322018 ], [ -83.383087, 39.296901 ], [ -83.376629, 39.290944 ], [ -83.381297, 39.278361 ], [ -83.393167, 39.274858 ], [ -83.393794, 39.268048 ], [ -83.37855, 39.259457 ], [ -83.381125, 39.249618 ], [ -83.362351, 39.240576 ], [ -83.355391, 39.250375 ], [ -83.346628, 39.252661 ], [ -83.347847, 39.232847 ], [ -83.343479, 39.233216 ], [ -83.385637, 39.055197 ] ] ] } },
{ "type": "Feature", "properties": { "fipsCode": 42001, "stateAbbr": "PA", "NAME": "Adams", "NAMELSAD": "Adams County" }, "geometry": { "type": "Polygon", "coordinates": [ [ [ -76.999679, 39.83128 ], [ -76.999318, 39.720106 ], [ -77.459134, 39.719984 ], [ -77.471085, 39.944077 ], [ -77.403606, 39.994478 ], [ -77.18563, 40.029501 ], [ -77.137425, 40.069945 ], [ -77.127631, 40.068616 ], [ -77.091975, 40.053636 ], [ -77.068485, 40.028872 ], [ -77.018648, 40.013947 ], [ -76.966202, 39.935192 ], [ -76.972603, 39.934138 ], [ -76.970243, 39.921362 ], [ -76.964937, 39.922039 ], [ -76.966983, 39.916183 ], [ -76.981602, 39.905309 ], [ -76.983959, 39.893574 ], [ -76.973983, 39.874365 ], [ -76.96362, 39.874017 ], [ -76.954932, 39.85685 ], [ -76.978543, 39.847727 ], [ -76.990663, 39.834348 ], [ -76.999679, 39.83128 ] ] ] } },
{ "type": "Feature", "properties": { "fipsCode": 18021, "stateAbbr": "IN", "NAME": "Clay", "NAMELSAD": "Clay County" }, "geometry": { "type": "Polygon", "coordinates": [ [ [ -87.053646, 39.342621 ], [ -87.054578, 39.168086 ], [ -87.240737, 39.171773 ], [ -87.238964, 39.52062 ], [ -87.200107, 39.519858 ], [ -87.199012, 39.607137 ], [ -87.013062, 39.604787 ], [ -87.014727, 39.47378 ], [ -86.939981, 39.473345 ], [ -86.942473, 39.342043 ], [ -87.053646, 39.342621 ] ] ] } },
{ "type": "Feature", "properties": { "fipsCode": 54027, "stateAbbr": "WV", "NAME": "Hampshire", "NAMELSAD": "Hampshire County" }, "geometry": { "type": "Polygon", "coordinates": [ [ [ -78.979898, 39.237624 ], [ -78.956699, 39.262694 ], [ -78.946055, 39.264947 ], [ -78.926616, 39.278869 ], [ -78.919005, 39.297 ], [ -78.883723, 39.328364 ], [ -78.866854, 39.325892 ], [ -78.850906, 39.330866 ], [ -78.841251, 39.351632 ], [ -78.834167, 39.352278 ], [ -78.810684, 39.376623 ], [ -78.793842, 39.404639 ], [ -78.789594, 39.42456 ], [ -78.773458, 39.442865 ], [ -78.766595, 39.447469 ], [ -78.75762, 39.443606 ], [ -78.749742, 39.455295 ], [ -78.739267, 39.457231 ], [ -78.73681, 39.463934 ], [ -78.729843, 39.463205 ], [ -78.703567, 39.497536 ], [ -78.690438, 39.502791 ], [ -78.657856, 39.534974 ], [ -78.623101, 39.539695 ], [ -78.60257, 39.532029 ], [ -78.592136, 39.536957 ], [ -78.587606, 39.527721 ], [ -78.566115, 39.519371 ], [ -78.523086, 39.524854 ], [ -78.503279, 39.518582 ], [ -78.468268, 39.516551 ], [ -78.398579, 39.483677 ], [ -78.347087, 39.466012 ], [ -78.346546, 39.442616 ], [ -78.353227, 39.436792 ], [ -78.346718, 39.427618 ], [ -78.359918, 39.409028 ], [ -78.349436, 39.397252 ], [ -78.350924, 39.390985 ], [ -78.343214, 39.388807 ], [ -78.366867, 39.35929 ], [ -78.340415, 39.353628 ], [ -78.339284, 39.348605 ], [ -78.347409, 39.343402 ], [ -78.360035, 39.317771 ], [ -78.364074, 39.31882 ], [ -78.367242, 39.310148 ], [ -78.393371, 39.282988 ], [ -78.402886, 39.278624 ], [ -78.419422, 39.257476 ], [ -78.399669, 39.243874 ], [ -78.405585, 39.231176 ], [ -78.438695, 39.198093 ], [ -78.424905, 39.193301 ], [ -78.426315, 39.182762 ], [ -78.403697, 39.167451 ], [ -78.427294, 39.152726 ], [ -78.439429, 39.132146 ], [ -78.459869, 39.113351 ], [ -78.484283, 39.107372 ], [ -78.508132, 39.08863 ], [ -78.561282, 39.131444 ], [ -78.602332, 39.140367 ], [ -78.623555, 39.118509 ], [ -78.639924, 39.126963 ], [ -78.656859, 39.125667 ], [ -78.691399, 39.146635 ], [ -78.732971, 39.149922 ], [ -78.898981, 39.198869 ], [ -78.979898, 39.237624 ] ] ] } },
{ "type": "Feature", "properties": { "fipsCode": 18081, "stateAbbr": "IN", "NAME": "Johnson", "NAMELSAD": "Johnson County" }, "geometry": { "type": "Polygon", "coordinates": [ [ [ -85.952005, 39.347373 ], [ -86.251684, 39.341672 ], [ -86.249885, 39.633645 ], [ -85.95208, 39.638345 ], [ -85.952005, 39.347373 ] ] ] } },
{ "type": "Feature", "properties": { "fipsCode": 18161, "stateAbbr": "IN", "NAME": "Union", "NAMELSAD": "Union County" }, "geometry": { "type": "Polygon", "coordinates": [ [ [ -85.036087, 39.526213 ], [ -85.034408, 39.729263 ], [ -84.814373, 39.72662 ], [ -84.815353, 39.52195 ], [ -85.036087, 39.526213 ] ] ] } },
{ "type": "Feature", "properties": { "fipsCode": 42033, "stateAbbr": "PA", "NAME": "Clearfield", "NAMELSAD": "Clearfield County" }, "geometry": { "type": "Polygon", "coordinates": [ [ [ -78.27001, 40.846984 ], [ -78.29055, 40.848244 ], [ -78.290471, 40.842596 ], [ -78.302254, 40.83412 ], [ -78.299383, 40.82456 ], [ -78.313199, 40.809053 ], [ -78.339324, 40.798115 ], [ -78.343932, 40.790561 ], [ -78.341794, 40.782517 ], [ -78.351586, 40.775555 ], [ -78.352252, 40.768579 ], [ -78.365436, 40.764457 ], [ -78.376031, 40.754497 ], [ -78.366422, 40.736068 ], [ -78.348389, 40.72343 ], [ -78.801726, 40.724618 ], [ -78.806322, 40.735226 ], [ -78.804532, 41.132186 ], [ -78.766377, 41.202759 ], [ -78.710248, 41.201859 ], [ -78.647947, 41.21746 ], [ -78.646666, 41.253778 ], [ -78.236817, 41.230475 ], [ -78.093381, 41.216931 ], [ -78.061007, 41.174539 ], [ -78.038171, 41.153603 ], [ -78.04344, 41.146508 ], [ -78.052733, 41.145317 ], [ -78.056026, 41.131995 ], [ -78.069745, 41.131273 ], [ -78.070417, 41.121878 ], [ -78.082989, 41.126305 ], [ -78.089202, 41.116038 ], [ -78.100345, 41.121783 ], [ -78.11225, 41.11364 ], [ -78.092671, 41.079562 ], [ -78.097184, 41.072349 ], [ -78.085098, 41.068114 ], [ -78.09036, 41.058171 ], [ -78.076091, 41.059864 ], [ -78.071396, 41.049918 ], [ -78.05937, 41.051174 ], [ -78.06408, 41.045913 ], [ -78.057719, 41.036925 ], [ -78.080312, 41.030655 ], [ -78.071255, 41.026582 ], [ -78.075599, 41.022185 ], [ -78.067889, 41.019484 ], [ -78.069383, 41.013495 ], [ -78.060347, 41.01241 ], [ -78.055705, 41.00486 ], [ -78.064831, 41.003888 ], [ -78.061923, 40.995219 ], [ -78.086566, 40.994205 ], [ -78.082089, 40.984185 ], [ -78.090522, 40.980881 ], [ -78.091684, 40.972853 ], [ -78.096779, 40.97304 ], [ -78.085252, 40.969048 ], [ -78.078105, 40.956447 ], [ -78.108953, 40.950455 ], [ -78.120269, 40.94193 ], [ -78.121482, 40.947129 ], [ -78.133862, 40.946741 ], [ -78.130621, 40.951341 ], [ -78.136376, 40.956021 ], [ -78.129913, 40.962191 ], [ -78.133693, 40.967042 ], [ -78.144284, 40.948588 ], [ -78.146853, 40.956586 ], [ -78.167698, 40.960971 ], [ -78.169254, 40.953221 ], [ -78.159487, 40.954261 ], [ -78.15581, 40.941437 ], [ -78.171873, 40.936377 ], [ -78.181655, 40.92231 ], [ -78.220757, 40.912075 ], [ -78.22914, 40.899674 ], [ -78.221001, 40.889013 ], [ -78.232938, 40.878392 ], [ -78.242146, 40.881729 ], [ -78.249509, 40.877164 ], [ -78.235618, 40.873785 ], [ -78.248975, 40.869519 ], [ -78.248069, 40.85644 ], [ -78.260328, 40.854797 ], [ -78.27001, 40.846984 ] ] ] } },
{ "type": "Feature", "properties": { "fipsCode": 42107, "stateAbbr": "PA", "NAME": "Schuylkill", "NAMELSAD": "Schuylkill County" }, "geometry": { "type": "Polygon", "coordinates": [ [ [ -76.012226, 40.577713 ], [ -76.033843, 40.577259 ], [ -76.042524, 40.583951 ], [ -76.053014, 40.574169 ], [ -76.065339, 40.579678 ], [ -76.07944, 40.566098 ], [ -76.132034, 40.554414 ], [ -76.171624, 40.534947 ], [ -76.218074, 40.529017 ], [ -76.256008, 40.517067 ], [ -76.338228, 40.515536 ], [ -76.415912, 40.496022 ], [ -76.440181, 40.495952 ], [ -76.701624, 40.658082 ], [ -76.700249, 40.663341 ], [ -76.30717, 40.801809 ], [ -76.284611, 40.883588 ], [ -76.207827, 40.94974 ], [ -76.028006, 40.902313 ], [ -75.997636, 40.913259 ], [ -75.886037, 40.816267 ], [ -75.757807, 40.735414 ], [ -75.77769, 40.729534 ], [ -75.807789, 40.707492 ], [ -75.993212, 40.639712 ], [ -76.012226, 40.577713 ] ] ] } },
{ "type": "Feature", "properties": { "fipsCode": 54017, "stateAbbr": "WV", "NAME": "Doddridge", "NAMELSAD": "Doddridge County" }, "geometry": { "type": "Polygon", "coordinates": [ [ [ -80.816446, 39.350283 ], [ -80.733245, 39.395528 ], [ -80.713324, 39.43025 ], [ -80.697232, 39.432428 ], [ -80.694026, 39.426307 ], [ -80.683279, 39.430804 ], [ -80.67703, 39.42764 ], [ -80.658711, 39.433012 ], [ -80.65325, 39.441439 ], [ -80.614614, 39.450635 ], [ -80.59878, 39.440956 ], [ -80.596471, 39.449676 ], [ -80.581124, 39.450557 ], [ -80.578803, 39.43454 ], [ -80.55946, 39.439264 ], [ -80.558153, 39.432929 ], [ -80.545863, 39.431927 ], [ -80.543734, 39.423232 ], [ -80.537927, 39.422539 ], [ -80.539076, 39.41029 ], [ -80.548007, 39.401312 ], [ -80.538209, 39.386683 ], [ -80.544096, 39.36648 ], [ -80.531808, 39.360121 ], [ -80.557302, 39.337107 ], [ -80.565098, 39.319894 ], [ -80.582404, 39.316366 ], [ -80.586237, 39.30353 ], [ -80.592559, 39.303752 ], [ -80.604301, 39.286047 ], [ -80.577764, 39.282151 ], [ -80.577497, 39.276299 ], [ -80.588077, 39.266979 ], [ -80.58743, 39.261111 ], [ -80.547068, 39.234786 ], [ -80.551521, 39.226671 ], [ -80.565418, 39.23138 ], [ -80.566213, 39.220963 ], [ -80.554438, 39.214161 ], [ -80.546055, 39.216504 ], [ -80.529293, 39.212 ], [ -80.525644, 39.209034 ], [ -80.532358, 39.200653 ], [ -80.528449, 39.196119 ], [ -80.538207, 39.195351 ], [ -80.547898, 39.186551 ], [ -80.554441, 39.192193 ], [ -80.561471, 39.178719 ], [ -80.57557, 39.175158 ], [ -80.591766, 39.182697 ], [ -80.589736, 39.171044 ], [ -80.599801, 39.159698 ], [ -80.617108, 39.154105 ], [ -80.62962, 39.139239 ], [ -80.644259, 39.136921 ], [ -80.656934, 39.141119 ], [ -80.662896, 39.137847 ], [ -80.664446, 39.129732 ], [ -80.681748, 39.121198 ], [ -80.681193, 39.11204 ], [ -80.687616, 39.109699 ], [ -80.701037, 39.090278 ], [ -80.81297, 39.109401 ], [ -80.91384, 39.272947 ], [ -80.816446, 39.350283 ] ] ] } },
{ "type": "Feature", "properties": { "fipsCode": 54105, "stateAbbr": "WV", "NAME": "Wirt", "NAMELSAD": "Wirt County" }, "geometry": { "type": "Polygon", "coordinates": [ [ [ -81.581447, 39.026179 ], [ -81.424906, 39.135679 ], [ -81.403148, 39.137276 ], [ -81.298017, 39.185572 ], [ -81.296053, 39.181392 ], [ -81.30197, 39.182052 ], [ -81.297757, 39.17821 ], [ -81.318908, 39.163388 ], [ -81.310569, 39.157942 ], [ -81.329158, 39.150206 ], [ -81.324047, 39.142568 ], [ -81.299848, 39.129856 ], [ -81.287311, 39.132432 ], [ -81.28717, 39.125695 ], [ -81.277429, 39.118284 ], [ -81.276382, 39.108016 ], [ -81.261043, 39.103412 ], [ -81.263542, 39.098685 ], [ -81.257997, 39.094669 ], [ -81.257225, 39.071805 ], [ -81.261838, 39.065479 ], [ -81.272439, 39.063879 ], [ -81.273739, 39.058679 ], [ -81.253681, 39.05607 ], [ -81.248929, 39.040945 ], [ -81.253369, 39.038007 ], [ -81.24909, 39.034496 ], [ -81.242037, 39.03818 ], [ -81.228238, 39.03228 ], [ -81.224738, 39.04088 ], [ -81.210741, 39.045181 ], [ -81.202807, 39.038101 ], [ -81.179378, 39.041412 ], [ -81.173768, 39.033864 ], [ -81.162455, 39.030608 ], [ -81.27269, 38.936338 ], [ -81.266365, 38.926185 ], [ -81.277547, 38.9243 ], [ -81.274015, 38.918719 ], [ -81.278412, 38.914867 ], [ -81.343911, 38.895633 ], [ -81.415086, 38.920725 ], [ -81.448148, 38.941645 ], [ -81.467363, 38.927503 ], [ -81.493409, 38.925642 ], [ -81.501198, 38.917961 ], [ -81.51293, 38.918788 ], [ -81.51438, 38.925116 ], [ -81.520384, 38.925822 ], [ -81.516185, 38.930795 ], [ -81.519358, 38.936098 ], [ -81.533761, 38.9459 ], [ -81.538774, 38.944678 ], [ -81.550034, 38.960344 ], [ -81.545324, 38.971528 ], [ -81.529565, 38.977464 ], [ -81.537153, 38.990164 ], [ -81.532248, 39.005818 ], [ -81.581447, 39.026179 ] ] ] } },
{ "type": "Feature", "properties": { "fipsCode": 54095, "stateAbbr": "WV", "NAME": "Tyler", "NAMELSAD": "Tyler County" }, "geometry": { "type": "Polygon", "coordinates": [ [ [ -81.043807, 39.536939 ], [ -80.943782, 39.606926 ], [ -80.886043, 39.58031 ], [ -80.852182, 39.602048 ], [ -80.846393, 39.601091 ], [ -80.848939, 39.589228 ], [ -80.827226, 39.576318 ], [ -80.829959, 39.565545 ], [ -80.821934, 39.56164 ], [ -80.823203, 39.554462 ], [ -80.806708, 39.561575 ], [ -80.802178, 39.555118 ], [ -80.782831, 39.547705 ], [ -80.784133, 39.536286 ], [ -80.765014, 39.52455 ], [ -80.756978, 39.52504 ], [ -80.753691, 39.518758 ], [ -80.740849, 39.512823 ], [ -80.735608, 39.491132 ], [ -80.722703, 39.491122 ], [ -80.716122, 39.475531 ], [ -80.685995, 39.470495 ], [ -80.68023, 39.478022 ], [ -80.672234, 39.477626 ], [ -80.671106, 39.464214 ], [ -80.649543, 39.469649 ], [ -80.618629, 39.450375 ], [ -80.632459, 39.443557 ], [ -80.636905, 39.446962 ], [ -80.641314, 39.4421 ], [ -80.65325, 39.441439 ], [ -80.658711, 39.433012 ], [ -80.67703, 39.42764 ], [ -80.683279, 39.430804 ], [ -80.694026, 39.426307 ], [ -80.697232, 39.432428 ], [ -80.714502, 39.429649 ], [ -80.733245, 39.395528 ], [ -80.829445, 39.343228 ], [ -80.888744, 39.294298 ], [ -80.889753, 39.300657 ], [ -80.883952, 39.307767 ], [ -80.891448, 39.314912 ], [ -80.892453, 39.325179 ], [ -80.88395, 39.332717 ], [ -80.88248, 39.358395 ], [ -80.897546, 39.373299 ], [ -80.903441, 39.373038 ], [ -80.904438, 39.378121 ], [ -80.910284, 39.374899 ], [ -80.918971, 39.384162 ], [ -80.93214, 39.389119 ], [ -80.937403, 39.386565 ], [ -80.942849, 39.378407 ], [ -80.941875, 39.362797 ], [ -80.957714, 39.340073 ], [ -80.981939, 39.347221 ], [ -80.99452, 39.341056 ], [ -81.006731, 39.344678 ], [ -81.015331, 39.410677 ], [ -81.029337, 39.467383 ], [ -81.061269, 39.476432 ], [ -81.054218, 39.467969 ], [ -81.056671, 39.463404 ], [ -81.078895, 39.467556 ], [ -81.09565, 39.457181 ], [ -81.106885, 39.463571 ], [ -81.121533, 39.457775 ], [ -81.092434, 39.496075 ], [ -81.043807, 39.536939 ] ] ] } },
{ "type": "Feature", "properties": { "fipsCode": 18127, "stateAbbr": "IN", "NAME": "Porter", "NAMELSAD": "Porter County" }, "geometry": { "type": "Polygon", "coordinates": [ [ [ -87.218862, 41.242027 ], [ -87.221, 41.760889 ], [ -86.933334, 41.761035 ], [ -86.92956, 41.249079 ], [ -86.930079, 41.236798 ], [ -86.937335, 41.23044 ], [ -86.968125, 41.219658 ], [ -86.977017, 41.221549 ], [ -87.059724, 41.26952 ], [ -87.122124, 41.286365 ], [ -87.192361, 41.265289 ], [ -87.218862, 41.242027 ] ] ] } },
{ "type": "Feature", "properties": { "fipsCode": 18165, "stateAbbr": "IN", "NAME": "Vermillion", "NAMELSAD": "Vermillion County" }, "geometry": { "type": "Polygon", "coordinates": [ [ [ -87.532194, 39.607306 ], [ -87.531449, 40.148127 ], [ -87.490455, 40.148422 ], [ -87.49041, 40.127406 ], [ -87.406667, 40.127508 ], [ -87.417438, 40.058684 ], [ -87.431499, 40.047748 ], [ -87.424224, 40.039872 ], [ -87.4354, 40.023509 ], [ -87.433385, 39.994188 ], [ -87.427393, 39.981944 ], [ -87.431317, 39.96934 ], [ -87.440263, 39.960303 ], [ -87.420517, 39.954001 ], [ -87.43319, 39.931384 ], [ -87.420627, 39.925737 ], [ -87.406261, 39.928024 ], [ -87.405186, 39.923778 ], [ -87.413199, 39.918904 ], [ -87.411313, 39.915315 ], [ -87.378593, 39.902769 ], [ -87.367834, 39.887184 ], [ -87.378421, 39.875038 ], [ -87.353863, 39.862077 ], [ -87.369129, 39.839981 ], [ -87.385538, 39.833365 ], [ -87.384676, 39.80869 ], [ -87.374764, 39.793053 ], [ -87.374279, 39.777844 ], [ -87.380567, 39.766766 ], [ -87.377371, 39.743036 ], [ -87.384418, 39.718573 ], [ -87.379767, 39.708178 ], [ -87.385584, 39.700066 ], [ -87.38152, 39.693401 ], [ -87.390549, 39.675391 ], [ -87.388756, 39.663893 ], [ -87.395982, 39.652866 ], [ -87.391845, 39.634059 ], [ -87.381442, 39.617354 ], [ -87.382418, 39.607937 ], [ -87.532194, 39.607306 ] ] ] } },
{ "type": "Feature", "properties": { "fipsCode": 42131, "stateAbbr": "PA", "NAME": "Wyoming", "NAMELSAD": "Wyoming County" }, "geometry": { "type": "Polygon", "coordinates": [ [ [ -75.80323, 41.524227 ], [ -75.771626, 41.505793 ], [ -75.839287, 41.424633 ], [ -76.00507, 41.384551 ], [ -76.282799, 41.377244 ], [ -76.223866, 41.524544 ], [ -76.197998, 41.647823 ], [ -76.115172, 41.651825 ], [ -76.114224, 41.643385 ], [ -75.719887, 41.642263 ], [ -75.718774, 41.636113 ], [ -75.728576, 41.635634 ], [ -75.77429, 41.574048 ], [ -75.769297, 41.568466 ], [ -75.80323, 41.524227 ] ] ] } },
{ "type": "Feature", "properties": { "fipsCode": 42057, "stateAbbr": "PA", "NAME": "Fulton", "NAMELSAD": "Fulton County" }, "geometry": { "type": "Polygon", "coordinates": [ [ [ -77.956641, 39.915684 ], [ -77.975135, 39.871788 ], [ -78.0027, 39.826599 ], [ -78.036499, 39.791999 ], [ -78.069297, 39.748298 ], [ -78.099403, 39.722099 ], [ -78.380599, 39.722599 ], [ -78.343823, 39.76161 ], [ -78.299003, 39.8255 ], [ -78.267502, 39.903501 ], [ -78.219811, 39.993288 ], [ -78.20101, 40.012988 ], [ -78.204479, 40.041491 ], [ -78.187896, 40.047054 ], [ -78.181488, 40.058715 ], [ -78.203733, 40.069886 ], [ -78.206894, 40.086265 ], [ -78.158287, 40.122207 ], [ -78.134863, 40.165131 ], [ -78.078491, 40.13327 ], [ -77.92556, 40.103977 ], [ -77.864489, 40.061568 ], [ -77.883793, 40.048308 ], [ -77.919502, 40.003417 ], [ -77.919792, 39.992652 ], [ -77.932411, 39.972393 ], [ -77.937789, 39.948944 ], [ -77.955511, 39.928861 ], [ -77.956641, 39.915684 ] ] ] } },
{ "type": "Feature", "properties": { "fipsCode": 42067, "stateAbbr": "PA", "NAME": "Juniata", "NAMELSAD": "Juniata County" }, "geometry": { "type": "Polygon", "coordinates": [ [ [ -77.318033, 40.504771 ], [ -77.47838, 40.432011 ], [ -77.540141, 40.399221 ], [ -77.532265, 40.376006 ], [ -77.565665, 40.367363 ], [ -77.599418, 40.348157 ], [ -77.639749, 40.319832 ], [ -77.70303, 40.263576 ], [ -77.75212, 40.378545 ], [ -77.710745, 40.417593 ], [ -77.612459, 40.490919 ], [ -77.612509, 40.514187 ], [ -77.497506, 40.58174 ], [ -77.49776, 40.609484 ], [ -77.480828, 40.619533 ], [ -77.383796, 40.661751 ], [ -77.287941, 40.693595 ], [ -77.150516, 40.677074 ], [ -77.109597, 40.691578 ], [ -77.100211, 40.687952 ], [ -77.093607, 40.676121 ], [ -77.06072, 40.679932 ], [ -77.045769, 40.675637 ], [ -77.037844, 40.679544 ], [ -77.034409, 40.659928 ], [ -77.029501, 40.655562 ], [ -77.010445, 40.661609 ], [ -77.006054, 40.642615 ], [ -76.997289, 40.635711 ], [ -76.986631, 40.644025 ], [ -76.967495, 40.641255 ], [ -76.965461, 40.647212 ], [ -76.945221, 40.650333 ], [ -76.940656, 40.646175 ], [ -76.939883, 40.638142 ], [ -76.949148, 40.628167 ], [ -77.023304, 40.60426 ], [ -77.182789, 40.582211 ], [ -77.167561, 40.559509 ], [ -77.198462, 40.552287 ], [ -77.318033, 40.504771 ] ] ] } },
{ "type": "Feature", "properties": { "fipsCode": 42083, "stateAbbr": "PA", "NAME": "McKean", "NAMELSAD": "McKean County" }, "geometry": { "type": "Polygon", "coordinates": [ [ [ -78.20638, 41.999518 ], [ -78.20364, 41.617599 ], [ -78.420846, 41.617284 ], [ -78.420498, 41.601874 ], [ -78.482909, 41.60233 ], [ -78.483815, 41.631481 ], [ -78.676016, 41.624973 ], [ -78.956138, 41.623334 ], [ -78.948612, 41.830481 ], [ -78.921408, 41.830919 ], [ -78.921544, 41.840882 ], [ -78.915642, 41.840896 ], [ -78.918896, 41.998119 ], [ -78.20638, 41.999518 ] ] ] } },
{ "type": "Feature", "properties": { "fipsCode": 54099, "stateAbbr": "WV", "NAME": "Wayne", "NAMELSAD": "Wayne County" }, "geometry": { "type": "Polygon", "coordinates": [ [ [ -82.30259, 38.287588 ], [ -82.313406, 38.268109 ], [ -82.3089, 38.264013 ], [ -82.311489, 38.256389 ], [ -82.299388, 38.239989 ], [ -82.275387, 38.228084 ], [ -82.26978, 38.231765 ], [ -82.264849, 38.229199 ], [ -82.270016, 38.217991 ], [ -82.266411, 38.210616 ], [ -82.278219, 38.202217 ], [ -82.271313, 38.178468 ], [ -82.277489, 38.173917 ], [ -82.271671, 38.169422 ], [ -82.279983, 38.152525 ], [ -82.286261, 38.148996 ], [ -82.28544, 38.144139 ], [ -82.257755, 38.133606 ], [ -82.268575, 38.115073 ], [ -82.252966, 38.100877 ], [ -82.246279, 38.102148 ], [ -82.240868, 38.097212 ], [ -82.239539, 38.082104 ], [ -82.235354, 38.076167 ], [ -82.227903, 38.076242 ], [ -82.22783, 38.068889 ], [ -82.205794, 38.066768 ], [ -82.206894, 38.058204 ], [ -82.21181, 38.057203 ], [ -82.20781, 38.050455 ], [ -82.192599, 38.051127 ], [ -82.192314, 38.046314 ], [ -82.206421, 38.029049 ], [ -82.203865, 38.023606 ], [ -82.217515, 38.020054 ], [ -82.243545, 38.000829 ], [ -82.290915, 37.95519 ], [ -82.403743, 37.862894 ], [ -82.399988, 37.851383 ], [ -82.391139, 37.847086 ], [ -82.400577, 37.842681 ], [ -82.424488, 37.86103 ], [ -82.407513, 37.867297 ], [ -82.41756, 37.870279 ], [ -82.420484, 37.885446 ], [ -82.462991, 37.91482 ], [ -82.467965, 37.913927 ], [ -82.468382, 37.903207 ], [ -82.474407, 37.899955 ], [ -82.475574, 37.911843 ], [ -82.488346, 37.917724 ], [ -82.480657, 37.926169 ], [ -82.495941, 37.926954 ], [ -82.502434, 37.933453 ], [ -82.489277, 37.938217 ], [ -82.49722, 37.946245 ], [ -82.485559, 37.945806 ], [ -82.471775, 37.958739 ], [ -82.484459, 37.963578 ], [ -82.484431, 37.970921 ], [ -82.468851, 37.97323 ], [ -82.464566, 37.983876 ], [ -82.483594, 37.983844 ], [ -82.488655, 37.998912 ], [ -82.519193, 38.001131 ], [ -82.515547, 38.006607 ], [ -82.525069, 38.017503 ], [ -82.526318, 38.026971 ], [ -82.538718, 38.0374 ], [ -82.537099, 38.044651 ], [ -82.550361, 38.070106 ], [ -82.583357, 38.090032 ], [ -82.587006, 38.108664 ], [ -82.606161, 38.120785 ], [ -82.619228, 38.12054 ], [ -82.621835, 38.133291 ], [ -82.636989, 38.138718 ], [ -82.642952, 38.169446 ], [ -82.612526, 38.170612 ], [ -82.599137, 38.197205 ], [ -82.598485, 38.217913 ], [ -82.608615, 38.223499 ], [ -82.612389, 38.234329 ], [ -82.608672, 38.243968 ], [ -82.604625, 38.247662 ], [ -82.584059, 38.246262 ], [ -82.574518, 38.264505 ], [ -82.583035, 38.296807 ], [ -82.571756, 38.317195 ], [ -82.57672, 38.328515 ], [ -82.598121, 38.345933 ], [ -82.592757, 38.37556 ], [ -82.599503, 38.389967 ], [ -82.594554, 38.398269 ], [ -82.595972, 38.41788 ], [ -82.59348, 38.421821 ], [ -82.583378, 38.40997 ], [ -82.566568, 38.404645 ], [ -82.538234, 38.404081 ], [ -82.50828, 38.411198 ], [ -82.343911, 38.305209 ], [ -82.329416, 38.313386 ], [ -82.330316, 38.324043 ], [ -82.317315, 38.326277 ], [ -82.314411, 38.331364 ], [ -82.298667, 38.328442 ], [ -82.296674, 38.322105 ], [ -82.28624, 38.321185 ], [ -82.288952, 38.314014 ], [ -82.28352, 38.314206 ], [ -82.2757, 38.305585 ], [ -82.302652, 38.299116 ], [ -82.30259, 38.287588 ] ] ] } },
{ "type": "Feature", "properties": { "fipsCode": 39025, "stateAbbr": "OH", "NAME": "Clermont", "NAMELSAD": "Clermont County" }, "geometry": { "type": "Polygon", "coordinates": [ [ [ -84.259431, 39.27086 ], [ -83.989921, 39.254096 ], [ -84.052709, 38.771226 ], [ -84.09246, 38.774422 ], [ -84.147212, 38.792861 ], [ -84.205879, 38.802685 ], [ -84.220387, 38.812055 ], [ -84.231864, 38.83272 ], [ -84.23434, 38.893265 ], [ -84.288777, 38.955644 ], [ -84.301773, 39.000084 ], [ -84.319985, 39.021534 ], [ -84.301742, 39.159434 ], [ -84.295077, 39.167231 ], [ -84.299421, 39.17421 ], [ -84.288733, 39.1817 ], [ -84.276198, 39.201727 ], [ -84.285463, 39.213521 ], [ -84.310319, 39.209085 ], [ -84.319984, 39.223703 ], [ -84.307228, 39.234351 ], [ -84.299441, 39.235156 ], [ -84.293635, 39.248629 ], [ -84.261525, 39.26459 ], [ -84.259431, 39.27086 ] ] ] } },
{ "type": "Feature", "properties": { "fipsCode": 39121, "stateAbbr": "OH", "NAME": "Noble", "NAMELSAD": "Noble County" }, "geometry": { "type": "Polygon", "coordinates": [ [ [ -81.464057, 39.895792 ], [ -81.46275, 39.9235 ], [ -81.386789, 39.92133 ], [ -81.386006, 39.950694 ], [ -81.234053, 39.95127 ], [ -81.237316, 39.867828 ], [ -81.313591, 39.869471 ], [ -81.31912, 39.707552 ], [ -81.280597, 39.706936 ], [ -81.28353, 39.591838 ], [ -81.356445, 39.593512 ], [ -81.35629, 39.600865 ], [ -81.394934, 39.601547 ], [ -81.395036, 39.615681 ], [ -81.41385, 39.615874 ], [ -81.413665, 39.630502 ], [ -81.452712, 39.631165 ], [ -81.451935, 39.645449 ], [ -81.47316, 39.645976 ], [ -81.473471, 39.583318 ], [ -81.588185, 39.586973 ], [ -81.586132, 39.663993 ], [ -81.6432, 39.665681 ], [ -81.639886, 39.75342 ], [ -81.697461, 39.754995 ], [ -81.694146, 39.842636 ], [ -81.580313, 39.839104 ], [ -81.57859, 39.897683 ], [ -81.464057, 39.895792 ] ] ] } },
{ "type": "Feature", "properties": { "fipsCode": 39137, "stateAbbr": "OH", "NAME": "Putnam", "NAMELSAD": "Putnam County" }, "geometry": { "type": "Polygon", "coordinates": [ [ [ -83.881149, 41.167824 ], [ -83.880423, 40.920429 ], [ -83.995228, 40.919843 ], [ -83.995165, 40.905066 ], [ -84.109516, 40.90473 ], [ -84.109586, 40.860994 ], [ -84.119077, 40.860515 ], [ -84.340531, 40.859099 ], [ -84.340969, 40.903596 ], [ -84.398407, 40.903265 ], [ -84.399486, 40.990315 ], [ -84.341911, 40.990692 ], [ -84.341602, 41.165524 ], [ -83.881149, 41.167824 ] ] ] } },
{ "type": "Feature", "properties": { "fipsCode": 42075, "stateAbbr": "PA", "NAME": "Lebanon", "NAMELSAD": "Lebanon County" }, "geometry": { "type": "Polygon", "coordinates": [ [ [ -76.43541, 40.238221 ], [ -76.569417, 40.195549 ], [ -76.67804, 40.474717 ], [ -76.535414, 40.555157 ], [ -76.231916, 40.366292 ], [ -76.205528, 40.360661 ], [ -76.151215, 40.315971 ], [ -76.307578, 40.255066 ], [ -76.43541, 40.238221 ] ] ] } },
{ "type": "Feature", "properties": { "fipsCode": 18007, "stateAbbr": "IN", "NAME": "Benton", "NAMELSAD": "Benton County" }, "geometry": { "type": "Polygon", "coordinates": [ [ [ -87.526031, 40.736885 ], [ -87.096819, 40.73649 ], [ -87.093676, 40.475745 ], [ -87.526589, 40.476876 ], [ -87.526031, 40.736885 ] ] ] } },
{ "type": "Feature", "properties": { "fipsCode": 18069, "stateAbbr": "IN", "NAME": "Huntington", "NAMELSAD": "Huntington County" }, "geometry": { "type": "Polygon", "coordinates": [ [ [ -85.335643, 41.00525 ], [ -85.334667, 40.654413 ], [ -85.638587, 40.653129 ], [ -85.643841, 41.002305 ], [ -85.335643, 41.00525 ] ] ] } },
{ "type": "Feature", "properties": { "fipsCode": 18169, "stateAbbr": "IN", "NAME": "Wabash", "NAMELSAD": "Wabash County" }, "geometry": { "type": "Polygon", "coordinates": [ [ [ -85.939525, 40.650991 ], [ -85.945561, 41.042876 ], [ -85.684181, 41.046716 ], [ -85.683198, 41.001909 ], [ -85.643841, 41.002305 ], [ -85.638587, 40.653129 ], [ -85.939525, 40.650991 ] ] ] } },
{ "type": "Feature", "properties": { "fipsCode": 18003, "stateAbbr": "IN", "NAME": "Allen", "NAMELSAD": "Allen County" }, "geometry": { "type": "Polygon", "coordinates": [ [ [ -84.802922, 40.922568 ], [ -85.33603, 40.917082 ], [ -85.338276, 41.179065 ], [ -85.309791, 41.178889 ], [ -85.307781, 41.264158 ], [ -84.803592, 41.270933 ], [ -84.802922, 40.922568 ] ] ] } },
{ "type": "Feature", "properties": { "fipsCode": 18099, "stateAbbr": "IN", "NAME": "Marshall", "NAMELSAD": "Marshall County" }, "geometry": { "type": "Polygon", "coordinates": [ [ [ -86.054047, 41.173147 ], [ -86.467046, 41.171442 ], [ -86.467108, 41.476459 ], [ -86.059451, 41.479154 ], [ -86.054047, 41.173147 ] ] ] } },
{ "type": "Feature", "properties": { "fipsCode": 42077, "stateAbbr": "PA", "NAME": "Lehigh", "NAMELSAD": "Lehigh County" }, "geometry": { "type": "Polygon", "coordinates": [ [ [ -75.515628, 40.702196 ], [ -75.497979, 40.679155 ], [ -75.485787, 40.67256 ], [ -75.481469, 40.655744 ], [ -75.430404, 40.674152 ], [ -75.430122, 40.668427 ], [ -75.387464, 40.633122 ], [ -75.38304, 40.617351 ], [ -75.378125, 40.615358 ], [ -75.388559, 40.614423 ], [ -75.391275, 40.596551 ], [ -75.404412, 40.581154 ], [ -75.333514, 40.537057 ], [ -75.409733, 40.487984 ], [ -75.483858, 40.418634 ], [ -75.891473, 40.67727 ], [ -75.807789, 40.707492 ], [ -75.77769, 40.729534 ], [ -75.744863, 40.740309 ], [ -75.7286, 40.753915 ], [ -75.702418, 40.76224 ], [ -75.694621, 40.770186 ], [ -75.609068, 40.787523 ], [ -75.601926, 40.750095 ], [ -75.592558, 40.736127 ], [ -75.573084, 40.734384 ], [ -75.567801, 40.725927 ], [ -75.556437, 40.72079 ], [ -75.543596, 40.725662 ], [ -75.539626, 40.736686 ], [ -75.530149, 40.736343 ], [ -75.515628, 40.702196 ] ] ] } },
{ "type": "Feature", "properties": { "fipsCode": 42095, "stateAbbr": "PA", "NAME": "Northampton", "NAMELSAD": "Northampton County" }, "geometry": { "type": "Polygon", "coordinates": [ [ [ -75.196921, 40.681297 ], [ -75.176835, 40.675363 ], [ -75.200452, 40.649219 ], [ -75.188579, 40.624628 ], [ -75.190688, 40.619957 ], [ -75.201812, 40.617188 ], [ -75.196803, 40.60858 ], [ -75.258151, 40.582009 ], [ -75.333048, 40.536767 ], [ -75.404412, 40.581154 ], [ -75.391275, 40.596551 ], [ -75.388559, 40.614423 ], [ -75.378125, 40.615358 ], [ -75.38304, 40.617351 ], [ -75.387464, 40.633122 ], [ -75.430122, 40.668427 ], [ -75.430404, 40.674152 ], [ -75.481469, 40.655744 ], [ -75.485027, 40.671496 ], [ -75.498304, 40.679505 ], [ -75.522556, 40.713487 ], [ -75.52888, 40.735688 ], [ -75.539626, 40.736686 ], [ -75.543596, 40.725662 ], [ -75.556437, 40.72079 ], [ -75.567801, 40.725927 ], [ -75.573084, 40.734384 ], [ -75.592558, 40.736127 ], [ -75.601926, 40.750095 ], [ -75.608985, 40.787387 ], [ -75.541549, 40.806815 ], [ -75.44245, 40.818367 ], [ -75.383266, 40.831037 ], [ -75.300594, 40.859563 ], [ -75.232502, 40.899759 ], [ -75.24113, 40.909438 ], [ -75.221821, 40.919581 ], [ -75.21819, 40.927875 ], [ -75.178073, 40.94032 ], [ -75.176836, 40.945523 ], [ -75.169463, 40.948015 ], [ -75.14513, 40.951584 ], [ -75.120232, 40.968702 ], [ -75.117767, 40.953013 ], [ -75.095528, 40.924148 ], [ -75.079295, 40.91388 ], [ -75.075345, 40.894166 ], [ -75.053664, 40.87366 ], [ -75.051029, 40.865662 ], [ -75.063802, 40.855593 ], [ -75.066008, 40.847594 ], [ -75.095784, 40.847082 ], [ -75.097006, 40.839336 ], [ -75.083929, 40.824471 ], [ -75.100214, 40.807664 ], [ -75.108505, 40.791094 ], [ -75.123088, 40.786746 ], [ -75.1344, 40.77377 ], [ -75.171587, 40.777745 ], [ -75.17904, 40.761897 ], [ -75.196535, 40.751631 ], [ -75.182084, 40.731522 ], [ -75.203921, 40.691498 ], [ -75.196921, 40.681297 ] ] ] } },
{ "type": "Feature", "properties": { "fipsCode": 18109, "stateAbbr": "IN", "NAME": "Morgan", "NAMELSAD": "Morgan County" }, "geometry": { "type": "Polygon", "coordinates": [ [ [ -86.465931, 39.630032 ], [ -86.249885, 39.633645 ], [ -86.251684, 39.341672 ], [ -86.630844, 39.340755 ], [ -86.632206, 39.470214 ], [ -86.686875, 39.470691 ], [ -86.687561, 39.521902 ], [ -86.672899, 39.529454 ], [ -86.672729, 39.535429 ], [ -86.663255, 39.53938 ], [ -86.66095, 39.546981 ], [ -86.651407, 39.549992 ], [ -86.653302, 39.559439 ], [ -86.648319, 39.565874 ], [ -86.654232, 39.564975 ], [ -86.659594, 39.579206 ], [ -86.651975, 39.594429 ], [ -86.65665, 39.601395 ], [ -86.465605, 39.600769 ], [ -86.465931, 39.630032 ] ] ] } },
{ "type": "Feature", "properties": { "fipsCode": 18053, "stateAbbr": "IN", "NAME": "Grant", "NAMELSAD": "Grant County" }, "geometry": { "type": "Polygon", "coordinates": [ [ [ -85.44433, 40.37914 ], [ -85.862296, 40.378367 ], [ -85.864791, 40.651693 ], [ -85.448825, 40.653607 ], [ -85.44433, 40.37914 ] ] ] } },
{ "type": "Feature", "properties": { "fipsCode": 39117, "stateAbbr": "OH", "NAME": "Morrow", "NAMELSAD": "Morrow County" }, "geometry": { "type": "Polygon", "coordinates": [ [ [ -82.633181, 40.523066 ], [ -82.646503, 40.345076 ], [ -82.929588, 40.358123 ], [ -82.924781, 40.415004 ], [ -83.022079, 40.418884 ], [ -83.016785, 40.484511 ], [ -82.958401, 40.490664 ], [ -82.957817, 40.645148 ], [ -82.859753, 40.646395 ], [ -82.858178, 40.712427 ], [ -82.627191, 40.709416 ], [ -82.626165, 40.666132 ], [ -82.644977, 40.666425 ], [ -82.644117, 40.63724 ], [ -82.62476, 40.637283 ], [ -82.623609, 40.549879 ], [ -82.642796, 40.550011 ], [ -82.642837, 40.522111 ], [ -82.633181, 40.523066 ] ] ] } },
{ "type": "Feature", "properties": { "fipsCode": 18097, "stateAbbr": "IN", "NAME": "Marion", "NAMELSAD": "Marion County" }, "geometry": { "type": "Polygon", "coordinates": [ [ [ -85.95208, 39.638345 ], [ -86.326341, 39.632177 ], [ -86.326289, 39.924042 ], [ -85.937587, 39.927137 ], [ -85.938067, 39.869812 ], [ -85.954013, 39.869646 ], [ -85.95208, 39.638345 ] ] ] } },
{ "type": "Feature", "properties": { "fipsCode": 18065, "stateAbbr": "IN", "NAME": "Henry", "NAMELSAD": "Henry County" }, "geometry": { "type": "Polygon", "coordinates": [ [ [ -85.221118, 39.788449 ], [ -85.596916, 39.786519 ], [ -85.596678, 39.872926 ], [ -85.576793, 39.872852 ], [ -85.576197, 40.077143 ], [ -85.214386, 40.076889 ], [ -85.213496, 40.00438 ], [ -85.201473, 40.004521 ], [ -85.200945, 39.873799 ], [ -85.220728, 39.873576 ], [ -85.221118, 39.788449 ] ] ] } },
{ "type": "Feature", "properties": { "fipsCode": 39123, "stateAbbr": "OH", "NAME": "Ottawa", "NAMELSAD": "Ottawa County" }, "geometry": { "type": "Polygon", "coordinates": [ [ [ -82.91439, 41.458822 ], [ -83.338196, 41.457508 ], [ -83.338991, 41.501189 ], [ -83.414626, 41.500228 ], [ -83.415941, 41.61911 ], [ -83.164511, 41.623247 ], [ -82.995572, 41.828969 ], [ -82.726427, 41.698308 ], [ -82.787402, 41.587738 ], [ -82.616147, 41.53293 ], [ -82.710117, 41.485789 ], [ -82.739223, 41.477755 ], [ -82.819491, 41.484952 ], [ -82.91439, 41.458822 ] ] ] } },
{ "type": "Feature", "properties": { "fipsCode": 42027, "stateAbbr": "PA", "NAME": "Centre", "NAMELSAD": "Centre County" }, "geometry": { "type": "Polygon", "coordinates": [ [ [ -77.429604, 40.827541 ], [ -77.593355, 40.761247 ], [ -77.652574, 40.744921 ], [ -77.710548, 40.714564 ], [ -77.718677, 40.727372 ], [ -77.768549, 40.719466 ], [ -77.824903, 40.743534 ], [ -77.94425, 40.691557 ], [ -78.131834, 40.743017 ], [ -78.362986, 40.733157 ], [ -78.376975, 40.752365 ], [ -78.365436, 40.764457 ], [ -78.352252, 40.768579 ], [ -78.351586, 40.775555 ], [ -78.341794, 40.782517 ], [ -78.343932, 40.790561 ], [ -78.339324, 40.798115 ], [ -78.313751, 40.808558 ], [ -78.300208, 40.823428 ], [ -78.302254, 40.83412 ], [ -78.290471, 40.842596 ], [ -78.289784, 40.848872 ], [ -78.277729, 40.850993 ], [ -78.270183, 40.846947 ], [ -78.260328, 40.854797 ], [ -78.248069, 40.85644 ], [ -78.248975, 40.869519 ], [ -78.235618, 40.873785 ], [ -78.249509, 40.877164 ], [ -78.242146, 40.881729 ], [ -78.232938, 40.878392 ], [ -78.221001, 40.889013 ], [ -78.22914, 40.899674 ], [ -78.221008, 40.911874 ], [ -78.181655, 40.92231 ], [ -78.171873, 40.936377 ], [ -78.15581, 40.941437 ], [ -78.159487, 40.954261 ], [ -78.169254, 40.953221 ], [ -78.168462, 40.960534 ], [ -78.146853, 40.956586 ], [ -78.144284, 40.948588 ], [ -78.133693, 40.967042 ], [ -78.129913, 40.962191 ], [ -78.136376, 40.956021 ], [ -78.130621, 40.951341 ], [ -78.133862, 40.946741 ], [ -78.121482, 40.947129 ], [ -78.120269, 40.94193 ], [ -78.108953, 40.950455 ], [ -78.078105, 40.956447 ], [ -78.085252, 40.969048 ], [ -78.096779, 40.97304 ], [ -78.091684, 40.972853 ], [ -78.090522, 40.980881 ], [ -78.082089, 40.984185 ], [ -78.086566, 40.994205 ], [ -78.061923, 40.995219 ], [ -78.064831, 41.003888 ], [ -78.055705, 41.00486 ], [ -78.060347, 41.01241 ], [ -78.069383, 41.013495 ], [ -78.067889, 41.019484 ], [ -78.075599, 41.022185 ], [ -78.071255, 41.026582 ], [ -78.080312, 41.030655 ], [ -78.057719, 41.036925 ], [ -78.06408, 41.045913 ], [ -78.05937, 41.051174 ], [ -78.071396, 41.049918 ], [ -78.076091, 41.059864 ], [ -78.09036, 41.058171 ], [ -78.085098, 41.068114 ], [ -78.097184, 41.072349 ], [ -78.092671, 41.079562 ], [ -78.112037, 41.114325 ], [ -78.100345, 41.121783 ], [ -78.089202, 41.116038 ], [ -78.082989, 41.126305 ], [ -78.070417, 41.121878 ], [ -78.069745, 41.131273 ], [ -78.056026, 41.131995 ], [ -78.052733, 41.145317 ], [ -78.04344, 41.146508 ], [ -78.037483, 41.153857 ], [ -78.028594, 41.150325 ], [ -78.015729, 41.1529 ], [ -78.010732, 41.143854 ], [ -78.004688, 41.144123 ], [ -78.000753, 41.16166 ], [ -77.98939, 41.161879 ], [ -77.983694, 41.170714 ], [ -77.970778, 41.174697 ], [ -77.971751, 41.205939 ], [ -77.959438, 41.217497 ], [ -77.93709, 41.210336 ], [ -77.937909, 41.224841 ], [ -77.921801, 41.227456 ], [ -77.912618, 41.241977 ], [ -77.898262, 41.252665 ], [ -77.897667, 41.176918 ], [ -77.790009, 41.177142 ], [ -77.789563, 41.142127 ], [ -77.777996, 41.146612 ], [ -77.746675, 41.106261 ], [ -77.728725, 41.111467 ], [ -77.716364, 41.105083 ], [ -77.706619, 41.113887 ], [ -77.691, 41.106267 ], [ -77.66331, 41.108845 ], [ -77.65897, 41.100955 ], [ -77.629838, 41.094599 ], [ -77.595262, 41.077711 ], [ -77.591293, 41.070723 ], [ -77.568667, 41.066148 ], [ -77.561736, 41.057642 ], [ -77.580194, 41.04727 ], [ -77.508596, 40.962938 ], [ -77.339925, 40.987167 ], [ -77.14416, 41.044338 ], [ -77.204027, 40.99271 ], [ -77.279236, 40.90971 ], [ -77.36418, 40.846937 ], [ -77.429604, 40.827541 ] ] ] } },
{ "type": "Feature", "properties": { "fipsCode": 18009, "stateAbbr": "IN", "NAME": "Blackford", "NAMELSAD": "Blackford County" }, "geometry": { "type": "Polygon", "coordinates": [ [ [ -85.447014, 40.566929 ], [ -85.201146, 40.567242 ], [ -85.206831, 40.379182 ], [ -85.444323, 40.378746 ], [ -85.447014, 40.566929 ] ] ] } },
{ "type": "Feature", "properties": { "fipsCode": 39085, "stateAbbr": "OH", "NAME": "Lake", "NAMELSAD": "Lake County" }, "geometry": { "type": "Polygon", "coordinates": [ [ [ -81.102258, 41.714307 ], [ -81.101422, 41.641457 ], [ -81.294669, 41.640889 ], [ -81.29588, 41.56995 ], [ -81.487842, 41.570051 ], [ -81.495181, 42.096402 ], [ -81.249833, 42.216415 ], [ -81.009827, 42.251602 ], [ -81.00981, 41.86523 ], [ -81.002116, 41.854928 ], [ -81.002929, 41.714887 ], [ -81.102258, 41.714307 ] ] ] } },
{ "type": "Feature", "properties": { "fipsCode": 54075, "stateAbbr": "WV", "NAME": "Pocahontas", "NAMELSAD": "Pocahontas County" }, "geometry": { "type": "Polygon", "coordinates": [ [ [ -80.330267, 38.335758 ], [ -80.11692, 38.473953 ], [ -80.028404, 38.459166 ], [ -79.86325, 38.55082 ], [ -79.856483, 38.583614 ], [ -79.842283, 38.608113 ], [ -79.846683, 38.629613 ], [ -79.838383, 38.628613 ], [ -79.830441, 38.6362 ], [ -79.833783, 38.647612 ], [ -79.821783, 38.656112 ], [ -79.814583, 38.676712 ], [ -79.807983, 38.682912 ], [ -79.808983, 38.691512 ], [ -79.79824, 38.703421 ], [ -79.802483, 38.710011 ], [ -79.777483, 38.739511 ], [ -79.754682, 38.734011 ], [ -79.750881, 38.721912 ], [ -79.73078, 38.712412 ], [ -79.73718, 38.707412 ], [ -79.73768, 38.691512 ], [ -79.74388, 38.686412 ], [ -79.73898, 38.679513 ], [ -79.725378, 38.679111 ], [ -79.710179, 38.685713 ], [ -79.701878, 38.679913 ], [ -79.697778, 38.666113 ], [ -79.683977, 38.664413 ], [ -79.678577, 38.664812 ], [ -79.678576, 38.681911 ], [ -79.660976, 38.690212 ], [ -79.643676, 38.680713 ], [ -79.626276, 38.677613 ], [ -79.636076, 38.661614 ], [ -79.630675, 38.659914 ], [ -79.626774, 38.664214 ], [ -79.617906, 38.658365 ], [ -79.634342, 38.636308 ], [ -79.619274, 38.620415 ], [ -79.627074, 38.607915 ], [ -79.643376, 38.602492 ], [ -79.662875, 38.570416 ], [ -79.659175, 38.562716 ], [ -79.665075, 38.560916 ], [ -79.669575, 38.550816 ], [ -79.670875, 38.541016 ], [ -79.666873, 38.538317 ], [ -79.672974, 38.528717 ], [ -79.662174, 38.515217 ], [ -79.670486, 38.507659 ], [ -79.680374, 38.510617 ], [ -79.682974, 38.501317 ], [ -79.697572, 38.487223 ], [ -79.693397, 38.480183 ], [ -79.69912, 38.470288 ], [ -79.688366, 38.45687 ], [ -79.689667, 38.431462 ], [ -79.706634, 38.41573 ], [ -79.729512, 38.381194 ], [ -79.731698, 38.373376 ], [ -79.725597, 38.363828 ], [ -79.742177, 38.353248 ], [ -79.764432, 38.356514 ], [ -79.77309, 38.335529 ], [ -79.79655, 38.32348 ], [ -79.808711, 38.309429 ], [ -79.802778, 38.292073 ], [ -79.795448, 38.290228 ], [ -79.786467, 38.274649 ], [ -79.789225, 38.268392 ], [ -79.806336, 38.259193 ], [ -79.811989, 38.260398 ], [ -79.819625, 38.248232 ], [ -79.830886, 38.249689 ], [ -79.835113, 38.241897 ], [ -79.845212, 38.241074 ], [ -79.874594, 38.212976 ], [ -79.890322, 38.205859 ], [ -79.897335, 38.193381 ], [ -79.920075, 38.182529 ], [ -79.914864, 38.167724 ], [ -79.919515, 38.162649 ], [ -79.918662, 38.15479 ], [ -79.932749, 38.136159 ], [ -79.945258, 38.132239 ], [ -79.938946, 38.111628 ], [ -79.926293, 38.106818 ], [ -79.95437, 38.080401 ], [ -79.959844, 38.063697 ], [ -80.106891, 38.055845 ], [ -80.16558, 38.036387 ], [ -80.197761, 38.042947 ], [ -80.21035, 38.037074 ], [ -80.222169, 38.043754 ], [ -80.264653, 38.046616 ], [ -80.363295, 38.114331 ], [ -80.352171, 38.345337 ], [ -80.330267, 38.335758 ] ] ] } },
{ "type": "Feature", "properties": { "fipsCode": 42073, "stateAbbr": "PA", "NAME": "Lawrence", "NAMELSAD": "Lawrence County" }, "geometry": { "type": "Polygon", "coordinates": [ [ [ -80.519037, 41.125093 ], [ -80.257933, 41.128165 ], [ -80.257945, 41.11723 ], [ -80.147303, 41.113917 ], [ -80.098294, 41.071054 ], [ -80.166472, 41.000928 ], [ -80.15853, 40.855096 ], [ -80.519057, 40.851338 ], [ -80.519037, 41.125093 ] ] ] } },
{ "type": "Feature", "properties": { "fipsCode": 39067, "stateAbbr": "OH", "NAME": "Harrison", "NAMELSAD": "Harrison County" }, "geometry": { "type": "Polygon", "coordinates": [ [ [ -81.275319, 40.303434 ], [ -81.269951, 40.433486 ], [ -80.865504, 40.422929 ], [ -80.867201, 40.379378 ], [ -80.871553, 40.379458 ], [ -80.872266, 40.373721 ], [ -80.882892, 40.159495 ], [ -81.112072, 40.167917 ], [ -81.111949, 40.1711 ], [ -81.339565, 40.171999 ], [ -81.334601, 40.304316 ], [ -81.275319, 40.303434 ] ] ] } },
{ "type": "Feature", "properties": { "fipsCode": 39109, "stateAbbr": "OH", "NAME": "Miami", "NAMELSAD": "Miami County" }, "geometry": { "type": "Polygon", "coordinates": [ [ [ -84.219137, 40.195499 ], [ -84.022919, 40.183945 ], [ -84.051012, 39.87981 ], [ -84.157217, 39.885994 ], [ -84.167193, 39.911366 ], [ -84.157671, 39.92297 ], [ -84.425902, 39.919622 ], [ -84.432282, 40.18084 ], [ -84.436332, 40.180801 ], [ -84.432575, 40.197037 ], [ -84.218658, 40.200004 ], [ -84.219137, 40.195499 ] ] ] } },
{ "type": "Feature", "properties": { "fipsCode": 39165, "stateAbbr": "OH", "NAME": "Warren", "NAMELSAD": "Warren County" }, "geometry": { "type": "Polygon", "coordinates": [ [ [ -84.259431, 39.27086 ], [ -84.25656, 39.277188 ], [ -84.265237, 39.28222 ], [ -84.262172, 39.288342 ], [ -84.353209, 39.292287 ], [ -84.331682, 39.549213 ], [ -84.364305, 39.54381 ], [ -84.365232, 39.589493 ], [ -84.286152, 39.589581 ], [ -83.976987, 39.569402 ], [ -84.007454, 39.255112 ], [ -84.259431, 39.27086 ] ] ] } },
{ "type": "Feature", "properties": { "fipsCode": 18121, "stateAbbr": "IN", "NAME": "Parke", "NAMELSAD": "Parke County" }, "geometry": { "type": "Polygon", "coordinates": [ [ [ -87.434162, 39.934187 ], [ -87.420221, 39.952452 ], [ -87.091006, 39.953009 ], [ -87.091542, 39.867265 ], [ -87.009477, 39.866705 ], [ -87.013062, 39.604787 ], [ -87.382418, 39.607937 ], [ -87.381442, 39.617354 ], [ -87.391845, 39.634059 ], [ -87.395982, 39.652866 ], [ -87.388756, 39.663893 ], [ -87.390549, 39.675391 ], [ -87.38152, 39.693401 ], [ -87.385584, 39.700066 ], [ -87.379767, 39.708178 ], [ -87.384418, 39.718573 ], [ -87.377371, 39.743036 ], [ -87.380567, 39.766766 ], [ -87.374279, 39.777844 ], [ -87.374764, 39.793053 ], [ -87.384676, 39.80869 ], [ -87.385538, 39.833365 ], [ -87.369129, 39.839981 ], [ -87.353863, 39.862077 ], [ -87.378421, 39.875038 ], [ -87.367834, 39.887184 ], [ -87.378593, 39.902769 ], [ -87.411313, 39.915315 ], [ -87.413199, 39.918904 ], [ -87.405186, 39.923778 ], [ -87.406261, 39.928024 ], [ -87.422175, 39.92594 ], [ -87.434162, 39.934187 ] ] ] } },
{ "type": "Feature", "properties": { "fipsCode": 18025, "stateAbbr": "IN", "NAME": "Crawford", "NAMELSAD": "Crawford County" }, "geometry": { "type": "Polygon", "coordinates": [ [ [ -86.461023, 38.121097 ], [ -86.460425, 38.206825 ], [ -86.571675, 38.207529 ], [ -86.570136, 38.266328 ], [ -86.679511, 38.263086 ], [ -86.681424, 38.394767 ], [ -86.308868, 38.394069 ], [ -86.308674, 38.422875 ], [ -86.255045, 38.422685 ], [ -86.264816, 38.41087 ], [ -86.251716, 38.406132 ], [ -86.251417, 38.395642 ], [ -86.259906, 38.398168 ], [ -86.261261, 38.394419 ], [ -86.245528, 38.387987 ], [ -86.251735, 38.383071 ], [ -86.258976, 38.389375 ], [ -86.261159, 38.38097 ], [ -86.258048, 38.366831 ], [ -86.248137, 38.363271 ], [ -86.25281, 38.355711 ], [ -86.247035, 38.349764 ], [ -86.250781, 38.348464 ], [ -86.265003, 38.362005 ], [ -86.271063, 38.361121 ], [ -86.281798, 38.349081 ], [ -86.275142, 38.349515 ], [ -86.271472, 38.342036 ], [ -86.276557, 38.339366 ], [ -86.273474, 38.321105 ], [ -86.280807, 38.322545 ], [ -86.285314, 38.331987 ], [ -86.283222, 38.324182 ], [ -86.289724, 38.31652 ], [ -86.276218, 38.30854 ], [ -86.276688, 38.300713 ], [ -86.269594, 38.307942 ], [ -86.259348, 38.30614 ], [ -86.264795, 38.303228 ], [ -86.264873, 38.295168 ], [ -86.255122, 38.296499 ], [ -86.252839, 38.292978 ], [ -86.257004, 38.284011 ], [ -86.265547, 38.286246 ], [ -86.269301, 38.278453 ], [ -86.277069, 38.286476 ], [ -86.280521, 38.284587 ], [ -86.274762, 38.279956 ], [ -86.276956, 38.227126 ], [ -86.284282, 38.220693 ], [ -86.293301, 38.224579 ], [ -86.298119, 38.220921 ], [ -86.288647, 38.21356 ], [ -86.295082, 38.209066 ], [ -86.289721, 38.202027 ], [ -86.307641, 38.201636 ], [ -86.310558, 38.189311 ], [ -86.318196, 38.188104 ], [ -86.309963, 38.181841 ], [ -86.312786, 38.178126 ], [ -86.3312, 38.182394 ], [ -86.357717, 38.198807 ], [ -86.372065, 38.194956 ], [ -86.377611, 38.187225 ], [ -86.377915, 38.173172 ], [ -86.372331, 38.164606 ], [ -86.325874, 38.154029 ], [ -86.321133, 38.146586 ], [ -86.32512, 38.136339 ], [ -86.338671, 38.127882 ], [ -86.380768, 38.129018 ], [ -86.401879, 38.104329 ], [ -86.432344, 38.126336 ], [ -86.448991, 38.127321 ], [ -86.461023, 38.121097 ] ] ] } },
{ "type": "Feature", "properties": { "fipsCode": 18171, "stateAbbr": "IN", "NAME": "Warren", "NAMELSAD": "Warren County" }, "geometry": { "type": "Polygon", "coordinates": [ [ [ -87.336413, 40.225016 ], [ -87.358403, 40.210531 ], [ -87.4199, 40.192258 ], [ -87.437094, 40.16971 ], [ -87.433471, 40.153504 ], [ -87.406353, 40.141194 ], [ -87.406667, 40.127508 ], [ -87.49041, 40.127406 ], [ -87.490455, 40.148422 ], [ -87.531449, 40.148127 ], [ -87.526589, 40.476876 ], [ -87.092774, 40.475737 ], [ -87.092232, 40.366583 ], [ -87.134599, 40.339266 ], [ -87.173323, 40.333963 ], [ -87.245787, 40.308846 ], [ -87.249683, 40.299146 ], [ -87.281279, 40.278528 ], [ -87.295296, 40.256324 ], [ -87.314476, 40.248311 ], [ -87.336413, 40.225016 ] ] ] } },
{ "type": "Feature", "properties": { "fipsCode": 42065, "stateAbbr": "PA", "NAME": "Jefferson", "NAMELSAD": "Jefferson County" }, "geometry": { "type": "Polygon", "coordinates": [ [ [ -79.21531, 40.911346 ], [ -79.208878, 41.331861 ], [ -79.191952, 41.324274 ], [ -79.186045, 41.328821 ], [ -79.18659, 41.337952 ], [ -79.180248, 41.339308 ], [ -79.17526, 41.336248 ], [ -79.173034, 41.325339 ], [ -79.166814, 41.330697 ], [ -79.166118, 41.343994 ], [ -79.160531, 41.341699 ], [ -79.163067, 41.333105 ], [ -79.157596, 41.328754 ], [ -79.138159, 41.341782 ], [ -79.111346, 41.325088 ], [ -79.104743, 41.329398 ], [ -79.104977, 41.341526 ], [ -79.092101, 41.340606 ], [ -79.079123, 41.353598 ], [ -79.06333, 41.350107 ], [ -79.028572, 41.357523 ], [ -79.017425, 41.350092 ], [ -79.014053, 41.357634 ], [ -79.002854, 41.359307 ], [ -78.993127, 41.368512 ], [ -78.982161, 41.367431 ], [ -78.972519, 41.376515 ], [ -78.965216, 41.370076 ], [ -78.95946, 41.371487 ], [ -78.959257, 41.362161 ], [ -78.73528, 41.262915 ], [ -78.738214, 41.230672 ], [ -78.710059, 41.230243 ], [ -78.710248, 41.201859 ], [ -78.766377, 41.202759 ], [ -78.804532, 41.132186 ], [ -78.805167, 40.90598 ], [ -79.21531, 40.911346 ] ] ] } },
{ "type": "Feature", "properties": { "fipsCode": 18089, "stateAbbr": "IN", "NAME": "Lake", "NAMELSAD": "Lake County" }, "geometry": { "type": "Polygon", "coordinates": [ [ [ -87.333143, 41.182857 ], [ -87.380709, 41.172652 ], [ -87.393796, 41.162806 ], [ -87.414421, 41.162248 ], [ -87.446792, 41.174353 ], [ -87.526587, 41.16609 ], [ -87.523661, 41.759907 ], [ -87.221, 41.760889 ], [ -87.218862, 41.242027 ], [ -87.226324, 41.235513 ], [ -87.285611, 41.215264 ], [ -87.333143, 41.182857 ] ] ] } },
{ "type": "Feature", "properties": { "fipsCode": 54091, "stateAbbr": "WV", "NAME": "Taylor", "NAMELSAD": "Taylor County" }, "geometry": { "type": "Polygon", "coordinates": [ [ [ -79.961099, 39.268796 ], [ -80.023411, 39.247892 ], [ -80.150041, 39.23825 ], [ -80.166387, 39.242283 ], [ -80.187648, 39.267143 ], [ -80.199504, 39.27069 ], [ -80.202452, 39.278316 ], [ -80.202327, 39.373481 ], [ -80.198912, 39.375586 ], [ -80.205092, 39.381742 ], [ -80.200379, 39.385093 ], [ -80.202701, 39.390047 ], [ -80.119498, 39.401448 ], [ -80.110375, 39.410163 ], [ -80.098128, 39.402454 ], [ -80.087334, 39.386215 ], [ -80.025001, 39.401446 ], [ -80.011024, 39.417601 ], [ -79.938943, 39.452464 ], [ -79.894688, 39.435588 ], [ -79.895294, 39.299802 ], [ -79.904994, 39.303038 ], [ -79.908251, 39.289313 ], [ -79.915983, 39.294662 ], [ -79.932316, 39.289535 ], [ -79.93605, 39.296831 ], [ -79.942575, 39.296455 ], [ -79.942332, 39.290174 ], [ -79.950026, 39.281986 ], [ -79.956099, 39.281983 ], [ -79.961099, 39.268796 ] ] ] } },
{ "type": "Feature", "properties": { "fipsCode": 42031, "stateAbbr": "PA", "NAME": "Clarion", "NAMELSAD": "Clarion County" }, "geometry": { "type": "Polygon", "coordinates": [ [ [ -79.337621, 41.002485 ], [ -79.348035, 40.997652 ], [ -79.364833, 41.002186 ], [ -79.371477, 40.988496 ], [ -79.369387, 40.975293 ], [ -79.376769, 40.968284 ], [ -79.381642, 40.969686 ], [ -79.381998, 40.977269 ], [ -79.374611, 40.984382 ], [ -79.386684, 40.987488 ], [ -79.378091, 40.994347 ], [ -79.394714, 40.99475 ], [ -79.40395, 40.98825 ], [ -79.404653, 40.997789 ], [ -79.414691, 40.999439 ], [ -79.409644, 41.006064 ], [ -79.412319, 41.008471 ], [ -79.421238, 41.002676 ], [ -79.42712, 40.986171 ], [ -79.442741, 40.987264 ], [ -79.451022, 40.98173 ], [ -79.46223, 40.983112 ], [ -79.456581, 40.991057 ], [ -79.487894, 40.995583 ], [ -79.494785, 40.986181 ], [ -79.492992, 40.978357 ], [ -79.501453, 40.976585 ], [ -79.51517, 40.986856 ], [ -79.515232, 40.977839 ], [ -79.522428, 40.974958 ], [ -79.540035, 40.984514 ], [ -79.552624, 40.97978 ], [ -79.566194, 40.985799 ], [ -79.577525, 40.982911 ], [ -79.593422, 40.968819 ], [ -79.620787, 40.975167 ], [ -79.624481, 40.981836 ], [ -79.619067, 40.98896 ], [ -79.603368, 40.994798 ], [ -79.584896, 40.991557 ], [ -79.581774, 40.997982 ], [ -79.590164, 41.004028 ], [ -79.609458, 41.007218 ], [ -79.599529, 41.029432 ], [ -79.60118, 41.036874 ], [ -79.619365, 41.033348 ], [ -79.66595, 41.049347 ], [ -79.666579, 41.057149 ], [ -79.655527, 41.068429 ], [ -79.678394, 41.088801 ], [ -79.678773, 41.133351 ], [ -79.686719, 41.145077 ], [ -79.679652, 41.159866 ], [ -79.700581, 41.175059 ], [ -79.700432, 41.181525 ], [ -79.670125, 41.183116 ], [ -79.665368, 41.189024 ], [ -79.670614, 41.193166 ], [ -79.666323, 41.197136 ], [ -79.668892, 41.199075 ], [ -79.649628, 41.217912 ], [ -79.650394, 41.253709 ], [ -79.632875, 41.253599 ], [ -79.627561, 41.277183 ], [ -79.60461, 41.277072 ], [ -79.604161, 41.321478 ], [ -79.541474, 41.321008 ], [ -79.54143, 41.335951 ], [ -79.47814, 41.335708 ], [ -79.477822, 41.386479 ], [ -79.400439, 41.386579 ], [ -79.400269, 41.436145 ], [ -79.207196, 41.430922 ], [ -79.211252, 41.080669 ], [ -79.215214, 41.050515 ], [ -79.260656, 41.029345 ], [ -79.282498, 41.009824 ], [ -79.302571, 41.013531 ], [ -79.319163, 41.001797 ], [ -79.333869, 40.999033 ], [ -79.337621, 41.002485 ] ] ] } },
{ "type": "Feature", "properties": { "fipsCode": 18031, "stateAbbr": "IN", "NAME": "Decatur", "NAMELSAD": "Decatur County" }, "geometry": { "type": "Polygon", "coordinates": [ [ [ -85.29654, 39.268291 ], [ -85.56632, 39.132761 ], [ -85.686783, 39.130859 ], [ -85.684515, 39.350049 ], [ -85.63063, 39.350205 ], [ -85.629125, 39.452833 ], [ -85.297575, 39.453275 ], [ -85.29654, 39.268291 ] ] ] } },
{ "type": "Feature", "properties": { "fipsCode": 18037, "stateAbbr": "IN", "NAME": "Dubois", "NAMELSAD": "Dubois County" }, "geometry": { "type": "Polygon", "coordinates": [ [ [ -86.791497, 38.20513 ], [ -87.073141, 38.203821 ], [ -87.072369, 38.5147 ], [ -87.061208, 38.500703 ], [ -87.045073, 38.510865 ], [ -87.033151, 38.51218 ], [ -87.023427, 38.507225 ], [ -87.012329, 38.512256 ], [ -87.002412, 38.508543 ], [ -86.995219, 38.513553 ], [ -86.977992, 38.502388 ], [ -86.956217, 38.503439 ], [ -86.955963, 38.492162 ], [ -86.949965, 38.49037 ], [ -86.940638, 38.494125 ], [ -86.93908, 38.501869 ], [ -86.933048, 38.505367 ], [ -86.92343, 38.505306 ], [ -86.915681, 38.496237 ], [ -86.900552, 38.50129 ], [ -86.878902, 38.49492 ], [ -86.87075, 38.505767 ], [ -86.84418, 38.51517 ], [ -86.837462, 38.526468 ], [ -86.682359, 38.526378 ], [ -86.678992, 38.248062 ], [ -86.792152, 38.2491 ], [ -86.791497, 38.20513 ] ] ] } },
{ "type": "Feature", "properties": { "fipsCode": 18143, "stateAbbr": "IN", "NAME": "Scott", "NAMELSAD": "Scott County" }, "geometry": { "type": "Polygon", "coordinates": [ [ [ -85.812343, 38.582911 ], [ -85.812158, 38.575553 ], [ -85.821457, 38.57539 ], [ -85.821162, 38.561418 ], [ -85.847893, 38.561269 ], [ -85.848575, 38.576266 ], [ -85.885643, 38.575412 ], [ -85.888334, 38.734443 ], [ -85.881404, 38.725026 ], [ -85.879647, 38.729397 ], [ -85.869559, 38.726171 ], [ -85.870879, 38.729537 ], [ -85.847519, 38.734909 ], [ -85.841624, 38.740475 ], [ -85.843037, 38.745291 ], [ -85.832348, 38.751819 ], [ -85.829813, 38.764231 ], [ -85.819429, 38.776503 ], [ -85.804554, 38.779906 ], [ -85.80725, 38.789377 ], [ -85.794657, 38.808269 ], [ -85.783425, 38.807145 ], [ -85.776168, 38.812956 ], [ -85.771783, 38.809384 ], [ -85.767684, 38.815379 ], [ -85.757562, 38.814756 ], [ -85.75393, 38.820774 ], [ -85.747033, 38.815411 ], [ -85.74667, 38.822912 ], [ -85.742318, 38.818694 ], [ -85.730854, 38.824604 ], [ -85.733191, 38.831812 ], [ -85.723187, 38.823027 ], [ -85.712628, 38.828454 ], [ -85.703263, 38.816577 ], [ -85.683839, 38.815406 ], [ -85.683338, 38.736731 ], [ -85.664357, 38.736888 ], [ -85.664274, 38.730018 ], [ -85.646218, 38.729859 ], [ -85.64576, 38.708018 ], [ -85.608678, 38.707858 ], [ -85.60819, 38.67874 ], [ -85.57093, 38.678706 ], [ -85.56998, 38.606155 ], [ -85.793584, 38.604814 ], [ -85.793629, 38.590333 ], [ -85.803143, 38.590261 ], [ -85.802994, 38.58301 ], [ -85.812343, 38.582911 ] ] ] } },
{ "type": "Feature", "properties": { "fipsCode": 54059, "stateAbbr": "WV", "NAME": "Mingo", "NAMELSAD": "Mingo County" }, "geometry": { "type": "Polygon", "coordinates": [ [ [ -82.420644, 37.847632 ], [ -82.414757, 37.855509 ], [ -82.400577, 37.842681 ], [ -82.393987, 37.842609 ], [ -82.391139, 37.847086 ], [ -82.399988, 37.851383 ], [ -82.403743, 37.862894 ], [ -82.306391, 37.94364 ], [ -82.190658, 37.974778 ], [ -82.197169, 37.962696 ], [ -82.181107, 37.950937 ], [ -82.185847, 37.942479 ], [ -82.172238, 37.936485 ], [ -82.173275, 37.929321 ], [ -82.163476, 37.923469 ], [ -82.159835, 37.90754 ], [ -82.144385, 37.900884 ], [ -82.127864, 37.90081 ], [ -82.120161, 37.892392 ], [ -82.118542, 37.881789 ], [ -82.128809, 37.87785 ], [ -82.119874, 37.858216 ], [ -82.112334, 37.859708 ], [ -82.112816, 37.853148 ], [ -82.134802, 37.846645 ], [ -82.146176, 37.837862 ], [ -82.133639, 37.826251 ], [ -82.133455, 37.810396 ], [ -82.124854, 37.810833 ], [ -82.122878, 37.80474 ], [ -82.102067, 37.797864 ], [ -82.107081, 37.788675 ], [ -82.09989, 37.786983 ], [ -82.104131, 37.771025 ], [ -82.100361, 37.766947 ], [ -82.110996, 37.766239 ], [ -82.109349, 37.7593 ], [ -82.11704, 37.747606 ], [ -82.105628, 37.750512 ], [ -82.091169, 37.742209 ], [ -82.094026, 37.73473 ], [ -82.085222, 37.729786 ], [ -82.091989, 37.722535 ], [ -82.08564, 37.72167 ], [ -82.088288, 37.717573 ], [ -82.083839, 37.71389 ], [ -82.085948, 37.707094 ], [ -82.080751, 37.705932 ], [ -82.082648, 37.701565 ], [ -82.056933, 37.705797 ], [ -82.055676, 37.701531 ], [ -82.041254, 37.701589 ], [ -82.031789, 37.685811 ], [ -82.024014, 37.682273 ], [ -82.022647, 37.668151 ], [ -82.00103, 37.662461 ], [ -82.000404, 37.645271 ], [ -81.993444, 37.640607 ], [ -81.987344, 37.650607 ], [ -81.991844, 37.658307 ], [ -81.985444, 37.658907 ], [ -81.979944, 37.667807 ], [ -81.966644, 37.664507 ], [ -81.955443, 37.675007 ], [ -81.944826, 37.671219 ], [ -81.930238, 37.682011 ], [ -81.913442, 37.680007 ], [ -81.911742, 37.670107 ], [ -81.900541, 37.660908 ], [ -81.87484, 37.670108 ], [ -81.87064, 37.680108 ], [ -81.850284, 37.66437 ], [ -81.834339, 37.671908 ], [ -81.816601, 37.656008 ], [ -81.807838, 37.661809 ], [ -81.799737, 37.656509 ], [ -81.802437, 37.642309 ], [ -81.795537, 37.631509 ], [ -81.801537, 37.625109 ], [ -81.799337, 37.620509 ], [ -81.811337, 37.607009 ], [ -81.811937, 37.613809 ], [ -81.819238, 37.611009 ], [ -81.813037, 37.601509 ], [ -81.83001, 37.59691 ], [ -81.827938, 37.587709 ], [ -81.838138, 37.575209 ], [ -81.834338, 37.569209 ], [ -81.855839, 37.561809 ], [ -81.855939, 37.54891 ], [ -81.869439, 37.53781 ], [ -81.886347, 37.536572 ], [ -81.893714, 37.52516 ], [ -81.90945, 37.527005 ], [ -81.922628, 37.511914 ], [ -81.93374, 37.519491 ], [ -81.937761, 37.51358 ], [ -81.944259, 37.513277 ], [ -81.947613, 37.525908 ], [ -81.943853, 37.531161 ], [ -81.95418, 37.528144 ], [ -81.957528, 37.535505 ], [ -81.967718, 37.533097 ], [ -81.964872, 37.542937 ], [ -81.970092, 37.546724 ], [ -81.994149, 37.537745 ], [ -81.998289, 37.543298 ], [ -82.010808, 37.532865 ], [ -82.019617, 37.540645 ], [ -82.029638, 37.537849 ], [ -82.042983, 37.548064 ], [ -82.041998, 37.534193 ], [ -82.046155, 37.52794 ], [ -82.050299, 37.535436 ], [ -82.064835, 37.537196 ], [ -82.06391, 37.543125 ], [ -82.075179, 37.555853 ], [ -82.104026, 37.552872 ], [ -82.104808, 37.560191 ], [ -82.117997, 37.558987 ], [ -82.123414, 37.55153 ], [ -82.132085, 37.552366 ], [ -82.134424, 37.562928 ], [ -82.144914, 37.567655 ], [ -82.12624, 37.573738 ], [ -82.12734, 37.586545 ], [ -82.139885, 37.594967 ], [ -82.148382, 37.59072 ], [ -82.156851, 37.592723 ], [ -82.156683, 37.608969 ], [ -82.168775, 37.60908 ], [ -82.164246, 37.62029 ], [ -82.176726, 37.618152 ], [ -82.181198, 37.62151 ], [ -82.181691, 37.627147 ], [ -82.172412, 37.632634 ], [ -82.177636, 37.640849 ], [ -82.175075, 37.647832 ], [ -82.191116, 37.644586 ], [ -82.187228, 37.626984 ], [ -82.214499, 37.6254 ], [ -82.220503, 37.634769 ], [ -82.216848, 37.641598 ], [ -82.236066, 37.659634 ], [ -82.258068, 37.656883 ], [ -82.282486, 37.675925 ], [ -82.288119, 37.668108 ], [ -82.294561, 37.670433 ], [ -82.295032, 37.678053 ], [ -82.304314, 37.676093 ], [ -82.295924, 37.686182 ], [ -82.30294, 37.693611 ], [ -82.296375, 37.702185 ], [ -82.307678, 37.708006 ], [ -82.318854, 37.733695 ], [ -82.334174, 37.742771 ], [ -82.311545, 37.764579 ], [ -82.33338, 37.764414 ], [ -82.323886, 37.774995 ], [ -82.337465, 37.774914 ], [ -82.340086, 37.785625 ], [ -82.376641, 37.802207 ], [ -82.386725, 37.818225 ], [ -82.401322, 37.809512 ], [ -82.399346, 37.829523 ], [ -82.420644, 37.847632 ] ] ] } },
{ "type": "Feature", "properties": { "fipsCode": 18047, "stateAbbr": "IN", "NAME": "Franklin", "NAMELSAD": "Franklin County" }, "geometry": { "type": "Polygon", "coordinates": [ [ [ -84.81945, 39.305153 ], [ -85.217883, 39.308474 ], [ -85.29654, 39.268291 ], [ -85.298609, 39.525473 ], [ -84.815353, 39.52195 ], [ -84.81945, 39.305153 ] ] ] } },
{ "type": "Feature", "properties": { "fipsCode": 54097, "stateAbbr": "WV", "NAME": "Upshur", "NAMELSAD": "Upshur County" }, "geometry": { "type": "Polygon", "coordinates": [ [ [ -80.317982, 39.013441 ], [ -80.300209, 39.103857 ], [ -80.248771, 39.100809 ], [ -80.240394, 39.113145 ], [ -80.228716, 39.114393 ], [ -80.209469, 39.097357 ], [ -80.199636, 39.098558 ], [ -80.167831, 39.087583 ], [ -80.128198, 39.037795 ], [ -80.067139, 39.038037 ], [ -80.060967, 39.034166 ], [ -80.056117, 39.037263 ], [ -80.05379, 39.029009 ], [ -80.059128, 39.022028 ], [ -80.044393, 39.010927 ], [ -80.054939, 39.005345 ], [ -80.04694, 38.996702 ], [ -80.051744, 38.993902 ], [ -80.052651, 38.975163 ], [ -80.061702, 38.975087 ], [ -80.067482, 38.966858 ], [ -80.07247, 38.968467 ], [ -80.072869, 38.964152 ], [ -80.063889, 38.9582 ], [ -80.085181, 38.948443 ], [ -80.081854, 38.94536 ], [ -80.090274, 38.940105 ], [ -80.087461, 38.934265 ], [ -80.097326, 38.927954 ], [ -80.088392, 38.923979 ], [ -80.090539, 38.914199 ], [ -80.101508, 38.908585 ], [ -80.102813, 38.900225 ], [ -80.109384, 38.897337 ], [ -80.098387, 38.840549 ], [ -80.126105, 38.745836 ], [ -80.236831, 38.743765 ], [ -80.280059, 38.694867 ], [ -80.311546, 38.683995 ], [ -80.319985, 38.685063 ], [ -80.320055, 38.693413 ], [ -80.331777, 38.702028 ], [ -80.333332, 38.720024 ], [ -80.344868, 38.720336 ], [ -80.353197, 38.730633 ], [ -80.367884, 38.733255 ], [ -80.393063, 38.727571 ], [ -80.409541, 38.768327 ], [ -80.386989, 38.874808 ], [ -80.381806, 38.881455 ], [ -80.384276, 38.884756 ], [ -80.367778, 38.886613 ], [ -80.367768, 38.894552 ], [ -80.360794, 38.901287 ], [ -80.362539, 38.906669 ], [ -80.348055, 38.915673 ], [ -80.349815, 38.92053 ], [ -80.338442, 38.934906 ], [ -80.348576, 38.939593 ], [ -80.317486, 38.958647 ], [ -80.334484, 38.996586 ], [ -80.317982, 39.013441 ] ] ] } },
{ "type": "Feature", "properties": { "fipsCode": 39055, "stateAbbr": "OH", "NAME": "Geauga", "NAMELSAD": "Geauga County" }, "geometry": { "type": "Polygon", "coordinates": [ [ [ -81.102258, 41.714307 ], [ -81.002929, 41.714887 ], [ -81.003191, 41.347859 ], [ -81.391694, 41.348272 ], [ -81.391764, 41.424269 ], [ -81.374772, 41.424427 ], [ -81.374992, 41.445286 ], [ -81.391518, 41.445222 ], [ -81.391005, 41.569716 ], [ -81.29588, 41.56995 ], [ -81.294669, 41.640889 ], [ -81.101422, 41.641457 ], [ -81.102258, 41.714307 ] ] ] } },
{ "type": "Feature", "properties": { "fipsCode": 42045, "stateAbbr": "PA", "NAME": "Delaware", "NAMELSAD": "Delaware County" }, "geometry": { "type": "Polygon", "coordinates": [ [ [ -75.316531, 39.850012 ], [ -75.346315, 39.844159 ], [ -75.415062, 39.801919 ], [ -75.454036, 39.820666 ], [ -75.499906, 39.833693 ], [ -75.579926, 39.838862 ], [ -75.586569, 39.844351 ], [ -75.595568, 39.837644 ], [ -75.591997, 39.852535 ], [ -75.601532, 39.856433 ], [ -75.592563, 39.867871 ], [ -75.597914, 39.874464 ], [ -75.584761, 39.880978 ], [ -75.586249, 39.884814 ], [ -75.571162, 39.888136 ], [ -75.573381, 39.896397 ], [ -75.559291, 39.902984 ], [ -75.561308, 39.907429 ], [ -75.546416, 39.909731 ], [ -75.550454, 39.914931 ], [ -75.542494, 39.918417 ], [ -75.542734, 39.927181 ], [ -75.536109, 39.929926 ], [ -75.530238, 39.922123 ], [ -75.523505, 39.923142 ], [ -75.530475, 39.932049 ], [ -75.518963, 39.934302 ], [ -75.523816, 39.944124 ], [ -75.435816, 39.985059 ], [ -75.437692, 39.993894 ], [ -75.453771, 39.993589 ], [ -75.404338, 40.027364 ], [ -75.414991, 40.041787 ], [ -75.360069, 40.066196 ], [ -75.320699, 40.016216 ], [ -75.311432, 40.01981 ], [ -75.276482, 39.976959 ], [ -75.280266, 39.974964 ], [ -75.277656, 39.971209 ], [ -75.247479, 39.963528 ], [ -75.251496, 39.949251 ], [ -75.234742, 39.936884 ], [ -75.244381, 39.930399 ], [ -75.251288, 39.904403 ], [ -75.265113, 39.887524 ], [ -75.262528, 39.876561 ], [ -75.24047, 39.872381 ], [ -75.234122, 39.877181 ], [ -75.215722, 39.876087 ], [ -75.211463, 39.867004 ], [ -75.232849, 39.857281 ], [ -75.272202, 39.849076 ], [ -75.316531, 39.850012 ] ] ] } },
{ "type": "Feature", "properties": { "fipsCode": 18173, "stateAbbr": "IN", "NAME": "Warrick", "NAMELSAD": "Warrick County" }, "geometry": { "type": "Polygon", "coordinates": [ [ [ -87.169309, 38.013162 ], [ -87.183008, 38.010552 ], [ -87.175675, 38.006921 ], [ -87.175894, 38.002662 ], [ -87.183344, 38.002621 ], [ -87.196218, 37.987454 ], [ -87.226264, 37.971212 ], [ -87.231739, 37.948208 ], [ -87.240918, 37.952269 ], [ -87.265783, 37.928178 ], [ -87.268995, 37.878026 ], [ -87.318824, 37.905266 ], [ -87.344362, 37.910986 ], [ -87.386179, 37.937804 ], [ -87.414134, 37.944772 ], [ -87.451219, 37.940808 ], [ -87.449867, 38.03517 ], [ -87.473011, 38.035135 ], [ -87.466744, 38.201286 ], [ -87.31703, 38.201753 ], [ -87.313897, 38.246123 ], [ -87.298264, 38.246022 ], [ -87.298388, 38.231671 ], [ -87.073067, 38.232596 ], [ -87.073141, 38.203821 ], [ -87.01749, 38.20358 ], [ -87.017453, 38.118301 ], [ -87.072332, 38.11828 ], [ -87.074725, 38.097058 ], [ -87.088776, 38.084087 ], [ -87.097919, 38.059328 ], [ -87.088487, 38.049682 ], [ -87.125021, 38.043866 ], [ -87.132987, 38.055006 ], [ -87.148512, 38.058837 ], [ -87.15661, 38.040588 ], [ -87.154082, 38.032213 ], [ -87.16632, 38.030054 ], [ -87.154842, 38.02608 ], [ -87.152871, 38.020551 ], [ -87.169167, 38.018185 ], [ -87.169309, 38.013162 ] ] ] } },
{ "type": "Feature", "properties": { "fipsCode": 39115, "stateAbbr": "OH", "NAME": "Morgan", "NAMELSAD": "Morgan County" }, "geometry": { "type": "Polygon", "coordinates": [ [ [ -81.823158, 39.494072 ], [ -81.825757, 39.449172 ], [ -82.055779, 39.460053 ], [ -82.047528, 39.550825 ], [ -82.039605, 39.550217 ], [ -82.024219, 39.724686 ], [ -82.080224, 39.727673 ], [ -82.076639, 39.77096 ], [ -81.639886, 39.75342 ], [ -81.6432, 39.665681 ], [ -81.586132, 39.663993 ], [ -81.588185, 39.586973 ], [ -81.688884, 39.590511 ], [ -81.715522, 39.5834 ], [ -81.716337, 39.565963 ], [ -81.723511, 39.547608 ], [ -81.722217, 39.53155 ], [ -81.705075, 39.53099 ], [ -81.708527, 39.480775 ], [ -81.760955, 39.482773 ], [ -81.760959, 39.488583 ], [ -81.823158, 39.494072 ] ] ] } },
{ "type": "Feature", "properties": { "fipsCode": 39133, "stateAbbr": "OH", "NAME": "Portage", "NAMELSAD": "Portage County" }, "geometry": { "type": "Polygon", "coordinates": [ [ [ -81.391694, 41.348272 ], [ -81.003191, 41.347859 ], [ -81.002015, 40.987785 ], [ -81.393249, 40.988531 ], [ -81.391694, 41.348272 ] ] ] } },
{ "type": "Feature", "properties": { "fipsCode": 39043, "stateAbbr": "OH", "NAME": "Erie", "NAMELSAD": "Erie County" }, "geometry": { "type": "Polygon", "coordinates": [ [ [ -82.694724, 41.493944 ], [ -82.616147, 41.53293 ], [ -82.787402, 41.587738 ], [ -82.726427, 41.698308 ], [ -82.681119, 41.676328 ], [ -82.398348, 41.676524 ], [ -82.348122, 41.700057 ], [ -82.348183, 41.431943 ], [ -82.342337, 41.284244 ], [ -82.841475, 41.290023 ], [ -82.847706, 41.430495 ], [ -82.952936, 41.430172 ], [ -82.952224, 41.458239 ], [ -82.90665, 41.460215 ], [ -82.819491, 41.484952 ], [ -82.739223, 41.477755 ], [ -82.694724, 41.493944 ] ] ] } },
{ "type": "Feature", "properties": { "fipsCode": 42071, "stateAbbr": "PA", "NAME": "Lancaster", "NAMELSAD": "Lancaster County" }, "geometry": { "type": "Polygon", "coordinates": [ [ [ -75.93587, 40.037466 ], [ -75.994629, 39.952429 ], [ -75.980966, 39.933479 ], [ -75.981701, 39.929464 ], [ -75.997413, 39.928065 ], [ -75.995011, 39.898502 ], [ -75.986729, 39.892879 ], [ -75.992379, 39.882228 ], [ -75.98684, 39.873578 ], [ -75.991486, 39.868694 ], [ -76.002432, 39.874353 ], [ -76.007576, 39.852349 ], [ -76.022223, 39.850761 ], [ -76.016543, 39.831262 ], [ -76.022826, 39.8308 ], [ -76.027034, 39.824153 ], [ -76.037636, 39.826917 ], [ -76.02962, 39.81273 ], [ -76.035216, 39.811835 ], [ -76.039023, 39.801222 ], [ -76.049764, 39.802688 ], [ -76.04138, 39.796628 ], [ -76.064564, 39.771189 ], [ -76.062459, 39.764845 ], [ -76.066685, 39.759969 ], [ -76.081852, 39.761351 ], [ -76.086775, 39.745789 ], [ -76.094035, 39.742733 ], [ -76.100336, 39.745722 ], [ -76.101953, 39.739532 ], [ -76.092531, 39.733998 ], [ -76.095818, 39.729873 ], [ -76.106193, 39.724223 ], [ -76.111186, 39.728347 ], [ -76.108439, 39.734639 ], [ -76.113865, 39.737155 ], [ -76.120425, 39.735791 ], [ -76.119096, 39.723505 ], [ -76.134045, 39.727171 ], [ -76.135484, 39.721147 ], [ -76.239805, 39.721335 ], [ -76.242249, 39.732868 ], [ -76.267475, 39.759358 ], [ -76.277404, 39.77769 ], [ -76.315702, 39.810037 ], [ -76.333396, 39.817747 ], [ -76.350503, 39.837667 ], [ -76.35211, 39.849032 ], [ -76.377663, 39.866664 ], [ -76.379642, 39.888201 ], [ -76.39045, 39.911751 ], [ -76.477726, 39.949844 ], [ -76.495352, 39.976128 ], [ -76.500611, 40.000624 ], [ -76.529813, 40.031102 ], [ -76.533963, 40.050983 ], [ -76.573141, 40.045821 ], [ -76.663825, 40.063227 ], [ -76.693163, 40.098762 ], [ -76.72162, 40.12007 ], [ -76.715907, 40.131479 ], [ -76.706626, 40.135073 ], [ -76.709865, 40.137637 ], [ -76.699328, 40.145296 ], [ -76.697352, 40.15664 ], [ -76.690971, 40.156667 ], [ -76.690135, 40.148114 ], [ -76.683151, 40.151795 ], [ -76.677209, 40.148886 ], [ -76.666209, 40.16321 ], [ -76.63841, 40.166738 ], [ -76.606519, 40.18999 ], [ -76.586, 40.189544 ], [ -76.580708, 40.194687 ], [ -76.57026, 40.194559 ], [ -76.43541, 40.238221 ], [ -76.307578, 40.255066 ], [ -76.151215, 40.315971 ], [ -75.873375, 40.137107 ], [ -75.942997, 40.109266 ], [ -75.936135, 40.078585 ], [ -75.93587, 40.037466 ] ] ] } },
{ "type": "Feature", "properties": { "fipsCode": 39131, "stateAbbr": "OH", "NAME": "Pike", "NAMELSAD": "Pike County" }, "geometry": { "type": "Polygon", "coordinates": [ [ [ -83.353531, 39.197585 ], [ -82.785891, 39.168769 ], [ -82.80709, 38.948073 ], [ -83.212107, 38.960148 ], [ -83.214796, 38.962829 ], [ -83.21073, 38.969856 ], [ -83.217234, 38.971758 ], [ -83.214834, 38.991667 ], [ -83.234242, 38.998894 ], [ -83.237811, 39.009856 ], [ -83.268798, 39.014465 ], [ -83.285466, 39.023988 ], [ -83.288131, 39.029845 ], [ -83.310418, 39.042374 ], [ -83.314589, 39.052195 ], [ -83.385637, 39.055197 ], [ -83.353531, 39.197585 ] ] ] } },
{ "type": "Feature", "properties": { "fipsCode": 18017, "stateAbbr": "IN", "NAME": "Cass", "NAMELSAD": "Cass County" }, "geometry": { "type": "Polygon", "coordinates": [ [ [ -86.581532, 40.910925 ], [ -86.16851, 40.909447 ], [ -86.165024, 40.562649 ], [ -86.374417, 40.561361 ], [ -86.373521, 40.69246 ], [ -86.525164, 40.692419 ], [ -86.525143, 40.735445 ], [ -86.581739, 40.735765 ], [ -86.581532, 40.910925 ] ] ] } },
{ "type": "Feature", "properties": { "fipsCode": 18015, "stateAbbr": "IN", "NAME": "Carroll", "NAMELSAD": "Carroll County" }, "geometry": { "type": "Polygon", "coordinates": [ [ [ -86.525143, 40.735445 ], [ -86.525164, 40.692419 ], [ -86.373521, 40.69246 ], [ -86.375762, 40.431851 ], [ -86.694665, 40.432156 ], [ -86.695353, 40.561874 ], [ -86.771293, 40.562082 ], [ -86.77423, 40.664026 ], [ -86.758301, 40.664282 ], [ -86.742266, 40.679593 ], [ -86.762176, 40.67952 ], [ -86.748705, 40.688404 ], [ -86.761936, 40.700094 ], [ -86.758687, 40.710203 ], [ -86.747273, 40.717142 ], [ -86.756286, 40.721606 ], [ -86.756644, 40.728264 ], [ -86.747764, 40.73754 ], [ -86.525143, 40.735445 ] ] ] } },
{ "type": "Feature", "properties": { "fipsCode": 42101, "stateAbbr": "PA", "NAME": "Philadelphia", "NAMELSAD": "Philadelphia County" }, "geometry": { "type": "Polygon", "coordinates": [ [ [ -75.280266, 39.974964 ], [ -75.205978, 40.011723 ], [ -75.264431, 40.054094 ], [ -75.22361, 40.092907 ], [ -75.188461, 40.07275 ], [ -75.176438, 40.084649 ], [ -75.109406, 40.04584 ], [ -75.087425, 40.063599 ], [ -75.096733, 40.068989 ], [ -75.086906, 40.078648 ], [ -75.015066, 40.137992 ], [ -74.997885, 40.127816 ], [ -74.993894, 40.131883 ], [ -74.99435, 40.126219 ], [ -74.982515, 40.119989 ], [ -74.963174, 40.116675 ], [ -74.965607, 40.108091 ], [ -74.961787, 40.097773 ], [ -74.955763, 40.094982 ], [ -74.959085, 40.082349 ], [ -74.971299, 40.075841 ], [ -74.985152, 40.057199 ], [ -74.976214, 40.0477 ], [ -75.014864, 40.019895 ], [ -75.048831, 40.009182 ], [ -75.072237, 39.980125 ], [ -75.105077, 39.971596 ], [ -75.13108, 39.958909 ], [ -75.135912, 39.932445 ], [ -75.129396, 39.906629 ], [ -75.142343, 39.88521 ], [ -75.187035, 39.880635 ], [ -75.211975, 39.867464 ], [ -75.215722, 39.876087 ], [ -75.234122, 39.877181 ], [ -75.24047, 39.872381 ], [ -75.262528, 39.876561 ], [ -75.265113, 39.887524 ], [ -75.251288, 39.904403 ], [ -75.244381, 39.930399 ], [ -75.2348, 39.937337 ], [ -75.251442, 39.949139 ], [ -75.247778, 39.963876 ], [ -75.265388, 39.965224 ], [ -75.280266, 39.974964 ] ] ] } },
{ "type": "Feature", "properties": { "fipsCode": 18001, "stateAbbr": "IN", "NAME": "Adams", "NAMELSAD": "Adams County" }, "geometry": { "type": "Polygon", "coordinates": [ [ [ -84.802922, 40.922568 ], [ -84.802477, 40.572213 ], [ -85.068479, 40.56824 ], [ -85.073861, 40.917823 ], [ -84.802922, 40.922568 ] ] ] } },
{ "type": "Feature", "properties": { "fipsCode": 39105, "stateAbbr": "OH", "NAME": "Meigs", "NAMELSAD": "Meigs County" }, "geometry": { "type": "Polygon", "coordinates": [ [ [ -82.306669, 39.205494 ], [ -81.75608, 39.18056 ], [ -81.743677, 39.146909 ], [ -81.742353, 39.111277 ], [ -81.750339, 39.091691 ], [ -81.775555, 39.078377 ], [ -81.807054, 39.084078 ], [ -81.814054, 39.076479 ], [ -81.812354, 39.061279 ], [ -81.803355, 39.047678 ], [ -81.764253, 39.015279 ], [ -81.765153, 39.002579 ], [ -81.775069, 38.991387 ], [ -81.781589, 38.962275 ], [ -81.756131, 38.933546 ], [ -81.762658, 38.924123 ], [ -81.774105, 38.922964 ], [ -81.793372, 38.930203 ], [ -81.814235, 38.946168 ], [ -81.827354, 38.945898 ], [ -81.844486, 38.928746 ], [ -81.845312, 38.910088 ], [ -81.855971, 38.892734 ], [ -81.889233, 38.874279 ], [ -81.906856, 38.877566 ], [ -81.927999, 38.893492 ], [ -81.92667, 38.901311 ], [ -81.89847, 38.929603 ], [ -81.933186, 38.98766 ], [ -81.951447, 38.996032 ], [ -81.979371, 38.993193 ], [ -81.991361, 39.018378 ], [ -82.00599, 39.029387 ], [ -82.037749, 39.023865 ], [ -82.051063, 38.994878 ], [ -82.090165, 38.975278 ], [ -82.098965, 38.958378 ], [ -82.095465, 39.002778 ], [ -82.323894, 39.013154 ], [ -82.306669, 39.205494 ] ] ] } },
{ "type": "Feature", "properties": { "fipsCode": 54067, "stateAbbr": "WV", "NAME": "Nicholas", "NAMELSAD": "Nicholas County" }, "geometry": { "type": "Polygon", "coordinates": [ [ [ -80.902882, 38.420552 ], [ -80.817424, 38.478553 ], [ -80.825275, 38.494363 ], [ -80.864608, 38.500102 ], [ -80.881232, 38.507045 ], [ -80.785177, 38.557649 ], [ -80.77973, 38.556219 ], [ -80.77734, 38.548044 ], [ -80.760294, 38.541512 ], [ -80.750455, 38.525526 ], [ -80.736251, 38.524547 ], [ -80.737275, 38.532442 ], [ -80.723887, 38.536166 ], [ -80.719145, 38.53226 ], [ -80.71635, 38.536858 ], [ -80.700851, 38.533363 ], [ -80.697191, 38.537313 ], [ -80.688511, 38.531727 ], [ -80.650786, 38.52659 ], [ -80.678291, 38.503492 ], [ -80.640725, 38.424173 ], [ -80.661668, 38.41251 ], [ -80.633443, 38.375108 ], [ -80.62552, 38.354392 ], [ -80.612755, 38.366983 ], [ -80.609479, 38.358637 ], [ -80.436514, 38.267334 ], [ -80.711961, 38.079129 ], [ -80.882187, 38.103457 ], [ -80.876435, 38.110733 ], [ -80.887765, 38.121575 ], [ -80.882755, 38.13402 ], [ -80.887911, 38.135709 ], [ -80.902719, 38.122609 ], [ -80.910348, 38.13235 ], [ -80.908499, 38.143324 ], [ -80.919665, 38.141456 ], [ -80.927913, 38.151224 ], [ -80.940749, 38.155054 ], [ -80.951035, 38.176514 ], [ -80.941476, 38.181837 ], [ -80.948493, 38.185447 ], [ -80.944105, 38.193627 ], [ -80.956806, 38.202551 ], [ -80.964931, 38.200953 ], [ -80.969065, 38.215321 ], [ -80.983472, 38.22254 ], [ -81.007829, 38.221383 ], [ -81.011639, 38.214036 ], [ -81.007283, 38.206337 ], [ -81.017011, 38.203936 ], [ -81.020727, 38.214817 ], [ -81.034908, 38.220482 ], [ -81.027376, 38.230144 ], [ -81.028411, 38.2371 ], [ -81.038412, 38.239982 ], [ -81.038336, 38.228493 ], [ -81.059663, 38.221797 ], [ -81.051245, 38.212575 ], [ -81.069607, 38.210917 ], [ -81.071419, 38.206008 ], [ -81.065437, 38.200191 ], [ -81.074726, 38.196105 ], [ -81.08357, 38.19936 ], [ -81.084499, 38.204337 ], [ -81.110842, 38.213464 ], [ -81.133569, 38.23548 ], [ -81.143449, 38.23625 ], [ -81.154376, 38.22629 ], [ -81.176385, 38.233697 ], [ -81.192784, 38.228978 ], [ -81.194604, 38.23304 ], [ -81.185606, 38.23716 ], [ -81.193698, 38.241493 ], [ -81.192438, 38.249543 ], [ -81.22074, 38.254369 ], [ -81.220646, 38.261903 ], [ -81.231636, 38.263514 ], [ -80.902882, 38.420552 ] ] ] } }
]
}
